$date
	Wed Aug 12 11:13:23 2026
$end
$version
	Icarus Verilog
$end
$timescale
	1ps
$end
$scope module tb_wb_flash_busy_clear $end
$var wire 1 ! spi_miso_i $end
$var wire 32 " status_word [31:0] $end
$var wire 1 # spi_mosi_o $end
$var wire 1 $ spi_cs_n_o $end
$var wire 1 % spi_clk_o $end
$var wire 32 & dat_o [31:0] $end
$var wire 1 ' ack_o $end
$var parameter 32 ( CLK_HZ $end
$var parameter 32 ) CLK_PERIOD_NS $end
$var reg 32 * adr_i [31:0] $end
$var reg 1 + clk $end
$var reg 1 , cyc_i $end
$var reg 32 - dat_i [31:0] $end
$var reg 10 . prev_byte_count [9:0] $end
$var reg 4 / prev_state [3:0] $end
$var reg 1 0 rst $end
$var reg 4 1 sel_i [3:0] $end
$var reg 32 2 st [31:0] $end
$var reg 1 3 stb_i $end
$var reg 1 4 we_i $end
$var integer 32 5 i [31:0] $end
$var reg 1 6 ok $end
$scope module dut $end
$var wire 32 7 adr_i [31:0] $end
$var wire 1 + clk_i $end
$var wire 1 , cyc_i $end
$var wire 32 8 dat_i [31:0] $end
$var wire 1 0 rst_i $end
$var wire 4 9 sel_i [3:0] $end
$var wire 1 ! spi_miso_i $end
$var wire 1 3 stb_i $end
$var wire 1 : wb_valid $end
$var wire 1 4 we_i $end
$var wire 1 ; spi_xfer_done $end
$var wire 1 # spi_mosi_o $end
$var wire 8 < spi_data_out [7:0] $end
$var wire 1 $ spi_cs_n_o $end
$var wire 1 % spi_clk_o $end
$var wire 4 = reg_addr [3:0] $end
$var wire 1 > in_range $end
$var parameter 32 ? ADDR $end
$var parameter 32 @ CLOCK_RATE $end
$var parameter 8 A CMD_ERASE_4K $end
$var parameter 8 B CMD_ERASE_64K $end
$var parameter 8 C CMD_READ $end
$var parameter 8 D CMD_READ_JEDID $end
$var parameter 8 E CMD_READ_STATUS $end
$var parameter 8 F CMD_WRITE $end
$var parameter 8 G CMD_WRITE_ENABLE $end
$var parameter 3 H IDLE $end
$var parameter 32 I OP_TIMEOUT_CYCLES $end
$var parameter 4 J POLL_STATUS_CMD $end
$var parameter 4 K POLL_STATUS_DATA $end
$var parameter 3 L READ_ADDR $end
$var parameter 3 M READ_CMD $end
$var parameter 3 N READ_DATA $end
$var parameter 32 O SPI_CLOCK_RATE $end
$var parameter 32 P STAT_BUSY $end
$var parameter 32 Q STAT_WEL $end
$var parameter 3 R WRITE_ADDR $end
$var parameter 3 S WRITE_CMD $end
$var parameter 3 T WRITE_DATA $end
$var parameter 3 U WRITE_EN $end
$var reg 1 ' ack_o $end
$var reg 24 V address [23:0] $end
$var reg 1 W busy $end
$var reg 10 X byte_count [9:0] $end
$var reg 32 Y dat_o [31:0] $end
$var reg 1 Z op_erase $end
$var reg 32 [ op_timeout_counter [31:0] $end
$var reg 8 \ page_buf_offset [7:0] $end
$var reg 8 ] spi_data_in [7:0] $end
$var reg 1 ^ spi_hold_cs $end
$var reg 1 _ spi_waiting $end
$var reg 2 ` spi_xfer_len [1:0] $end
$var reg 1 a spi_xfer_start $end
$var reg 4 b state [3:0] $end
$var reg 8 c status_reg [7:0] $end
$var reg 1 d timeout_error $end
$scope module spi_inst $end
$var wire 1 + clk_i $end
$var wire 8 e data_in_i [7:0] $end
$var wire 1 ^ hold_cs_i $end
$var wire 1 0 rst_i $end
$var wire 1 ! spi_miso_i $end
$var wire 2 f xfer_len_i [1:0] $end
$var wire 1 a xfer_start_i $end
$var parameter 2 g ACTIVE $end
$var parameter 64 h CLK_DIV_MAX $end
$var parameter 32 i CLK_DIV_WIDTH $end
$var parameter 32 j CLOCK_RATE $end
$var parameter 2 k IDLE $end
$var parameter 32 l SPI_CLOCK_RATE $end
$var reg 5 m bit_cnt [4:0] $end
$var reg 16 n clk_div_cnt [15:0] $end
$var reg 8 o data_out_o [7:0] $end
$var reg 32 p shift_reg_in [31:0] $end
$var reg 32 q shift_reg_out [31:0] $end
$var reg 1 % spi_clk_o $end
$var reg 1 $ spi_cs_n_o $end
$var reg 1 # spi_mosi_o $end
$var reg 2 r state [1:0] $end
$var reg 1 ; xfer_done_o $end
$var reg 5 s xfer_len [4:0] $end
$upscope $end
$upscope $end
$scope task wait_for_busy_cycle $end
$upscope $end
$scope task wb_read $end
$upscope $end
$scope task wb_write $end
$upscope $end
$upscope $end
$enddefinitions $end
$comment Show the parameter values. $end
$dumpall
b100110001001011010000000 l
b0 k
b1011111010111100001000000 j
b10000 i
b1 h
b1 g
b100 U
b111 T
b101 S
b110 R
b1 Q
b0 P
b100110001001011010000000 O
b11 N
b1 M
b10 L
b1001 K
b1000 J
b110000110101000000 I
b0 H
b110 G
b10 F
b101 E
b10011111 D
b11 C
b11011000 B
b100000 A
b1011111010111100001000000 @
b10000000000000111000000000000 ?
b101000 )
b1011111010111100001000000 (
$end
#0
$dumpvars
bx s
bx r
bx q
bx p
bx o
bx n
bx m
bx f
bx e
xd
bx c
bx b
xa
bx `
x_
x^
bx ]
bx \
bx [
xZ
bx Y
bx X
xW
bx V
0>
b0 =
bx <
x;
0:
b1111 9
b0 8
b0 7
06
bx 5
04
03
bx 2
b1111 1
10
b1111 /
b1111111111 .
b0 -
0,
0+
b0 *
x'
bx &
x%
x$
x#
bx "
0!
$end
#20000
b0 p
b0 q
0;
1$
1#
0%
b0 n
b0 m
b0 r
b0 [
0d
0_
0Z
b0 "
b0 &
b0 Y
0'
0^
0a
b0 X
b0 \
b0 c
0W
b0 V
b0 b
1+
#40000
0+
#60000
1+
#80000
0+
#100000
1+
#120000
0+
#140000
1+
#160000
0+
#180000
1+
#200000
0+
#220000
1+
#240000
0+
#260000
1+
#280000
0+
#300000
1+
#320000
0+
#340000
1+
#360000
0+
#380000
1+
#400000
0+
#420000
1+
#440000
0+
#460000
1+
#480000
0+
#500000
1+
#520000
0+
#540000
1+
#560000
0+
#580000
1+
#600000
0+
#620000
1+
#640000
0+
#660000
1+
#680000
0+
#700000
1+
#720000
0+
#740000
1+
#760000
0+
#780000
00
1+
#800000
0+
#820000
b0 /
1+
#840000
0+
#860000
1+
#880000
0+
#900000
1+
#920000
0+
#940000
1+
#960000
0+
#980000
1+
#1000000
0+
#1020000
1+
#1040000
0+
#1060000
1+
#1080000
0+
#1100000
1+
#1120000
0+
#1140000
1+
#1160000
0+
#1180000
1+
#1200000
0+
#1220000
1+
#1240000
0+
#1260000
1+
#1280000
0+
#1300000
1+
#1320000
0+
#1340000
1+
#1360000
0+
#1380000
1+
#1400000
0+
#1420000
1+
#1440000
0+
#1460000
1+
#1480000
0+
#1500000
1+
#1520000
0+
#1540000
1+
#1560000
0+
#1580000
1+
#1600000
0+
#1620000
1:
1>
13
1,
b10000000000000111000000000000 *
b10000000000000111000000000000 7
1+
#1640000
0+
#1660000
1'
b10 "
b10 &
b10 Y
1+
#1680000
0+
#1700000
1'
1+
#1720000
0+
#1740000
0>
0:
b0 *
b0 7
03
0,
1'
b10 2
1+
#1760000
0+
#1780000
1:
1>
b1000 =
0'
13
1,
14
b10000000000000111000000001000 *
b10000000000000111000000001000 7
1+
#1800000
0+
#1820000
0>
b0 =
0:
b0 *
b0 7
04
03
0,
1'
1+
#1840000
0+
#1860000
1:
1>
b100 =
0'
13
1,
14
b1 -
b1 8
b10000000000000111000000000100 *
b10000000000000111000000000100 7
1+
#1880000
0+
#1900000
0>
b0 =
0:
b0 -
b0 8
b0 *
b0 7
04
03
0,
1'
b110000110101000000 [
1W
b1 b
1+
#1920000
0+
#1940000
1_
1a
1^
b0 `
b0 f
b11 ]
b11 e
b110000110100111111 [
0'
b1 /
1+
#1960000
0+
#1980000
b110000110100111110 [
0^
0a
b1 r
0$
b111 s
b11000000000000000000000000 q
1+
#2000000
0+
#2020000
b1 m
1%
b110000000000000000000000000 q
0#
b110000110100111101 [
1+
#2040000
0+
#2060000
b110000110100111100 [
0%
1+
#2080000
0+
#2100000
b10 m
1%
b1100000000000000000000000000 q
b110000110100111011 [
1+
#2120000
0+
#2140000
b110000110100111010 [
0%
1+
#2160000
0+
#2180000
b11 m
1%
b11000000000000000000000000000 q
b110000110100111001 [
1+
#2200000
0+
#2220000
b110000110100111000 [
0%
1+
#2240000
0+
#2260000
b100 m
1%
b110000000000000000000000000000 q
b110000110100110111 [
1+
#2280000
0+
#2300000
b110000110100110110 [
0%
1+
#2320000
0+
#2340000
b101 m
1%
b1100000000000000000000000000000 q
b110000110100110101 [
1+
#2360000
0+
#2380000
b110000110100110100 [
0%
1+
#2400000
0+
#2420000
b110 m
1%
b11000000000000000000000000000000 q
b110000110100110011 [
1+
#2440000
0+
#2460000
b110000110100110010 [
0%
1+
#2480000
0+
#2500000
b111 m
1%
b10000000000000000000000000000000 q
1#
b110000110100110001 [
1+
#2520000
0+
#2540000
b110000110100110000 [
b0 r
1;
b0 <
b0 o
1$
0%
1+
#2560000
0+
#2580000
0;
b10 b
0_
b110000110100101111 [
1+
#2600000
0+
#2620000
b10 /
1_
1a
1^
b0 ]
b0 e
b110000110100101110 [
1+
#2640000
0+
#2660000
b1 r
b0 m
0$
b0 q
b110000110100101101 [
0^
0a
1+
#2680000
0+
#2700000
b110000110100101100 [
b1 m
1%
0#
1+
#2720000
0+
#2740000
0%
b110000110100101011 [
1+
#2760000
0+
#2780000
b110000110100101010 [
b10 m
1%
1+
#2800000
0+
#2820000
0%
b110000110100101001 [
1+
#2840000
0+
#2860000
b110000110100101000 [
b11 m
1%
1+
#2880000
0+
#2900000
0%
b110000110100100111 [
1+
#2920000
0+
#2940000
b110000110100100110 [
b100 m
1%
1+
#2960000
0+
#2980000
0%
b110000110100100101 [
1+
#3000000
0+
#3020000
b110000110100100100 [
b101 m
1%
1+
#3040000
0+
#3060000
0%
b110000110100100011 [
1+
#3080000
0+
#3100000
b110000110100100010 [
b110 m
1%
1+
#3120000
0+
#3140000
0%
b110000110100100001 [
1+
#3160000
0+
#3180000
b110000110100100000 [
b111 m
1%
1+
#3200000
0+
#3220000
b0 r
1;
1$
0%
b110000110100011111 [
1+
#3240000
0+
#3260000
b1 X
0_
b110000110100011110 [
1#
0;
1+
#3280000
0+
#3300000
1_
1a
1^
b110000110100011101 [
1+
#3320000
0+
#3340000
b110000110100011100 [
0^
0a
b1 r
b0 m
0$
1+
#3360000
0+
#3380000
b1 m
1%
0#
b110000110100011011 [
1+
#3400000
0+
#3420000
b110000110100011010 [
0%
1+
#3440000
0+
#3460000
b10 m
1%
b110000110100011001 [
1+
#3480000
0+
#3500000
b110000110100011000 [
0%
1+
#3520000
0+
#3540000
b11 m
1%
b110000110100010111 [
1+
#3560000
0+
#3580000
b110000110100010110 [
0%
1+
#3600000
0+
#3620000
b100 m
1%
b110000110100010101 [
1+
#3640000
0+
#3660000
b110000110100010100 [
0%
1+
#3680000
0+
#3700000
b101 m
1%
b110000110100010011 [
1+
#3720000
0+
#3740000
b110000110100010010 [
0%
1+
#3760000
0+
#3780000
b110 m
1%
b110000110100010001 [
1+
#3800000
0+
#3820000
b110000110100010000 [
0%
1+
#3840000
0+
#3860000
b111 m
1%
b110000110100001111 [
1+
#3880000
0+
#3900000
b110000110100001110 [
b0 r
1;
1$
0%
1+
#3920000
0+
#3940000
1#
0;
b10 X
0_
b110000110100001101 [
1+
#3960000
0+
#3980000
1_
1a
1^
b110000110100001100 [
1+
#4000000
0+
#4020000
b1 r
b0 m
0$
b110000110100001011 [
0^
0a
1+
#4040000
0+
#4060000
b110000110100001010 [
b1 m
1%
0#
1+
#4080000
0+
#4100000
0%
b110000110100001001 [
1+
#4120000
0+
#4140000
b110000110100001000 [
b10 m
1%
1+
#4160000
0+
#4180000
0%
b110000110100000111 [
1+
#4200000
0+
#4220000
b110000110100000110 [
b11 m
1%
1+
#4240000
0+
#4260000
0%
b110000110100000101 [
1+
#4280000
0+
#4300000
b110000110100000100 [
b100 m
1%
1+
#4320000
0+
#4340000
0%
b110000110100000011 [
1+
#4360000
0+
#4380000
b110000110100000010 [
b101 m
1%
1+
#4400000
0+
#4420000
0%
b110000110100000001 [
1+
#4440000
0+
#4460000
b110000110100000000 [
b110 m
1%
1+
#4480000
0+
#4500000
0%
b110000110011111111 [
1+
#4520000
0+
#4540000
b110000110011111110 [
b111 m
1%
1+
#4560000
0+
#4580000
b0 r
1;
1$
0%
b110000110011111101 [
1+
#4600000
0+
#4620000
b11 b
b0 X
0_
b110000110011111100 [
1#
0;
1+
#4640000
0+
#4660000
1_
1a
1^
b110000110011111011 [
b11 /
1+
#4680000
0+
#4700000
b0 .
b110000110011111010 [
0^
0a
b1 r
b0 m
0$
1+
#4720000
0+
#4740000
b1 m
1%
0#
b110000110011111001 [
1+
#4760000
0+
#4780000
b110000110011111000 [
0%
1+
#4800000
0+
#4820000
b10 m
1%
b110000110011110111 [
1+
#4840000
0+
#4860000
b110000110011110110 [
0%
1+
#4880000
0+
#4900000
b11 m
1%
b110000110011110101 [
1+
#4920000
0+
#4940000
b110000110011110100 [
0%
1+
#4960000
0+
#4980000
b100 m
1%
b110000110011110011 [
1+
#5000000
0+
#5020000
b110000110011110010 [
0%
1+
#5040000
0+
#5060000
b101 m
1%
b110000110011110001 [
1+
#5080000
0+
#5100000
b110000110011110000 [
0%
1+
#5120000
0+
#5140000
b110 m
1%
b110000110011101111 [
1+
#5160000
0+
#5180000
b110000110011101110 [
0%
1+
#5200000
0+
#5220000
b111 m
1%
b110000110011101101 [
1+
#5240000
0+
#5260000
b110000110011101100 [
b0 r
1;
1$
0%
1+
#5280000
0+
#5300000
1#
0;
b1 \
b1 X
0_
b110000110011101011 [
1+
#5320000
0+
#5340000
1_
1a
1^
b110000110011101010 [
1+
#5360000
0+
#5380000
b1 r
b0 m
0$
b110000110011101001 [
0^
0a
1+
#5400000
0+
#5420000
b110000110011101000 [
b1 m
1%
0#
1+
#5440000
0+
#5460000
0%
b110000110011100111 [
1+
#5480000
0+
#5500000
b110000110011100110 [
b10 m
1%
1+
#5520000
0+
#5540000
0%
b110000110011100101 [
1+
#5560000
0+
#5580000
b110000110011100100 [
b11 m
1%
1+
#5600000
0+
#5620000
0%
b110000110011100011 [
1+
#5640000
0+
#5660000
b110000110011100010 [
b100 m
1%
1+
#5680000
0+
#5700000
0%
b110000110011100001 [
1+
#5720000
0+
#5740000
b110000110011100000 [
b101 m
1%
1+
#5760000
0+
#5780000
0%
b110000110011011111 [
1+
#5800000
0+
#5820000
b110000110011011110 [
b110 m
1%
1+
#5840000
0+
#5860000
0%
b110000110011011101 [
1+
#5880000
0+
#5900000
b110000110011011100 [
b111 m
1%
1+
#5920000
0+
#5940000
b0 r
1;
1$
0%
b110000110011011011 [
1+
#5960000
0+
#5980000
b10 \
b10 X
0_
b110000110011011010 [
1#
0;
1+
#6000000
0+
#6020000
1_
1a
1^
b110000110011011001 [
1+
#6040000
0+
#6060000
b110000110011011000 [
0^
0a
b1 r
b0 m
0$
1+
#6080000
0+
#6100000
b1 m
1%
0#
b110000110011010111 [
1+
#6120000
0+
#6140000
b110000110011010110 [
0%
1+
#6160000
0+
#6180000
b10 m
1%
b110000110011010101 [
1+
#6200000
0+
#6220000
b110000110011010100 [
0%
1+
#6240000
0+
#6260000
b11 m
1%
b110000110011010011 [
1+
#6280000
0+
#6300000
b110000110011010010 [
0%
1+
#6320000
0+
#6340000
b100 m
1%
b110000110011010001 [
1+
#6360000
0+
#6380000
b110000110011010000 [
0%
1+
#6400000
0+
#6420000
b101 m
1%
b110000110011001111 [
1+
#6440000
0+
#6460000
b110000110011001110 [
0%
1+
#6480000
0+
#6500000
b110 m
1%
b110000110011001101 [
1+
#6520000
0+
#6540000
b110000110011001100 [
0%
1+
#6560000
0+
#6580000
b111 m
1%
b110000110011001011 [
1+
#6600000
0+
#6620000
b110000110011001010 [
b0 r
1;
1$
0%
1+
#6640000
0+
#6660000
1#
0;
b11 \
b11 X
0_
b110000110011001001 [
1+
#6680000
0+
#6700000
1_
1a
1^
b110000110011001000 [
1+
#6720000
0+
#6740000
b1 r
b0 m
0$
b110000110011000111 [
0^
0a
1+
#6760000
0+
#6780000
b110000110011000110 [
b1 m
1%
0#
1+
#6800000
0+
#6820000
0%
b110000110011000101 [
1+
#6840000
0+
#6860000
b110000110011000100 [
b10 m
1%
1+
#6880000
0+
#6900000
0%
b110000110011000011 [
1+
#6920000
0+
#6940000
b110000110011000010 [
b11 m
1%
1+
#6960000
0+
#6980000
0%
b110000110011000001 [
1+
#7000000
0+
#7020000
b110000110011000000 [
b100 m
1%
1+
#7040000
0+
#7060000
0%
b110000110010111111 [
1+
#7080000
0+
#7100000
b110000110010111110 [
b101 m
1%
1+
#7120000
0+
#7140000
0%
b110000110010111101 [
1+
#7160000
0+
#7180000
b110000110010111100 [
b110 m
1%
1+
#7200000
0+
#7220000
0%
b110000110010111011 [
1+
#7240000
0+
#7260000
b110000110010111010 [
b111 m
1%
1+
#7280000
0+
#7300000
b0 r
1;
1$
0%
b110000110010111001 [
1+
#7320000
0+
#7340000
b100 \
b100 X
0_
b110000110010111000 [
1#
0;
1+
#7360000
0+
#7380000
1_
1a
1^
b110000110010110111 [
1+
#7400000
0+
#7420000
b110000110010110110 [
0^
0a
b1 r
b0 m
0$
1+
#7440000
0+
#7460000
b1 m
1%
0#
b110000110010110101 [
1+
#7480000
0+
#7500000
b110000110010110100 [
0%
1+
#7520000
0+
#7540000
b10 m
1%
b110000110010110011 [
1+
#7560000
0+
#7580000
b110000110010110010 [
0%
1+
#7600000
0+
#7620000
b11 m
1%
b110000110010110001 [
1+
#7640000
0+
#7660000
b110000110010110000 [
0%
1+
#7680000
0+
#7700000
b100 m
1%
b110000110010101111 [
1+
#7720000
0+
#7740000
b110000110010101110 [
0%
1+
#7760000
0+
#7780000
b101 m
1%
b110000110010101101 [
1+
#7800000
0+
#7820000
b110000110010101100 [
0%
1+
#7840000
0+
#7860000
b110 m
1%
b110000110010101011 [
1+
#7880000
0+
#7900000
b110000110010101010 [
0%
1+
#7920000
0+
#7940000
b111 m
1%
b110000110010101001 [
1+
#7960000
0+
#7980000
b110000110010101000 [
b0 r
1;
1$
0%
1+
#8000000
0+
#8020000
1#
0;
b101 \
b101 X
0_
b110000110010100111 [
1+
#8040000
0+
#8060000
1_
1a
1^
b110000110010100110 [
1+
#8080000
0+
#8100000
b1 r
b0 m
0$
b110000110010100101 [
0^
0a
1+
#8120000
0+
#8140000
b110000110010100100 [
b1 m
1%
0#
1+
#8160000
0+
#8180000
0%
b110000110010100011 [
1+
#8200000
0+
#8220000
b110000110010100010 [
b10 m
1%
1+
#8240000
0+
#8260000
0%
b110000110010100001 [
1+
#8280000
0+
#8300000
b110000110010100000 [
b11 m
1%
1+
#8320000
0+
#8340000
0%
b110000110010011111 [
1+
#8360000
0+
#8380000
b110000110010011110 [
b100 m
1%
1+
#8400000
0+
#8420000
0%
b110000110010011101 [
1+
#8440000
0+
#8460000
b110000110010011100 [
b101 m
1%
1+
#8480000
0+
#8500000
0%
b110000110010011011 [
1+
#8520000
0+
#8540000
b110000110010011010 [
b110 m
1%
1+
#8560000
0+
#8580000
0%
b110000110010011001 [
1+
#8600000
0+
#8620000
b110000110010011000 [
b111 m
1%
1+
#8640000
0+
#8660000
b0 r
1;
1$
0%
b110000110010010111 [
1+
#8680000
0+
#8700000
b110 \
b110 X
0_
b110000110010010110 [
1#
0;
1+
#8720000
0+
#8740000
1_
1a
1^
b110000110010010101 [
1+
#8760000
0+
#8780000
b110000110010010100 [
0^
0a
b1 r
b0 m
0$
1+
#8800000
0+
#8820000
b1 m
1%
0#
b110000110010010011 [
1+
#8840000
0+
#8860000
b110000110010010010 [
0%
1+
#8880000
0+
#8900000
b10 m
1%
b110000110010010001 [
1+
#8920000
0+
#8940000
b110000110010010000 [
0%
1+
#8960000
0+
#8980000
b11 m
1%
b110000110010001111 [
1+
#9000000
0+
#9020000
b110000110010001110 [
0%
1+
#9040000
0+
#9060000
b100 m
1%
b110000110010001101 [
1+
#9080000
0+
#9100000
b110000110010001100 [
0%
1+
#9120000
0+
#9140000
b101 m
1%
b110000110010001011 [
1+
#9160000
0+
#9180000
b110000110010001010 [
0%
1+
#9200000
0+
#9220000
b110 m
1%
b110000110010001001 [
1+
#9240000
0+
#9260000
b110000110010001000 [
0%
1+
#9280000
0+
#9300000
b111 m
1%
b110000110010000111 [
1+
#9320000
0+
#9340000
b110000110010000110 [
b0 r
1;
1$
0%
1+
#9360000
0+
#9380000
1#
0;
b111 \
b111 X
0_
b110000110010000101 [
1+
#9400000
0+
#9420000
1_
1a
1^
b110000110010000100 [
1+
#9440000
0+
#9460000
b1 r
b0 m
0$
b110000110010000011 [
0^
0a
1+
#9480000
0+
#9500000
b110000110010000010 [
b1 m
1%
0#
1+
#9520000
0+
#9540000
0%
b110000110010000001 [
1+
#9560000
0+
#9580000
b110000110010000000 [
b10 m
1%
1+
#9600000
0+
#9620000
0%
b110000110001111111 [
1+
#9640000
0+
#9660000
b110000110001111110 [
b11 m
1%
1+
#9680000
0+
#9700000
0%
b110000110001111101 [
1+
#9720000
0+
#9740000
b110000110001111100 [
b100 m
1%
1+
#9760000
0+
#9780000
0%
b110000110001111011 [
1+
#9800000
0+
#9820000
b110000110001111010 [
b101 m
1%
1+
#9840000
0+
#9860000
0%
b110000110001111001 [
1+
#9880000
0+
#9900000
b110000110001111000 [
b110 m
1%
1+
#9920000
0+
#9940000
0%
b110000110001110111 [
1+
#9960000
0+
#9980000
b110000110001110110 [
b111 m
1%
1+
#10000000
0+
#10020000
b0 r
1;
1$
0%
b110000110001110101 [
1+
#10040000
0+
#10060000
b1000 \
b1000 X
0_
b110000110001110100 [
1#
0;
1+
#10080000
0+
#10100000
1_
1a
1^
b110000110001110011 [
1+
#10120000
0+
#10140000
b110000110001110010 [
0^
0a
b1 r
b0 m
0$
1+
#10160000
0+
#10180000
b1 m
1%
0#
b110000110001110001 [
1+
#10200000
0+
#10220000
b110000110001110000 [
0%
1+
#10240000
0+
#10260000
b10 m
1%
b110000110001101111 [
1+
#10280000
0+
#10300000
b110000110001101110 [
0%
1+
#10320000
0+
#10340000
b11 m
1%
b110000110001101101 [
1+
#10360000
0+
#10380000
b110000110001101100 [
0%
1+
#10400000
0+
#10420000
b100 m
1%
b110000110001101011 [
1+
#10440000
0+
#10460000
b110000110001101010 [
0%
1+
#10480000
0+
#10500000
b101 m
1%
b110000110001101001 [
1+
#10520000
0+
#10540000
b110000110001101000 [
0%
1+
#10560000
0+
#10580000
b110 m
1%
b110000110001100111 [
1+
#10600000
0+
#10620000
b110000110001100110 [
0%
1+
#10640000
0+
#10660000
b111 m
1%
b110000110001100101 [
1+
#10680000
0+
#10700000
b110000110001100100 [
b0 r
1;
1$
0%
1+
#10720000
0+
#10740000
1#
0;
b1001 \
b1001 X
0_
b110000110001100011 [
1+
#10760000
0+
#10780000
1_
1a
1^
b110000110001100010 [
1+
#10800000
0+
#10820000
b1 r
b0 m
0$
b110000110001100001 [
0^
0a
1+
#10840000
0+
#10860000
b110000110001100000 [
b1 m
1%
0#
1+
#10880000
0+
#10900000
0%
b110000110001011111 [
1+
#10920000
0+
#10940000
b110000110001011110 [
b10 m
1%
1+
#10960000
0+
#10980000
0%
b110000110001011101 [
1+
#11000000
0+
#11020000
b110000110001011100 [
b11 m
1%
1+
#11040000
0+
#11060000
0%
b110000110001011011 [
1+
#11080000
0+
#11100000
b110000110001011010 [
b100 m
1%
1+
#11120000
0+
#11140000
0%
b110000110001011001 [
1+
#11160000
0+
#11180000
b110000110001011000 [
b101 m
1%
1+
#11200000
0+
#11220000
0%
b110000110001010111 [
1+
#11240000
0+
#11260000
b110000110001010110 [
b110 m
1%
1+
#11280000
0+
#11300000
0%
b110000110001010101 [
1+
#11320000
0+
#11340000
b110000110001010100 [
b111 m
1%
1+
#11360000
0+
#11380000
b0 r
1;
1$
0%
b110000110001010011 [
1+
#11400000
0+
#11420000
b1010 \
b1010 X
0_
b110000110001010010 [
1#
0;
1+
#11440000
0+
#11460000
1_
1a
1^
b110000110001010001 [
1+
#11480000
0+
#11500000
b110000110001010000 [
0^
0a
b1 r
b0 m
0$
1+
#11520000
0+
#11540000
b1 m
1%
0#
b110000110001001111 [
1+
#11560000
0+
#11580000
b110000110001001110 [
0%
1+
#11600000
0+
#11620000
b10 m
1%
b110000110001001101 [
1+
#11640000
0+
#11660000
b110000110001001100 [
0%
1+
#11680000
0+
#11700000
b11 m
1%
b110000110001001011 [
1+
#11720000
0+
#11740000
b110000110001001010 [
0%
1+
#11760000
0+
#11780000
b100 m
1%
b110000110001001001 [
1+
#11800000
0+
#11820000
b110000110001001000 [
0%
1+
#11840000
0+
#11860000
b101 m
1%
b110000110001000111 [
1+
#11880000
0+
#11900000
b110000110001000110 [
0%
1+
#11920000
0+
#11940000
b110 m
1%
b110000110001000101 [
1+
#11960000
0+
#11980000
b110000110001000100 [
0%
1+
#12000000
0+
#12020000
b111 m
1%
b110000110001000011 [
1+
#12040000
0+
#12060000
b110000110001000010 [
b0 r
1;
1$
0%
1+
#12080000
0+
#12100000
1#
0;
b1011 \
b1011 X
0_
b110000110001000001 [
1+
#12120000
0+
#12140000
1_
1a
1^
b110000110001000000 [
1+
#12160000
0+
#12180000
b1 r
b0 m
0$
b110000110000111111 [
0^
0a
1+
#12200000
0+
#12220000
b110000110000111110 [
b1 m
1%
0#
1+
#12240000
0+
#12260000
0%
b110000110000111101 [
1+
#12280000
0+
#12300000
b110000110000111100 [
b10 m
1%
1+
#12320000
0+
#12340000
0%
b110000110000111011 [
1+
#12360000
0+
#12380000
b110000110000111010 [
b11 m
1%
1+
#12400000
0+
#12420000
0%
b110000110000111001 [
1+
#12440000
0+
#12460000
b110000110000111000 [
b100 m
1%
1+
#12480000
0+
#12500000
0%
b110000110000110111 [
1+
#12520000
0+
#12540000
b110000110000110110 [
b101 m
1%
1+
#12560000
0+
#12580000
0%
b110000110000110101 [
1+
#12600000
0+
#12620000
b110000110000110100 [
b110 m
1%
1+
#12640000
0+
#12660000
0%
b110000110000110011 [
1+
#12680000
0+
#12700000
b110000110000110010 [
b111 m
1%
1+
#12720000
0+
#12740000
b0 r
1;
1$
0%
b110000110000110001 [
1+
#12760000
0+
#12780000
b1100 \
b1100 X
0_
b110000110000110000 [
1#
0;
1+
#12800000
0+
#12820000
1_
1a
1^
b110000110000101111 [
1+
#12840000
0+
#12860000
b110000110000101110 [
0^
0a
b1 r
b0 m
0$
1+
#12880000
0+
#12900000
b1 m
1%
0#
b110000110000101101 [
1+
#12920000
0+
#12940000
b110000110000101100 [
0%
1+
#12960000
0+
#12980000
b10 m
1%
b110000110000101011 [
1+
#13000000
0+
#13020000
b110000110000101010 [
0%
1+
#13040000
0+
#13060000
b11 m
1%
b110000110000101001 [
1+
#13080000
0+
#13100000
b110000110000101000 [
0%
1+
#13120000
0+
#13140000
b100 m
1%
b110000110000100111 [
1+
#13160000
0+
#13180000
b110000110000100110 [
0%
1+
#13200000
0+
#13220000
b101 m
1%
b110000110000100101 [
1+
#13240000
0+
#13260000
b110000110000100100 [
0%
1+
#13280000
0+
#13300000
b110 m
1%
b110000110000100011 [
1+
#13320000
0+
#13340000
b110000110000100010 [
0%
1+
#13360000
0+
#13380000
b111 m
1%
b110000110000100001 [
1+
#13400000
0+
#13420000
b110000110000100000 [
b0 r
1;
1$
0%
1+
#13440000
0+
#13460000
1#
0;
b1101 \
b1101 X
0_
b110000110000011111 [
1+
#13480000
0+
#13500000
1_
1a
1^
b110000110000011110 [
1+
#13520000
0+
#13540000
b1 r
b0 m
0$
b110000110000011101 [
0^
0a
1+
#13560000
0+
#13580000
b110000110000011100 [
b1 m
1%
0#
1+
#13600000
0+
#13620000
0%
b110000110000011011 [
1+
#13640000
0+
#13660000
b110000110000011010 [
b10 m
1%
1+
#13680000
0+
#13700000
0%
b110000110000011001 [
1+
#13720000
0+
#13740000
b110000110000011000 [
b11 m
1%
1+
#13760000
0+
#13780000
0%
b110000110000010111 [
1+
#13800000
0+
#13820000
b110000110000010110 [
b100 m
1%
1+
#13840000
0+
#13860000
0%
b110000110000010101 [
1+
#13880000
0+
#13900000
b110000110000010100 [
b101 m
1%
1+
#13920000
0+
#13940000
0%
b110000110000010011 [
1+
#13960000
0+
#13980000
b110000110000010010 [
b110 m
1%
1+
#14000000
0+
#14020000
0%
b110000110000010001 [
1+
#14040000
0+
#14060000
b110000110000010000 [
b111 m
1%
1+
#14080000
0+
#14100000
b0 r
1;
1$
0%
b110000110000001111 [
1+
#14120000
0+
#14140000
b1110 \
b1110 X
0_
b110000110000001110 [
1#
0;
1+
#14160000
0+
#14180000
1_
1a
1^
b110000110000001101 [
1+
#14200000
0+
#14220000
b110000110000001100 [
0^
0a
b1 r
b0 m
0$
1+
#14240000
0+
#14260000
b1 m
1%
0#
b110000110000001011 [
1+
#14280000
0+
#14300000
b110000110000001010 [
0%
1+
#14320000
0+
#14340000
b10 m
1%
b110000110000001001 [
1+
#14360000
0+
#14380000
b110000110000001000 [
0%
1+
#14400000
0+
#14420000
b11 m
1%
b110000110000000111 [
1+
#14440000
0+
#14460000
b110000110000000110 [
0%
1+
#14480000
0+
#14500000
b100 m
1%
b110000110000000101 [
1+
#14520000
0+
#14540000
b110000110000000100 [
0%
1+
#14560000
0+
#14580000
b101 m
1%
b110000110000000011 [
1+
#14600000
0+
#14620000
b110000110000000010 [
0%
1+
#14640000
0+
#14660000
b110 m
1%
b110000110000000001 [
1+
#14680000
0+
#14700000
b110000110000000000 [
0%
1+
#14720000
0+
#14740000
b111 m
1%
b110000101111111111 [
1+
#14760000
0+
#14780000
b110000101111111110 [
b0 r
1;
1$
0%
1+
#14800000
0+
#14820000
1#
0;
b1111 \
b1111 X
0_
b110000101111111101 [
1+
#14840000
0+
#14860000
1_
1a
1^
b110000101111111100 [
1+
#14880000
0+
#14900000
b1 r
b0 m
0$
b110000101111111011 [
0^
0a
1+
#14920000
0+
#14940000
b110000101111111010 [
b1 m
1%
0#
1+
#14960000
0+
#14980000
0%
b110000101111111001 [
1+
#15000000
0+
#15020000
b110000101111111000 [
b10 m
1%
1+
#15040000
0+
#15060000
0%
b110000101111110111 [
1+
#15080000
0+
#15100000
b110000101111110110 [
b11 m
1%
1+
#15120000
0+
#15140000
0%
b110000101111110101 [
1+
#15160000
0+
#15180000
b110000101111110100 [
b100 m
1%
1+
#15200000
0+
#15220000
0%
b110000101111110011 [
1+
#15240000
0+
#15260000
b110000101111110010 [
b101 m
1%
1+
#15280000
0+
#15300000
0%
b110000101111110001 [
1+
#15320000
0+
#15340000
b110000101111110000 [
b110 m
1%
1+
#15360000
0+
#15380000
0%
b110000101111101111 [
1+
#15400000
0+
#15420000
b110000101111101110 [
b111 m
1%
1+
#15440000
0+
#15460000
b0 r
1;
1$
0%
b110000101111101101 [
1+
#15480000
0+
#15500000
b10000 \
b10000 X
0_
b110000101111101100 [
1#
0;
1+
#15520000
0+
#15540000
1_
1a
1^
b110000101111101011 [
1+
#15560000
0+
#15580000
b110000101111101010 [
0^
0a
b1 r
b0 m
0$
1+
#15600000
0+
#15620000
b1 m
1%
0#
b110000101111101001 [
1+
#15640000
0+
#15660000
b110000101111101000 [
0%
1+
#15680000
0+
#15700000
b10 m
1%
b110000101111100111 [
1+
#15720000
0+
#15740000
b110000101111100110 [
0%
1+
#15760000
0+
#15780000
b11 m
1%
b110000101111100101 [
1+
#15800000
0+
#15820000
b110000101111100100 [
0%
1+
#15840000
0+
#15860000
b100 m
1%
b110000101111100011 [
1+
#15880000
0+
#15900000
b110000101111100010 [
0%
1+
#15920000
0+
#15940000
b101 m
1%
b110000101111100001 [
1+
#15960000
0+
#15980000
b110000101111100000 [
0%
1+
#16000000
0+
#16020000
b110 m
1%
b110000101111011111 [
1+
#16040000
0+
#16060000
b110000101111011110 [
0%
1+
#16080000
0+
#16100000
b111 m
1%
b110000101111011101 [
1+
#16120000
0+
#16140000
b110000101111011100 [
b0 r
1;
1$
0%
1+
#16160000
0+
#16180000
1#
0;
b10001 \
b10001 X
0_
b110000101111011011 [
1+
#16200000
0+
#16220000
1_
1a
1^
b110000101111011010 [
1+
#16240000
0+
#16260000
b1 r
b0 m
0$
b110000101111011001 [
0^
0a
1+
#16280000
0+
#16300000
b110000101111011000 [
b1 m
1%
0#
1+
#16320000
0+
#16340000
0%
b110000101111010111 [
1+
#16360000
0+
#16380000
b110000101111010110 [
b10 m
1%
1+
#16400000
0+
#16420000
0%
b110000101111010101 [
1+
#16440000
0+
#16460000
b110000101111010100 [
b11 m
1%
1+
#16480000
0+
#16500000
0%
b110000101111010011 [
1+
#16520000
0+
#16540000
b110000101111010010 [
b100 m
1%
1+
#16560000
0+
#16580000
0%
b110000101111010001 [
1+
#16600000
0+
#16620000
b110000101111010000 [
b101 m
1%
1+
#16640000
0+
#16660000
0%
b110000101111001111 [
1+
#16680000
0+
#16700000
b110000101111001110 [
b110 m
1%
1+
#16720000
0+
#16740000
0%
b110000101111001101 [
1+
#16760000
0+
#16780000
b110000101111001100 [
b111 m
1%
1+
#16800000
0+
#16820000
b0 r
1;
1$
0%
b110000101111001011 [
1+
#16840000
0+
#16860000
b10010 \
b10010 X
0_
b110000101111001010 [
1#
0;
1+
#16880000
0+
#16900000
1_
1a
1^
b110000101111001001 [
1+
#16920000
0+
#16940000
b110000101111001000 [
0^
0a
b1 r
b0 m
0$
1+
#16960000
0+
#16980000
b1 m
1%
0#
b110000101111000111 [
1+
#17000000
0+
#17020000
b110000101111000110 [
0%
1+
#17040000
0+
#17060000
b10 m
1%
b110000101111000101 [
1+
#17080000
0+
#17100000
b110000101111000100 [
0%
1+
#17120000
0+
#17140000
b11 m
1%
b110000101111000011 [
1+
#17160000
0+
#17180000
b110000101111000010 [
0%
1+
#17200000
0+
#17220000
b100 m
1%
b110000101111000001 [
1+
#17240000
0+
#17260000
b110000101111000000 [
0%
1+
#17280000
0+
#17300000
b101 m
1%
b110000101110111111 [
1+
#17320000
0+
#17340000
b110000101110111110 [
0%
1+
#17360000
0+
#17380000
b110 m
1%
b110000101110111101 [
1+
#17400000
0+
#17420000
b110000101110111100 [
0%
1+
#17440000
0+
#17460000
b111 m
1%
b110000101110111011 [
1+
#17480000
0+
#17500000
b110000101110111010 [
b0 r
1;
1$
0%
1+
#17520000
0+
#17540000
1#
0;
b10011 \
b10011 X
0_
b110000101110111001 [
1+
#17560000
0+
#17580000
1_
1a
1^
b110000101110111000 [
1+
#17600000
0+
#17620000
b1 r
b0 m
0$
b110000101110110111 [
0^
0a
1+
#17640000
0+
#17660000
b110000101110110110 [
b1 m
1%
0#
1+
#17680000
0+
#17700000
0%
b110000101110110101 [
1+
#17720000
0+
#17740000
b110000101110110100 [
b10 m
1%
1+
#17760000
0+
#17780000
0%
b110000101110110011 [
1+
#17800000
0+
#17820000
b110000101110110010 [
b11 m
1%
1+
#17840000
0+
#17860000
0%
b110000101110110001 [
1+
#17880000
0+
#17900000
b110000101110110000 [
b100 m
1%
1+
#17920000
0+
#17940000
0%
b110000101110101111 [
1+
#17960000
0+
#17980000
b110000101110101110 [
b101 m
1%
1+
#18000000
0+
#18020000
0%
b110000101110101101 [
1+
#18040000
0+
#18060000
b110000101110101100 [
b110 m
1%
1+
#18080000
0+
#18100000
0%
b110000101110101011 [
1+
#18120000
0+
#18140000
b110000101110101010 [
b111 m
1%
1+
#18160000
0+
#18180000
b0 r
1;
1$
0%
b110000101110101001 [
1+
#18200000
0+
#18220000
b10100 \
b10100 X
0_
b110000101110101000 [
1#
0;
1+
#18240000
0+
#18260000
1_
1a
1^
b110000101110100111 [
1+
#18280000
0+
#18300000
b110000101110100110 [
0^
0a
b1 r
b0 m
0$
1+
#18320000
0+
#18340000
b1 m
1%
0#
b110000101110100101 [
1+
#18360000
0+
#18380000
b110000101110100100 [
0%
1+
#18400000
0+
#18420000
b10 m
1%
b110000101110100011 [
1+
#18440000
0+
#18460000
b110000101110100010 [
0%
1+
#18480000
0+
#18500000
b11 m
1%
b110000101110100001 [
1+
#18520000
0+
#18540000
b110000101110100000 [
0%
1+
#18560000
0+
#18580000
b100 m
1%
b110000101110011111 [
1+
#18600000
0+
#18620000
b110000101110011110 [
0%
1+
#18640000
0+
#18660000
b101 m
1%
b110000101110011101 [
1+
#18680000
0+
#18700000
b110000101110011100 [
0%
1+
#18720000
0+
#18740000
b110 m
1%
b110000101110011011 [
1+
#18760000
0+
#18780000
b110000101110011010 [
0%
1+
#18800000
0+
#18820000
b111 m
1%
b110000101110011001 [
1+
#18840000
0+
#18860000
b110000101110011000 [
b0 r
1;
1$
0%
1+
#18880000
0+
#18900000
1#
0;
b10101 \
b10101 X
0_
b110000101110010111 [
1+
#18920000
0+
#18940000
1_
1a
1^
b110000101110010110 [
1+
#18960000
0+
#18980000
b1 r
b0 m
0$
b110000101110010101 [
0^
0a
1+
#19000000
0+
#19020000
b110000101110010100 [
b1 m
1%
0#
1+
#19040000
0+
#19060000
0%
b110000101110010011 [
1+
#19080000
0+
#19100000
b110000101110010010 [
b10 m
1%
1+
#19120000
0+
#19140000
0%
b110000101110010001 [
1+
#19160000
0+
#19180000
b110000101110010000 [
b11 m
1%
1+
#19200000
0+
#19220000
0%
b110000101110001111 [
1+
#19240000
0+
#19260000
b110000101110001110 [
b100 m
1%
1+
#19280000
0+
#19300000
0%
b110000101110001101 [
1+
#19320000
0+
#19340000
b110000101110001100 [
b101 m
1%
1+
#19360000
0+
#19380000
0%
b110000101110001011 [
1+
#19400000
0+
#19420000
b110000101110001010 [
b110 m
1%
1+
#19440000
0+
#19460000
0%
b110000101110001001 [
1+
#19480000
0+
#19500000
b110000101110001000 [
b111 m
1%
1+
#19520000
0+
#19540000
b0 r
1;
1$
0%
b110000101110000111 [
1+
#19560000
0+
#19580000
b10110 \
b10110 X
0_
b110000101110000110 [
1#
0;
1+
#19600000
0+
#19620000
1_
1a
1^
b110000101110000101 [
1+
#19640000
0+
#19660000
b110000101110000100 [
0^
0a
b1 r
b0 m
0$
1+
#19680000
0+
#19700000
b1 m
1%
0#
b110000101110000011 [
1+
#19720000
0+
#19740000
b110000101110000010 [
0%
1+
#19760000
0+
#19780000
b10 m
1%
b110000101110000001 [
1+
#19800000
0+
#19820000
b110000101110000000 [
0%
1+
#19840000
0+
#19860000
b11 m
1%
b110000101101111111 [
1+
#19880000
0+
#19900000
b110000101101111110 [
0%
1+
#19920000
0+
#19940000
b100 m
1%
b110000101101111101 [
1+
#19960000
0+
#19980000
b110000101101111100 [
0%
1+
#20000000
0+
#20020000
b101 m
1%
b110000101101111011 [
1+
#20040000
0+
#20060000
b110000101101111010 [
0%
1+
#20080000
0+
#20100000
b110 m
1%
b110000101101111001 [
1+
#20120000
0+
#20140000
b110000101101111000 [
0%
1+
#20160000
0+
#20180000
b111 m
1%
b110000101101110111 [
1+
#20200000
0+
#20220000
b110000101101110110 [
b0 r
1;
1$
0%
1+
#20240000
0+
#20260000
1#
0;
b10111 \
b10111 X
0_
b110000101101110101 [
1+
#20280000
0+
#20300000
1_
1a
1^
b110000101101110100 [
1+
#20320000
0+
#20340000
b1 r
b0 m
0$
b110000101101110011 [
0^
0a
1+
#20360000
0+
#20380000
b110000101101110010 [
b1 m
1%
0#
1+
#20400000
0+
#20420000
0%
b110000101101110001 [
1+
#20440000
0+
#20460000
b110000101101110000 [
b10 m
1%
1+
#20480000
0+
#20500000
0%
b110000101101101111 [
1+
#20520000
0+
#20540000
b110000101101101110 [
b11 m
1%
1+
#20560000
0+
#20580000
0%
b110000101101101101 [
1+
#20600000
0+
#20620000
b110000101101101100 [
b100 m
1%
1+
#20640000
0+
#20660000
0%
b110000101101101011 [
1+
#20680000
0+
#20700000
b110000101101101010 [
b101 m
1%
1+
#20720000
0+
#20740000
0%
b110000101101101001 [
1+
#20760000
0+
#20780000
b110000101101101000 [
b110 m
1%
1+
#20800000
0+
#20820000
0%
b110000101101100111 [
1+
#20840000
0+
#20860000
b110000101101100110 [
b111 m
1%
1+
#20880000
0+
#20900000
b0 r
1;
1$
0%
b110000101101100101 [
1+
#20920000
0+
#20940000
b11000 \
b11000 X
0_
b110000101101100100 [
1#
0;
1+
#20960000
0+
#20980000
1_
1a
1^
b110000101101100011 [
1+
#21000000
0+
#21020000
b110000101101100010 [
0^
0a
b1 r
b0 m
0$
1+
#21040000
0+
#21060000
b1 m
1%
0#
b110000101101100001 [
1+
#21080000
0+
#21100000
b110000101101100000 [
0%
1+
#21120000
0+
#21140000
b10 m
1%
b110000101101011111 [
1+
#21160000
0+
#21180000
b110000101101011110 [
0%
1+
#21200000
0+
#21220000
b11 m
1%
b110000101101011101 [
1+
#21240000
0+
#21260000
b110000101101011100 [
0%
1+
#21280000
0+
#21300000
b100 m
1%
b110000101101011011 [
1+
#21320000
0+
#21340000
b110000101101011010 [
0%
1+
#21360000
0+
#21380000
b101 m
1%
b110000101101011001 [
1+
#21400000
0+
#21420000
b110000101101011000 [
0%
1+
#21440000
0+
#21460000
b110 m
1%
b110000101101010111 [
1+
#21480000
0+
#21500000
b110000101101010110 [
0%
1+
#21520000
0+
#21540000
b111 m
1%
b110000101101010101 [
1+
#21560000
0+
#21580000
b110000101101010100 [
b0 r
1;
1$
0%
1+
#21600000
0+
#21620000
1#
0;
b11001 \
b11001 X
0_
b110000101101010011 [
1+
#21640000
0+
#21660000
1_
1a
1^
b110000101101010010 [
1+
#21680000
0+
#21700000
b1 r
b0 m
0$
b110000101101010001 [
0^
0a
1+
#21720000
0+
#21740000
b110000101101010000 [
b1 m
1%
0#
1+
#21760000
0+
#21780000
0%
b110000101101001111 [
1+
#21800000
0+
#21820000
b110000101101001110 [
b10 m
1%
1+
#21840000
0+
#21860000
0%
b110000101101001101 [
1+
#21880000
0+
#21900000
b110000101101001100 [
b11 m
1%
1+
#21920000
0+
#21940000
0%
b110000101101001011 [
1+
#21960000
0+
#21980000
b110000101101001010 [
b100 m
1%
1+
#22000000
0+
#22020000
0%
b110000101101001001 [
1+
#22040000
0+
#22060000
b110000101101001000 [
b101 m
1%
1+
#22080000
0+
#22100000
0%
b110000101101000111 [
1+
#22120000
0+
#22140000
b110000101101000110 [
b110 m
1%
1+
#22160000
0+
#22180000
0%
b110000101101000101 [
1+
#22200000
0+
#22220000
b110000101101000100 [
b111 m
1%
1+
#22240000
0+
#22260000
b0 r
1;
1$
0%
b110000101101000011 [
1+
#22280000
0+
#22300000
b11010 \
b11010 X
0_
b110000101101000010 [
1#
0;
1+
#22320000
0+
#22340000
1_
1a
1^
b110000101101000001 [
1+
#22360000
0+
#22380000
b110000101101000000 [
0^
0a
b1 r
b0 m
0$
1+
#22400000
0+
#22420000
b1 m
1%
0#
b110000101100111111 [
1+
#22440000
0+
#22460000
b110000101100111110 [
0%
1+
#22480000
0+
#22500000
b10 m
1%
b110000101100111101 [
1+
#22520000
0+
#22540000
b110000101100111100 [
0%
1+
#22560000
0+
#22580000
b11 m
1%
b110000101100111011 [
1+
#22600000
0+
#22620000
b110000101100111010 [
0%
1+
#22640000
0+
#22660000
b100 m
1%
b110000101100111001 [
1+
#22680000
0+
#22700000
b110000101100111000 [
0%
1+
#22720000
0+
#22740000
b101 m
1%
b110000101100110111 [
1+
#22760000
0+
#22780000
b110000101100110110 [
0%
1+
#22800000
0+
#22820000
b110 m
1%
b110000101100110101 [
1+
#22840000
0+
#22860000
b110000101100110100 [
0%
1+
#22880000
0+
#22900000
b111 m
1%
b110000101100110011 [
1+
#22920000
0+
#22940000
b110000101100110010 [
b0 r
1;
1$
0%
1+
#22960000
0+
#22980000
1#
0;
b11011 \
b11011 X
0_
b110000101100110001 [
1+
#23000000
0+
#23020000
1_
1a
1^
b110000101100110000 [
1+
#23040000
0+
#23060000
b1 r
b0 m
0$
b110000101100101111 [
0^
0a
1+
#23080000
0+
#23100000
b110000101100101110 [
b1 m
1%
0#
1+
#23120000
0+
#23140000
0%
b110000101100101101 [
1+
#23160000
0+
#23180000
b110000101100101100 [
b10 m
1%
1+
#23200000
0+
#23220000
0%
b110000101100101011 [
1+
#23240000
0+
#23260000
b110000101100101010 [
b11 m
1%
1+
#23280000
0+
#23300000
0%
b110000101100101001 [
1+
#23320000
0+
#23340000
b110000101100101000 [
b100 m
1%
1+
#23360000
0+
#23380000
0%
b110000101100100111 [
1+
#23400000
0+
#23420000
b110000101100100110 [
b101 m
1%
1+
#23440000
0+
#23460000
0%
b110000101100100101 [
1+
#23480000
0+
#23500000
b110000101100100100 [
b110 m
1%
1+
#23520000
0+
#23540000
0%
b110000101100100011 [
1+
#23560000
0+
#23580000
b110000101100100010 [
b111 m
1%
1+
#23600000
0+
#23620000
b0 r
1;
1$
0%
b110000101100100001 [
1+
#23640000
0+
#23660000
b11100 \
b11100 X
0_
b110000101100100000 [
1#
0;
1+
#23680000
0+
#23700000
1_
1a
1^
b110000101100011111 [
1+
#23720000
0+
#23740000
b110000101100011110 [
0^
0a
b1 r
b0 m
0$
1+
#23760000
0+
#23780000
b1 m
1%
0#
b110000101100011101 [
1+
#23800000
0+
#23820000
b110000101100011100 [
0%
1+
#23840000
0+
#23860000
b10 m
1%
b110000101100011011 [
1+
#23880000
0+
#23900000
b110000101100011010 [
0%
1+
#23920000
0+
#23940000
b11 m
1%
b110000101100011001 [
1+
#23960000
0+
#23980000
b110000101100011000 [
0%
1+
#24000000
0+
#24020000
b100 m
1%
b110000101100010111 [
1+
#24040000
0+
#24060000
b110000101100010110 [
0%
1+
#24080000
0+
#24100000
b101 m
1%
b110000101100010101 [
1+
#24120000
0+
#24140000
b110000101100010100 [
0%
1+
#24160000
0+
#24180000
b110 m
1%
b110000101100010011 [
1+
#24200000
0+
#24220000
b110000101100010010 [
0%
1+
#24240000
0+
#24260000
b111 m
1%
b110000101100010001 [
1+
#24280000
0+
#24300000
b110000101100010000 [
b0 r
1;
1$
0%
1+
#24320000
0+
#24340000
1#
0;
b11101 \
b11101 X
0_
b110000101100001111 [
1+
#24360000
0+
#24380000
1_
1a
1^
b110000101100001110 [
1+
#24400000
0+
#24420000
b1 r
b0 m
0$
b110000101100001101 [
0^
0a
1+
#24440000
0+
#24460000
b110000101100001100 [
b1 m
1%
0#
1+
#24480000
0+
#24500000
0%
b110000101100001011 [
1+
#24520000
0+
#24540000
b110000101100001010 [
b10 m
1%
1+
#24560000
0+
#24580000
0%
b110000101100001001 [
1+
#24600000
0+
#24620000
b110000101100001000 [
b11 m
1%
1+
#24640000
0+
#24660000
0%
b110000101100000111 [
1+
#24680000
0+
#24700000
b110000101100000110 [
b100 m
1%
1+
#24720000
0+
#24740000
0%
b110000101100000101 [
1+
#24760000
0+
#24780000
b110000101100000100 [
b101 m
1%
1+
#24800000
0+
#24820000
0%
b110000101100000011 [
1+
#24840000
0+
#24860000
b110000101100000010 [
b110 m
1%
1+
#24880000
0+
#24900000
0%
b110000101100000001 [
1+
#24920000
0+
#24940000
b110000101100000000 [
b111 m
1%
1+
#24960000
0+
#24980000
b0 r
1;
1$
0%
b110000101011111111 [
1+
#25000000
0+
#25020000
b11110 \
b11110 X
0_
b110000101011111110 [
1#
0;
1+
#25040000
0+
#25060000
1_
1a
1^
b110000101011111101 [
1+
#25080000
0+
#25100000
b110000101011111100 [
0^
0a
b1 r
b0 m
0$
1+
#25120000
0+
#25140000
b1 m
1%
0#
b110000101011111011 [
1+
#25160000
0+
#25180000
b110000101011111010 [
0%
1+
#25200000
0+
#25220000
b10 m
1%
b110000101011111001 [
1+
#25240000
0+
#25260000
b110000101011111000 [
0%
1+
#25280000
0+
#25300000
b11 m
1%
b110000101011110111 [
1+
#25320000
0+
#25340000
b110000101011110110 [
0%
1+
#25360000
0+
#25380000
b100 m
1%
b110000101011110101 [
1+
#25400000
0+
#25420000
b110000101011110100 [
0%
1+
#25440000
0+
#25460000
b101 m
1%
b110000101011110011 [
1+
#25480000
0+
#25500000
b110000101011110010 [
0%
1+
#25520000
0+
#25540000
b110 m
1%
b110000101011110001 [
1+
#25560000
0+
#25580000
b110000101011110000 [
0%
1+
#25600000
0+
#25620000
b111 m
1%
b110000101011101111 [
1+
#25640000
0+
#25660000
b110000101011101110 [
b0 r
1;
1$
0%
1+
#25680000
0+
#25700000
1#
0;
b11111 \
b11111 X
0_
b110000101011101101 [
1+
#25720000
0+
#25740000
1_
1a
1^
b110000101011101100 [
1+
#25760000
0+
#25780000
b1 r
b0 m
0$
b110000101011101011 [
0^
0a
1+
#25800000
0+
#25820000
b110000101011101010 [
b1 m
1%
0#
1+
#25840000
0+
#25860000
0%
b110000101011101001 [
1+
#25880000
0+
#25900000
b110000101011101000 [
b10 m
1%
1+
#25920000
0+
#25940000
0%
b110000101011100111 [
1+
#25960000
0+
#25980000
b110000101011100110 [
b11 m
1%
1+
#26000000
0+
#26020000
0%
b110000101011100101 [
1+
#26040000
0+
#26060000
b110000101011100100 [
b100 m
1%
1+
#26080000
0+
#26100000
0%
b110000101011100011 [
1+
#26120000
0+
#26140000
b110000101011100010 [
b101 m
1%
1+
#26160000
0+
#26180000
0%
b110000101011100001 [
1+
#26200000
0+
#26220000
b110000101011100000 [
b110 m
1%
1+
#26240000
0+
#26260000
0%
b110000101011011111 [
1+
#26280000
0+
#26300000
b110000101011011110 [
b111 m
1%
1+
#26320000
0+
#26340000
b0 r
1;
1$
0%
b110000101011011101 [
1+
#26360000
0+
#26380000
b100000 \
b100000 X
0_
b110000101011011100 [
1#
0;
1+
#26400000
0+
#26420000
1_
1a
1^
b110000101011011011 [
1+
#26440000
0+
#26460000
b110000101011011010 [
0^
0a
b1 r
b0 m
0$
1+
#26480000
0+
#26500000
b1 m
1%
0#
b110000101011011001 [
1+
#26520000
0+
#26540000
b110000101011011000 [
0%
1+
#26560000
0+
#26580000
b10 m
1%
b110000101011010111 [
1+
#26600000
0+
#26620000
b110000101011010110 [
0%
1+
#26640000
0+
#26660000
b11 m
1%
b110000101011010101 [
1+
#26680000
0+
#26700000
b110000101011010100 [
0%
1+
#26720000
0+
#26740000
b100 m
1%
b110000101011010011 [
1+
#26760000
0+
#26780000
b110000101011010010 [
0%
1+
#26800000
0+
#26820000
b101 m
1%
b110000101011010001 [
1+
#26840000
0+
#26860000
b110000101011010000 [
0%
1+
#26880000
0+
#26900000
b110 m
1%
b110000101011001111 [
1+
#26920000
0+
#26940000
b110000101011001110 [
0%
1+
#26960000
0+
#26980000
b111 m
1%
b110000101011001101 [
1+
#27000000
0+
#27020000
b110000101011001100 [
b0 r
1;
1$
0%
1+
#27040000
0+
#27060000
1#
0;
b100001 \
b100001 X
0_
b110000101011001011 [
1+
#27080000
0+
#27100000
1_
1a
1^
b110000101011001010 [
1+
#27120000
0+
#27140000
b1 r
b0 m
0$
b110000101011001001 [
0^
0a
1+
#27160000
0+
#27180000
b110000101011001000 [
b1 m
1%
0#
1+
#27200000
0+
#27220000
0%
b110000101011000111 [
1+
#27240000
0+
#27260000
b110000101011000110 [
b10 m
1%
1+
#27280000
0+
#27300000
0%
b110000101011000101 [
1+
#27320000
0+
#27340000
b110000101011000100 [
b11 m
1%
1+
#27360000
0+
#27380000
0%
b110000101011000011 [
1+
#27400000
0+
#27420000
b110000101011000010 [
b100 m
1%
1+
#27440000
0+
#27460000
0%
b110000101011000001 [
1+
#27480000
0+
#27500000
b110000101011000000 [
b101 m
1%
1+
#27520000
0+
#27540000
0%
b110000101010111111 [
1+
#27560000
0+
#27580000
b110000101010111110 [
b110 m
1%
1+
#27600000
0+
#27620000
0%
b110000101010111101 [
1+
#27640000
0+
#27660000
b110000101010111100 [
b111 m
1%
1+
#27680000
0+
#27700000
b0 r
1;
1$
0%
b110000101010111011 [
1+
#27720000
0+
#27740000
b100010 \
b100010 X
0_
b110000101010111010 [
1#
0;
1+
#27760000
0+
#27780000
1_
1a
1^
b110000101010111001 [
1+
#27800000
0+
#27820000
b110000101010111000 [
0^
0a
b1 r
b0 m
0$
1+
#27840000
0+
#27860000
b1 m
1%
0#
b110000101010110111 [
1+
#27880000
0+
#27900000
b110000101010110110 [
0%
1+
#27920000
0+
#27940000
b10 m
1%
b110000101010110101 [
1+
#27960000
0+
#27980000
b110000101010110100 [
0%
1+
#28000000
0+
#28020000
b11 m
1%
b110000101010110011 [
1+
#28040000
0+
#28060000
b110000101010110010 [
0%
1+
#28080000
0+
#28100000
b100 m
1%
b110000101010110001 [
1+
#28120000
0+
#28140000
b110000101010110000 [
0%
1+
#28160000
0+
#28180000
b101 m
1%
b110000101010101111 [
1+
#28200000
0+
#28220000
b110000101010101110 [
0%
1+
#28240000
0+
#28260000
b110 m
1%
b110000101010101101 [
1+
#28280000
0+
#28300000
b110000101010101100 [
0%
1+
#28320000
0+
#28340000
b111 m
1%
b110000101010101011 [
1+
#28360000
0+
#28380000
b110000101010101010 [
b0 r
1;
1$
0%
1+
#28400000
0+
#28420000
1#
0;
b100011 \
b100011 X
0_
b110000101010101001 [
1+
#28440000
0+
#28460000
1_
1a
1^
b110000101010101000 [
1+
#28480000
0+
#28500000
b1 r
b0 m
0$
b110000101010100111 [
0^
0a
1+
#28520000
0+
#28540000
b110000101010100110 [
b1 m
1%
0#
1+
#28560000
0+
#28580000
0%
b110000101010100101 [
1+
#28600000
0+
#28620000
b110000101010100100 [
b10 m
1%
1+
#28640000
0+
#28660000
0%
b110000101010100011 [
1+
#28680000
0+
#28700000
b110000101010100010 [
b11 m
1%
1+
#28720000
0+
#28740000
0%
b110000101010100001 [
1+
#28760000
0+
#28780000
b110000101010100000 [
b100 m
1%
1+
#28800000
0+
#28820000
0%
b110000101010011111 [
1+
#28840000
0+
#28860000
b110000101010011110 [
b101 m
1%
1+
#28880000
0+
#28900000
0%
b110000101010011101 [
1+
#28920000
0+
#28940000
b110000101010011100 [
b110 m
1%
1+
#28960000
0+
#28980000
0%
b110000101010011011 [
1+
#29000000
0+
#29020000
b110000101010011010 [
b111 m
1%
1+
#29040000
0+
#29060000
b0 r
1;
1$
0%
b110000101010011001 [
1+
#29080000
0+
#29100000
b100100 \
b100100 X
0_
b110000101010011000 [
1#
0;
1+
#29120000
0+
#29140000
1_
1a
1^
b110000101010010111 [
1+
#29160000
0+
#29180000
b110000101010010110 [
0^
0a
b1 r
b0 m
0$
1+
#29200000
0+
#29220000
b1 m
1%
0#
b110000101010010101 [
1+
#29240000
0+
#29260000
b110000101010010100 [
0%
1+
#29280000
0+
#29300000
b10 m
1%
b110000101010010011 [
1+
#29320000
0+
#29340000
b110000101010010010 [
0%
1+
#29360000
0+
#29380000
b11 m
1%
b110000101010010001 [
1+
#29400000
0+
#29420000
b110000101010010000 [
0%
1+
#29440000
0+
#29460000
b100 m
1%
b110000101010001111 [
1+
#29480000
0+
#29500000
b110000101010001110 [
0%
1+
#29520000
0+
#29540000
b101 m
1%
b110000101010001101 [
1+
#29560000
0+
#29580000
b110000101010001100 [
0%
1+
#29600000
0+
#29620000
b110 m
1%
b110000101010001011 [
1+
#29640000
0+
#29660000
b110000101010001010 [
0%
1+
#29680000
0+
#29700000
b111 m
1%
b110000101010001001 [
1+
#29720000
0+
#29740000
b110000101010001000 [
b0 r
1;
1$
0%
1+
#29760000
0+
#29780000
1#
0;
b100101 \
b100101 X
0_
b110000101010000111 [
1+
#29800000
0+
#29820000
1_
1a
1^
b110000101010000110 [
1+
#29840000
0+
#29860000
b1 r
b0 m
0$
b110000101010000101 [
0^
0a
1+
#29880000
0+
#29900000
b110000101010000100 [
b1 m
1%
0#
1+
#29920000
0+
#29940000
0%
b110000101010000011 [
1+
#29960000
0+
#29980000
b110000101010000010 [
b10 m
1%
1+
#30000000
0+
#30020000
0%
b110000101010000001 [
1+
#30040000
0+
#30060000
b110000101010000000 [
b11 m
1%
1+
#30080000
0+
#30100000
0%
b110000101001111111 [
1+
#30120000
0+
#30140000
b110000101001111110 [
b100 m
1%
1+
#30160000
0+
#30180000
0%
b110000101001111101 [
1+
#30200000
0+
#30220000
b110000101001111100 [
b101 m
1%
1+
#30240000
0+
#30260000
0%
b110000101001111011 [
1+
#30280000
0+
#30300000
b110000101001111010 [
b110 m
1%
1+
#30320000
0+
#30340000
0%
b110000101001111001 [
1+
#30360000
0+
#30380000
b110000101001111000 [
b111 m
1%
1+
#30400000
0+
#30420000
b0 r
1;
1$
0%
b110000101001110111 [
1+
#30440000
0+
#30460000
b100110 \
b100110 X
0_
b110000101001110110 [
1#
0;
1+
#30480000
0+
#30500000
1_
1a
1^
b110000101001110101 [
1+
#30520000
0+
#30540000
b110000101001110100 [
0^
0a
b1 r
b0 m
0$
1+
#30560000
0+
#30580000
b1 m
1%
0#
b110000101001110011 [
1+
#30600000
0+
#30620000
b110000101001110010 [
0%
1+
#30640000
0+
#30660000
b10 m
1%
b110000101001110001 [
1+
#30680000
0+
#30700000
b110000101001110000 [
0%
1+
#30720000
0+
#30740000
b11 m
1%
b110000101001101111 [
1+
#30760000
0+
#30780000
b110000101001101110 [
0%
1+
#30800000
0+
#30820000
b100 m
1%
b110000101001101101 [
1+
#30840000
0+
#30860000
b110000101001101100 [
0%
1+
#30880000
0+
#30900000
b101 m
1%
b110000101001101011 [
1+
#30920000
0+
#30940000
b110000101001101010 [
0%
1+
#30960000
0+
#30980000
b110 m
1%
b110000101001101001 [
1+
#31000000
0+
#31020000
b110000101001101000 [
0%
1+
#31040000
0+
#31060000
b111 m
1%
b110000101001100111 [
1+
#31080000
0+
#31100000
b110000101001100110 [
b0 r
1;
1$
0%
1+
#31120000
0+
#31140000
1#
0;
b100111 \
b100111 X
0_
b110000101001100101 [
1+
#31160000
0+
#31180000
1_
1a
1^
b110000101001100100 [
1+
#31200000
0+
#31220000
b1 r
b0 m
0$
b110000101001100011 [
0^
0a
1+
#31240000
0+
#31260000
b110000101001100010 [
b1 m
1%
0#
1+
#31280000
0+
#31300000
0%
b110000101001100001 [
1+
#31320000
0+
#31340000
b110000101001100000 [
b10 m
1%
1+
#31360000
0+
#31380000
0%
b110000101001011111 [
1+
#31400000
0+
#31420000
b110000101001011110 [
b11 m
1%
1+
#31440000
0+
#31460000
0%
b110000101001011101 [
1+
#31480000
0+
#31500000
b110000101001011100 [
b100 m
1%
1+
#31520000
0+
#31540000
0%
b110000101001011011 [
1+
#31560000
0+
#31580000
b110000101001011010 [
b101 m
1%
1+
#31600000
0+
#31620000
0%
b110000101001011001 [
1+
#31640000
0+
#31660000
b110000101001011000 [
b110 m
1%
1+
#31680000
0+
#31700000
0%
b110000101001010111 [
1+
#31720000
0+
#31740000
b110000101001010110 [
b111 m
1%
1+
#31760000
0+
#31780000
b0 r
1;
1$
0%
b110000101001010101 [
1+
#31800000
0+
#31820000
b101000 \
b101000 X
0_
b110000101001010100 [
1#
0;
1+
#31840000
0+
#31860000
1_
1a
1^
b110000101001010011 [
1+
#31880000
0+
#31900000
b110000101001010010 [
0^
0a
b1 r
b0 m
0$
1+
#31920000
0+
#31940000
b1 m
1%
0#
b110000101001010001 [
1+
#31960000
0+
#31980000
b110000101001010000 [
0%
1+
#32000000
0+
#32020000
b10 m
1%
b110000101001001111 [
1+
#32040000
0+
#32060000
b110000101001001110 [
0%
1+
#32080000
0+
#32100000
b11 m
1%
b110000101001001101 [
1+
#32120000
0+
#32140000
b110000101001001100 [
0%
1+
#32160000
0+
#32180000
b100 m
1%
b110000101001001011 [
1+
#32200000
0+
#32220000
b110000101001001010 [
0%
1+
#32240000
0+
#32260000
b101 m
1%
b110000101001001001 [
1+
#32280000
0+
#32300000
b110000101001001000 [
0%
1+
#32320000
0+
#32340000
b110 m
1%
b110000101001000111 [
1+
#32360000
0+
#32380000
b110000101001000110 [
0%
1+
#32400000
0+
#32420000
b111 m
1%
b110000101001000101 [
1+
#32440000
0+
#32460000
b110000101001000100 [
b0 r
1;
1$
0%
1+
#32480000
0+
#32500000
1#
0;
b101001 \
b101001 X
0_
b110000101001000011 [
1+
#32520000
0+
#32540000
1_
1a
1^
b110000101001000010 [
1+
#32560000
0+
#32580000
b1 r
b0 m
0$
b110000101001000001 [
0^
0a
1+
#32600000
0+
#32620000
b110000101001000000 [
b1 m
1%
0#
1+
#32640000
0+
#32660000
0%
b110000101000111111 [
1+
#32680000
0+
#32700000
b110000101000111110 [
b10 m
1%
1+
#32720000
0+
#32740000
0%
b110000101000111101 [
1+
#32760000
0+
#32780000
b110000101000111100 [
b11 m
1%
1+
#32800000
0+
#32820000
0%
b110000101000111011 [
1+
#32840000
0+
#32860000
b110000101000111010 [
b100 m
1%
1+
#32880000
0+
#32900000
0%
b110000101000111001 [
1+
#32920000
0+
#32940000
b110000101000111000 [
b101 m
1%
1+
#32960000
0+
#32980000
0%
b110000101000110111 [
1+
#33000000
0+
#33020000
b110000101000110110 [
b110 m
1%
1+
#33040000
0+
#33060000
0%
b110000101000110101 [
1+
#33080000
0+
#33100000
b110000101000110100 [
b111 m
1%
1+
#33120000
0+
#33140000
b0 r
1;
1$
0%
b110000101000110011 [
1+
#33160000
0+
#33180000
b101010 \
b101010 X
0_
b110000101000110010 [
1#
0;
1+
#33200000
0+
#33220000
1_
1a
1^
b110000101000110001 [
1+
#33240000
0+
#33260000
b110000101000110000 [
0^
0a
b1 r
b0 m
0$
1+
#33280000
0+
#33300000
b1 m
1%
0#
b110000101000101111 [
1+
#33320000
0+
#33340000
b110000101000101110 [
0%
1+
#33360000
0+
#33380000
b10 m
1%
b110000101000101101 [
1+
#33400000
0+
#33420000
b110000101000101100 [
0%
1+
#33440000
0+
#33460000
b11 m
1%
b110000101000101011 [
1+
#33480000
0+
#33500000
b110000101000101010 [
0%
1+
#33520000
0+
#33540000
b100 m
1%
b110000101000101001 [
1+
#33560000
0+
#33580000
b110000101000101000 [
0%
1+
#33600000
0+
#33620000
b101 m
1%
b110000101000100111 [
1+
#33640000
0+
#33660000
b110000101000100110 [
0%
1+
#33680000
0+
#33700000
b110 m
1%
b110000101000100101 [
1+
#33720000
0+
#33740000
b110000101000100100 [
0%
1+
#33760000
0+
#33780000
b111 m
1%
b110000101000100011 [
1+
#33800000
0+
#33820000
b110000101000100010 [
b0 r
1;
1$
0%
1+
#33840000
0+
#33860000
1#
0;
b101011 \
b101011 X
0_
b110000101000100001 [
1+
#33880000
0+
#33900000
1_
1a
1^
b110000101000100000 [
1+
#33920000
0+
#33940000
b1 r
b0 m
0$
b110000101000011111 [
0^
0a
1+
#33960000
0+
#33980000
b110000101000011110 [
b1 m
1%
0#
1+
#34000000
0+
#34020000
0%
b110000101000011101 [
1+
#34040000
0+
#34060000
b110000101000011100 [
b10 m
1%
1+
#34080000
0+
#34100000
0%
b110000101000011011 [
1+
#34120000
0+
#34140000
b110000101000011010 [
b11 m
1%
1+
#34160000
0+
#34180000
0%
b110000101000011001 [
1+
#34200000
0+
#34220000
b110000101000011000 [
b100 m
1%
1+
#34240000
0+
#34260000
0%
b110000101000010111 [
1+
#34280000
0+
#34300000
b110000101000010110 [
b101 m
1%
1+
#34320000
0+
#34340000
0%
b110000101000010101 [
1+
#34360000
0+
#34380000
b110000101000010100 [
b110 m
1%
1+
#34400000
0+
#34420000
0%
b110000101000010011 [
1+
#34440000
0+
#34460000
b110000101000010010 [
b111 m
1%
1+
#34480000
0+
#34500000
b0 r
1;
1$
0%
b110000101000010001 [
1+
#34520000
0+
#34540000
b101100 \
b101100 X
0_
b110000101000010000 [
1#
0;
1+
#34560000
0+
#34580000
1_
1a
1^
b110000101000001111 [
1+
#34600000
0+
#34620000
b110000101000001110 [
0^
0a
b1 r
b0 m
0$
1+
#34640000
0+
#34660000
b1 m
1%
0#
b110000101000001101 [
1+
#34680000
0+
#34700000
b110000101000001100 [
0%
1+
#34720000
0+
#34740000
b10 m
1%
b110000101000001011 [
1+
#34760000
0+
#34780000
b110000101000001010 [
0%
1+
#34800000
0+
#34820000
b11 m
1%
b110000101000001001 [
1+
#34840000
0+
#34860000
b110000101000001000 [
0%
1+
#34880000
0+
#34900000
b100 m
1%
b110000101000000111 [
1+
#34920000
0+
#34940000
b110000101000000110 [
0%
1+
#34960000
0+
#34980000
b101 m
1%
b110000101000000101 [
1+
#35000000
0+
#35020000
b110000101000000100 [
0%
1+
#35040000
0+
#35060000
b110 m
1%
b110000101000000011 [
1+
#35080000
0+
#35100000
b110000101000000010 [
0%
1+
#35120000
0+
#35140000
b111 m
1%
b110000101000000001 [
1+
#35160000
0+
#35180000
b110000101000000000 [
b0 r
1;
1$
0%
1+
#35200000
0+
#35220000
1#
0;
b101101 \
b101101 X
0_
b110000100111111111 [
1+
#35240000
0+
#35260000
1_
1a
1^
b110000100111111110 [
1+
#35280000
0+
#35300000
b1 r
b0 m
0$
b110000100111111101 [
0^
0a
1+
#35320000
0+
#35340000
b110000100111111100 [
b1 m
1%
0#
1+
#35360000
0+
#35380000
0%
b110000100111111011 [
1+
#35400000
0+
#35420000
b110000100111111010 [
b10 m
1%
1+
#35440000
0+
#35460000
0%
b110000100111111001 [
1+
#35480000
0+
#35500000
b110000100111111000 [
b11 m
1%
1+
#35520000
0+
#35540000
0%
b110000100111110111 [
1+
#35560000
0+
#35580000
b110000100111110110 [
b100 m
1%
1+
#35600000
0+
#35620000
0%
b110000100111110101 [
1+
#35640000
0+
#35660000
b110000100111110100 [
b101 m
1%
1+
#35680000
0+
#35700000
0%
b110000100111110011 [
1+
#35720000
0+
#35740000
b110000100111110010 [
b110 m
1%
1+
#35760000
0+
#35780000
0%
b110000100111110001 [
1+
#35800000
0+
#35820000
b110000100111110000 [
b111 m
1%
1+
#35840000
0+
#35860000
b0 r
1;
1$
0%
b110000100111101111 [
1+
#35880000
0+
#35900000
b101110 \
b101110 X
0_
b110000100111101110 [
1#
0;
1+
#35920000
0+
#35940000
1_
1a
1^
b110000100111101101 [
1+
#35960000
0+
#35980000
b110000100111101100 [
0^
0a
b1 r
b0 m
0$
1+
#36000000
0+
#36020000
b1 m
1%
0#
b110000100111101011 [
1+
#36040000
0+
#36060000
b110000100111101010 [
0%
1+
#36080000
0+
#36100000
b10 m
1%
b110000100111101001 [
1+
#36120000
0+
#36140000
b110000100111101000 [
0%
1+
#36160000
0+
#36180000
b11 m
1%
b110000100111100111 [
1+
#36200000
0+
#36220000
b110000100111100110 [
0%
1+
#36240000
0+
#36260000
b100 m
1%
b110000100111100101 [
1+
#36280000
0+
#36300000
b110000100111100100 [
0%
1+
#36320000
0+
#36340000
b101 m
1%
b110000100111100011 [
1+
#36360000
0+
#36380000
b110000100111100010 [
0%
1+
#36400000
0+
#36420000
b110 m
1%
b110000100111100001 [
1+
#36440000
0+
#36460000
b110000100111100000 [
0%
1+
#36480000
0+
#36500000
b111 m
1%
b110000100111011111 [
1+
#36520000
0+
#36540000
b110000100111011110 [
b0 r
1;
1$
0%
1+
#36560000
0+
#36580000
1#
0;
b101111 \
b101111 X
0_
b110000100111011101 [
1+
#36600000
0+
#36620000
1_
1a
1^
b110000100111011100 [
1+
#36640000
0+
#36660000
b1 r
b0 m
0$
b110000100111011011 [
0^
0a
1+
#36680000
0+
#36700000
b110000100111011010 [
b1 m
1%
0#
1+
#36720000
0+
#36740000
0%
b110000100111011001 [
1+
#36760000
0+
#36780000
b110000100111011000 [
b10 m
1%
1+
#36800000
0+
#36820000
0%
b110000100111010111 [
1+
#36840000
0+
#36860000
b110000100111010110 [
b11 m
1%
1+
#36880000
0+
#36900000
0%
b110000100111010101 [
1+
#36920000
0+
#36940000
b110000100111010100 [
b100 m
1%
1+
#36960000
0+
#36980000
0%
b110000100111010011 [
1+
#37000000
0+
#37020000
b110000100111010010 [
b101 m
1%
1+
#37040000
0+
#37060000
0%
b110000100111010001 [
1+
#37080000
0+
#37100000
b110000100111010000 [
b110 m
1%
1+
#37120000
0+
#37140000
0%
b110000100111001111 [
1+
#37160000
0+
#37180000
b110000100111001110 [
b111 m
1%
1+
#37200000
0+
#37220000
b0 r
1;
1$
0%
b110000100111001101 [
1+
#37240000
0+
#37260000
b110000 \
b110000 X
0_
b110000100111001100 [
1#
0;
1+
#37280000
0+
#37300000
1_
1a
1^
b110000100111001011 [
1+
#37320000
0+
#37340000
b110000100111001010 [
0^
0a
b1 r
b0 m
0$
1+
#37360000
0+
#37380000
b1 m
1%
0#
b110000100111001001 [
1+
#37400000
0+
#37420000
b110000100111001000 [
0%
1+
#37440000
0+
#37460000
b10 m
1%
b110000100111000111 [
1+
#37480000
0+
#37500000
b110000100111000110 [
0%
1+
#37520000
0+
#37540000
b11 m
1%
b110000100111000101 [
1+
#37560000
0+
#37580000
b110000100111000100 [
0%
1+
#37600000
0+
#37620000
b100 m
1%
b110000100111000011 [
1+
#37640000
0+
#37660000
b110000100111000010 [
0%
1+
#37680000
0+
#37700000
b101 m
1%
b110000100111000001 [
1+
#37720000
0+
#37740000
b110000100111000000 [
0%
1+
#37760000
0+
#37780000
b110 m
1%
b110000100110111111 [
1+
#37800000
0+
#37820000
b110000100110111110 [
0%
1+
#37840000
0+
#37860000
b111 m
1%
b110000100110111101 [
1+
#37880000
0+
#37900000
b110000100110111100 [
b0 r
1;
1$
0%
1+
#37920000
0+
#37940000
1#
0;
b110001 \
b110001 X
0_
b110000100110111011 [
1+
#37960000
0+
#37980000
1_
1a
1^
b110000100110111010 [
1+
#38000000
0+
#38020000
b1 r
b0 m
0$
b110000100110111001 [
0^
0a
1+
#38040000
0+
#38060000
b110000100110111000 [
b1 m
1%
0#
1+
#38080000
0+
#38100000
0%
b110000100110110111 [
1+
#38120000
0+
#38140000
b110000100110110110 [
b10 m
1%
1+
#38160000
0+
#38180000
0%
b110000100110110101 [
1+
#38200000
0+
#38220000
b110000100110110100 [
b11 m
1%
1+
#38240000
0+
#38260000
0%
b110000100110110011 [
1+
#38280000
0+
#38300000
b110000100110110010 [
b100 m
1%
1+
#38320000
0+
#38340000
0%
b110000100110110001 [
1+
#38360000
0+
#38380000
b110000100110110000 [
b101 m
1%
1+
#38400000
0+
#38420000
0%
b110000100110101111 [
1+
#38440000
0+
#38460000
b110000100110101110 [
b110 m
1%
1+
#38480000
0+
#38500000
0%
b110000100110101101 [
1+
#38520000
0+
#38540000
b110000100110101100 [
b111 m
1%
1+
#38560000
0+
#38580000
b0 r
1;
1$
0%
b110000100110101011 [
1+
#38600000
0+
#38620000
b110010 \
b110010 X
0_
b110000100110101010 [
1#
0;
1+
#38640000
0+
#38660000
1_
1a
1^
b110000100110101001 [
1+
#38680000
0+
#38700000
b110000100110101000 [
0^
0a
b1 r
b0 m
0$
1+
#38720000
0+
#38740000
b1 m
1%
0#
b110000100110100111 [
1+
#38760000
0+
#38780000
b110000100110100110 [
0%
1+
#38800000
0+
#38820000
b10 m
1%
b110000100110100101 [
1+
#38840000
0+
#38860000
b110000100110100100 [
0%
1+
#38880000
0+
#38900000
b11 m
1%
b110000100110100011 [
1+
#38920000
0+
#38940000
b110000100110100010 [
0%
1+
#38960000
0+
#38980000
b100 m
1%
b110000100110100001 [
1+
#39000000
0+
#39020000
b110000100110100000 [
0%
1+
#39040000
0+
#39060000
b101 m
1%
b110000100110011111 [
1+
#39080000
0+
#39100000
b110000100110011110 [
0%
1+
#39120000
0+
#39140000
b110 m
1%
b110000100110011101 [
1+
#39160000
0+
#39180000
b110000100110011100 [
0%
1+
#39200000
0+
#39220000
b111 m
1%
b110000100110011011 [
1+
#39240000
0+
#39260000
b110000100110011010 [
b0 r
1;
1$
0%
1+
#39280000
0+
#39300000
1#
0;
b110011 \
b110011 X
0_
b110000100110011001 [
1+
#39320000
0+
#39340000
1_
1a
1^
b110000100110011000 [
1+
#39360000
0+
#39380000
b1 r
b0 m
0$
b110000100110010111 [
0^
0a
1+
#39400000
0+
#39420000
b110000100110010110 [
b1 m
1%
0#
1+
#39440000
0+
#39460000
0%
b110000100110010101 [
1+
#39480000
0+
#39500000
b110000100110010100 [
b10 m
1%
1+
#39520000
0+
#39540000
0%
b110000100110010011 [
1+
#39560000
0+
#39580000
b110000100110010010 [
b11 m
1%
1+
#39600000
0+
#39620000
0%
b110000100110010001 [
1+
#39640000
0+
#39660000
b110000100110010000 [
b100 m
1%
1+
#39680000
0+
#39700000
0%
b110000100110001111 [
1+
#39720000
0+
#39740000
b110000100110001110 [
b101 m
1%
1+
#39760000
0+
#39780000
0%
b110000100110001101 [
1+
#39800000
0+
#39820000
b110000100110001100 [
b110 m
1%
1+
#39840000
0+
#39860000
0%
b110000100110001011 [
1+
#39880000
0+
#39900000
b110000100110001010 [
b111 m
1%
1+
#39920000
0+
#39940000
b0 r
1;
1$
0%
b110000100110001001 [
1+
#39960000
0+
#39980000
b110100 \
b110100 X
0_
b110000100110001000 [
1#
0;
1+
#40000000
0+
#40020000
1_
1a
1^
b110000100110000111 [
1+
#40040000
0+
#40060000
b110000100110000110 [
0^
0a
b1 r
b0 m
0$
1+
#40080000
0+
#40100000
b1 m
1%
0#
b110000100110000101 [
1+
#40120000
0+
#40140000
b110000100110000100 [
0%
1+
#40160000
0+
#40180000
b10 m
1%
b110000100110000011 [
1+
#40200000
0+
#40220000
b110000100110000010 [
0%
1+
#40240000
0+
#40260000
b11 m
1%
b110000100110000001 [
1+
#40280000
0+
#40300000
b110000100110000000 [
0%
1+
#40320000
0+
#40340000
b100 m
1%
b110000100101111111 [
1+
#40360000
0+
#40380000
b110000100101111110 [
0%
1+
#40400000
0+
#40420000
b101 m
1%
b110000100101111101 [
1+
#40440000
0+
#40460000
b110000100101111100 [
0%
1+
#40480000
0+
#40500000
b110 m
1%
b110000100101111011 [
1+
#40520000
0+
#40540000
b110000100101111010 [
0%
1+
#40560000
0+
#40580000
b111 m
1%
b110000100101111001 [
1+
#40600000
0+
#40620000
b110000100101111000 [
b0 r
1;
1$
0%
1+
#40640000
0+
#40660000
1#
0;
b110101 \
b110101 X
0_
b110000100101110111 [
1+
#40680000
0+
#40700000
1_
1a
1^
b110000100101110110 [
1+
#40720000
0+
#40740000
b1 r
b0 m
0$
b110000100101110101 [
0^
0a
1+
#40760000
0+
#40780000
b110000100101110100 [
b1 m
1%
0#
1+
#40800000
0+
#40820000
0%
b110000100101110011 [
1+
#40840000
0+
#40860000
b110000100101110010 [
b10 m
1%
1+
#40880000
0+
#40900000
0%
b110000100101110001 [
1+
#40920000
0+
#40940000
b110000100101110000 [
b11 m
1%
1+
#40960000
0+
#40980000
0%
b110000100101101111 [
1+
#41000000
0+
#41020000
b110000100101101110 [
b100 m
1%
1+
#41040000
0+
#41060000
0%
b110000100101101101 [
1+
#41080000
0+
#41100000
b110000100101101100 [
b101 m
1%
1+
#41120000
0+
#41140000
0%
b110000100101101011 [
1+
#41160000
0+
#41180000
b110000100101101010 [
b110 m
1%
1+
#41200000
0+
#41220000
0%
b110000100101101001 [
1+
#41240000
0+
#41260000
b110000100101101000 [
b111 m
1%
1+
#41280000
0+
#41300000
b0 r
1;
1$
0%
b110000100101100111 [
1+
#41320000
0+
#41340000
b110110 \
b110110 X
0_
b110000100101100110 [
1#
0;
1+
#41360000
0+
#41380000
1_
1a
1^
b110000100101100101 [
1+
#41400000
0+
#41420000
b110000100101100100 [
0^
0a
b1 r
b0 m
0$
1+
#41440000
0+
#41460000
b1 m
1%
0#
b110000100101100011 [
1+
#41480000
0+
#41500000
b110000100101100010 [
0%
1+
#41520000
0+
#41540000
b10 m
1%
b110000100101100001 [
1+
#41560000
0+
#41580000
b110000100101100000 [
0%
1+
#41600000
0+
#41620000
b11 m
1%
b110000100101011111 [
1+
#41640000
0+
#41660000
b110000100101011110 [
0%
1+
#41680000
0+
#41700000
b100 m
1%
b110000100101011101 [
1+
#41720000
0+
#41740000
b110000100101011100 [
0%
1+
#41760000
0+
#41780000
b101 m
1%
b110000100101011011 [
1+
#41800000
0+
#41820000
b110000100101011010 [
0%
1+
#41840000
0+
#41860000
b110 m
1%
b110000100101011001 [
1+
#41880000
0+
#41900000
b110000100101011000 [
0%
1+
#41920000
0+
#41940000
b111 m
1%
b110000100101010111 [
1+
#41960000
0+
#41980000
b110000100101010110 [
b0 r
1;
1$
0%
1+
#42000000
0+
#42020000
1#
0;
b110111 \
b110111 X
0_
b110000100101010101 [
1+
#42040000
0+
#42060000
1_
1a
1^
b110000100101010100 [
1+
#42080000
0+
#42100000
b1 r
b0 m
0$
b110000100101010011 [
0^
0a
1+
#42120000
0+
#42140000
b110000100101010010 [
b1 m
1%
0#
1+
#42160000
0+
#42180000
0%
b110000100101010001 [
1+
#42200000
0+
#42220000
b110000100101010000 [
b10 m
1%
1+
#42240000
0+
#42260000
0%
b110000100101001111 [
1+
#42280000
0+
#42300000
b110000100101001110 [
b11 m
1%
1+
#42320000
0+
#42340000
0%
b110000100101001101 [
1+
#42360000
0+
#42380000
b110000100101001100 [
b100 m
1%
1+
#42400000
0+
#42420000
0%
b110000100101001011 [
1+
#42440000
0+
#42460000
b110000100101001010 [
b101 m
1%
1+
#42480000
0+
#42500000
0%
b110000100101001001 [
1+
#42520000
0+
#42540000
b110000100101001000 [
b110 m
1%
1+
#42560000
0+
#42580000
0%
b110000100101000111 [
1+
#42600000
0+
#42620000
b110000100101000110 [
b111 m
1%
1+
#42640000
0+
#42660000
b0 r
1;
1$
0%
b110000100101000101 [
1+
#42680000
0+
#42700000
b111000 \
b111000 X
0_
b110000100101000100 [
1#
0;
1+
#42720000
0+
#42740000
1_
1a
1^
b110000100101000011 [
1+
#42760000
0+
#42780000
b110000100101000010 [
0^
0a
b1 r
b0 m
0$
1+
#42800000
0+
#42820000
b1 m
1%
0#
b110000100101000001 [
1+
#42840000
0+
#42860000
b110000100101000000 [
0%
1+
#42880000
0+
#42900000
b10 m
1%
b110000100100111111 [
1+
#42920000
0+
#42940000
b110000100100111110 [
0%
1+
#42960000
0+
#42980000
b11 m
1%
b110000100100111101 [
1+
#43000000
0+
#43020000
b110000100100111100 [
0%
1+
#43040000
0+
#43060000
b100 m
1%
b110000100100111011 [
1+
#43080000
0+
#43100000
b110000100100111010 [
0%
1+
#43120000
0+
#43140000
b101 m
1%
b110000100100111001 [
1+
#43160000
0+
#43180000
b110000100100111000 [
0%
1+
#43200000
0+
#43220000
b110 m
1%
b110000100100110111 [
1+
#43240000
0+
#43260000
b110000100100110110 [
0%
1+
#43280000
0+
#43300000
b111 m
1%
b110000100100110101 [
1+
#43320000
0+
#43340000
b110000100100110100 [
b0 r
1;
1$
0%
1+
#43360000
0+
#43380000
1#
0;
b111001 \
b111001 X
0_
b110000100100110011 [
1+
#43400000
0+
#43420000
1_
1a
1^
b110000100100110010 [
1+
#43440000
0+
#43460000
b1 r
b0 m
0$
b110000100100110001 [
0^
0a
1+
#43480000
0+
#43500000
b110000100100110000 [
b1 m
1%
0#
1+
#43520000
0+
#43540000
0%
b110000100100101111 [
1+
#43560000
0+
#43580000
b110000100100101110 [
b10 m
1%
1+
#43600000
0+
#43620000
0%
b110000100100101101 [
1+
#43640000
0+
#43660000
b110000100100101100 [
b11 m
1%
1+
#43680000
0+
#43700000
0%
b110000100100101011 [
1+
#43720000
0+
#43740000
b110000100100101010 [
b100 m
1%
1+
#43760000
0+
#43780000
0%
b110000100100101001 [
1+
#43800000
0+
#43820000
b110000100100101000 [
b101 m
1%
1+
#43840000
0+
#43860000
0%
b110000100100100111 [
1+
#43880000
0+
#43900000
b110000100100100110 [
b110 m
1%
1+
#43920000
0+
#43940000
0%
b110000100100100101 [
1+
#43960000
0+
#43980000
b110000100100100100 [
b111 m
1%
1+
#44000000
0+
#44020000
b0 r
1;
1$
0%
b110000100100100011 [
1+
#44040000
0+
#44060000
b111010 \
b111010 X
0_
b110000100100100010 [
1#
0;
1+
#44080000
0+
#44100000
1_
1a
1^
b110000100100100001 [
1+
#44120000
0+
#44140000
b110000100100100000 [
0^
0a
b1 r
b0 m
0$
1+
#44160000
0+
#44180000
b1 m
1%
0#
b110000100100011111 [
1+
#44200000
0+
#44220000
b110000100100011110 [
0%
1+
#44240000
0+
#44260000
b10 m
1%
b110000100100011101 [
1+
#44280000
0+
#44300000
b110000100100011100 [
0%
1+
#44320000
0+
#44340000
b11 m
1%
b110000100100011011 [
1+
#44360000
0+
#44380000
b110000100100011010 [
0%
1+
#44400000
0+
#44420000
b100 m
1%
b110000100100011001 [
1+
#44440000
0+
#44460000
b110000100100011000 [
0%
1+
#44480000
0+
#44500000
b101 m
1%
b110000100100010111 [
1+
#44520000
0+
#44540000
b110000100100010110 [
0%
1+
#44560000
0+
#44580000
b110 m
1%
b110000100100010101 [
1+
#44600000
0+
#44620000
b110000100100010100 [
0%
1+
#44640000
0+
#44660000
b111 m
1%
b110000100100010011 [
1+
#44680000
0+
#44700000
b110000100100010010 [
b0 r
1;
1$
0%
1+
#44720000
0+
#44740000
1#
0;
b111011 \
b111011 X
0_
b110000100100010001 [
1+
#44760000
0+
#44780000
1_
1a
1^
b110000100100010000 [
1+
#44800000
0+
#44820000
b1 r
b0 m
0$
b110000100100001111 [
0^
0a
1+
#44840000
0+
#44860000
b110000100100001110 [
b1 m
1%
0#
1+
#44880000
0+
#44900000
0%
b110000100100001101 [
1+
#44920000
0+
#44940000
b110000100100001100 [
b10 m
1%
1+
#44960000
0+
#44980000
0%
b110000100100001011 [
1+
#45000000
0+
#45020000
b110000100100001010 [
b11 m
1%
1+
#45040000
0+
#45060000
0%
b110000100100001001 [
1+
#45080000
0+
#45100000
b110000100100001000 [
b100 m
1%
1+
#45120000
0+
#45140000
0%
b110000100100000111 [
1+
#45160000
0+
#45180000
b110000100100000110 [
b101 m
1%
1+
#45200000
0+
#45220000
0%
b110000100100000101 [
1+
#45240000
0+
#45260000
b110000100100000100 [
b110 m
1%
1+
#45280000
0+
#45300000
0%
b110000100100000011 [
1+
#45320000
0+
#45340000
b110000100100000010 [
b111 m
1%
1+
#45360000
0+
#45380000
b0 r
1;
1$
0%
b110000100100000001 [
1+
#45400000
0+
#45420000
b111100 \
b111100 X
0_
b110000100100000000 [
1#
0;
1+
#45440000
0+
#45460000
1_
1a
1^
b110000100011111111 [
1+
#45480000
0+
#45500000
b110000100011111110 [
0^
0a
b1 r
b0 m
0$
1+
#45520000
0+
#45540000
b1 m
1%
0#
b110000100011111101 [
1+
#45560000
0+
#45580000
b110000100011111100 [
0%
1+
#45600000
0+
#45620000
b10 m
1%
b110000100011111011 [
1+
#45640000
0+
#45660000
b110000100011111010 [
0%
1+
#45680000
0+
#45700000
b11 m
1%
b110000100011111001 [
1+
#45720000
0+
#45740000
b110000100011111000 [
0%
1+
#45760000
0+
#45780000
b100 m
1%
b110000100011110111 [
1+
#45800000
0+
#45820000
b110000100011110110 [
0%
1+
#45840000
0+
#45860000
b101 m
1%
b110000100011110101 [
1+
#45880000
0+
#45900000
b110000100011110100 [
0%
1+
#45920000
0+
#45940000
b110 m
1%
b110000100011110011 [
1+
#45960000
0+
#45980000
b110000100011110010 [
0%
1+
#46000000
0+
#46020000
b111 m
1%
b110000100011110001 [
1+
#46040000
0+
#46060000
b110000100011110000 [
b0 r
1;
1$
0%
1+
#46080000
0+
#46100000
1#
0;
b111101 \
b111101 X
0_
b110000100011101111 [
1+
#46120000
0+
#46140000
1_
1a
1^
b110000100011101110 [
1+
#46160000
0+
#46180000
b1 r
b0 m
0$
b110000100011101101 [
0^
0a
1+
#46200000
0+
#46220000
b110000100011101100 [
b1 m
1%
0#
1+
#46240000
0+
#46260000
0%
b110000100011101011 [
1+
#46280000
0+
#46300000
b110000100011101010 [
b10 m
1%
1+
#46320000
0+
#46340000
0%
b110000100011101001 [
1+
#46360000
0+
#46380000
b110000100011101000 [
b11 m
1%
1+
#46400000
0+
#46420000
0%
b110000100011100111 [
1+
#46440000
0+
#46460000
b110000100011100110 [
b100 m
1%
1+
#46480000
0+
#46500000
0%
b110000100011100101 [
1+
#46520000
0+
#46540000
b110000100011100100 [
b101 m
1%
1+
#46560000
0+
#46580000
0%
b110000100011100011 [
1+
#46600000
0+
#46620000
b110000100011100010 [
b110 m
1%
1+
#46640000
0+
#46660000
0%
b110000100011100001 [
1+
#46680000
0+
#46700000
b110000100011100000 [
b111 m
1%
1+
#46720000
0+
#46740000
b0 r
1;
1$
0%
b110000100011011111 [
1+
#46760000
0+
#46780000
b111110 \
b111110 X
0_
b110000100011011110 [
1#
0;
1+
#46800000
0+
#46820000
1_
1a
1^
b110000100011011101 [
1+
#46840000
0+
#46860000
b110000100011011100 [
0^
0a
b1 r
b0 m
0$
1+
#46880000
0+
#46900000
b1 m
1%
0#
b110000100011011011 [
1+
#46920000
0+
#46940000
b110000100011011010 [
0%
1+
#46960000
0+
#46980000
b10 m
1%
b110000100011011001 [
1+
#47000000
0+
#47020000
b110000100011011000 [
0%
1+
#47040000
0+
#47060000
b11 m
1%
b110000100011010111 [
1+
#47080000
0+
#47100000
b110000100011010110 [
0%
1+
#47120000
0+
#47140000
b100 m
1%
b110000100011010101 [
1+
#47160000
0+
#47180000
b110000100011010100 [
0%
1+
#47200000
0+
#47220000
b101 m
1%
b110000100011010011 [
1+
#47240000
0+
#47260000
b110000100011010010 [
0%
1+
#47280000
0+
#47300000
b110 m
1%
b110000100011010001 [
1+
#47320000
0+
#47340000
b110000100011010000 [
0%
1+
#47360000
0+
#47380000
b111 m
1%
b110000100011001111 [
1+
#47400000
0+
#47420000
b110000100011001110 [
b0 r
1;
1$
0%
1+
#47440000
0+
#47460000
1#
0;
b111111 \
b111111 X
0_
b110000100011001101 [
1+
#47480000
0+
#47500000
1_
1a
1^
b110000100011001100 [
1+
#47520000
0+
#47540000
b1 r
b0 m
0$
b110000100011001011 [
0^
0a
1+
#47560000
0+
#47580000
b110000100011001010 [
b1 m
1%
0#
1+
#47600000
0+
#47620000
0%
b110000100011001001 [
1+
#47640000
0+
#47660000
b110000100011001000 [
b10 m
1%
1+
#47680000
0+
#47700000
0%
b110000100011000111 [
1+
#47720000
0+
#47740000
b110000100011000110 [
b11 m
1%
1+
#47760000
0+
#47780000
0%
b110000100011000101 [
1+
#47800000
0+
#47820000
b110000100011000100 [
b100 m
1%
1+
#47840000
0+
#47860000
0%
b110000100011000011 [
1+
#47880000
0+
#47900000
b110000100011000010 [
b101 m
1%
1+
#47920000
0+
#47940000
0%
b110000100011000001 [
1+
#47960000
0+
#47980000
b110000100011000000 [
b110 m
1%
1+
#48000000
0+
#48020000
0%
b110000100010111111 [
1+
#48040000
0+
#48060000
b110000100010111110 [
b111 m
1%
1+
#48080000
0+
#48100000
b0 r
1;
1$
0%
b110000100010111101 [
1+
#48120000
0+
#48140000
b1000000 \
b1000000 X
0_
b110000100010111100 [
1#
0;
1+
#48160000
0+
#48180000
1_
1a
1^
b110000100010111011 [
b1000000 .
1+
#48200000
0+
#48220000
b110000100010111010 [
0^
0a
b1 r
b0 m
0$
1+
#48240000
0+
#48260000
b1 m
1%
0#
b110000100010111001 [
1+
#48280000
0+
#48300000
b110000100010111000 [
0%
1+
#48320000
0+
#48340000
b10 m
1%
b110000100010110111 [
1+
#48360000
0+
#48380000
b110000100010110110 [
0%
1+
#48400000
0+
#48420000
b11 m
1%
b110000100010110101 [
1+
#48440000
0+
#48460000
b110000100010110100 [
0%
1+
#48480000
0+
#48500000
b100 m
1%
b110000100010110011 [
1+
#48520000
0+
#48540000
b110000100010110010 [
0%
1+
#48560000
0+
#48580000
b101 m
1%
b110000100010110001 [
1+
#48600000
0+
#48620000
b110000100010110000 [
0%
1+
#48640000
0+
#48660000
b110 m
1%
b110000100010101111 [
1+
#48680000
0+
#48700000
b110000100010101110 [
0%
1+
#48720000
0+
#48740000
b111 m
1%
b110000100010101101 [
1+
#48760000
0+
#48780000
b110000100010101100 [
b0 r
1;
1$
0%
1+
#48800000
0+
#48820000
1#
0;
b1000001 \
b1000001 X
0_
b110000100010101011 [
1+
#48840000
0+
#48860000
1_
1a
1^
b110000100010101010 [
1+
#48880000
0+
#48900000
b1 r
b0 m
0$
b110000100010101001 [
0^
0a
1+
#48920000
0+
#48940000
b110000100010101000 [
b1 m
1%
0#
1+
#48960000
0+
#48980000
0%
b110000100010100111 [
1+
#49000000
0+
#49020000
b110000100010100110 [
b10 m
1%
1+
#49040000
0+
#49060000
0%
b110000100010100101 [
1+
#49080000
0+
#49100000
b110000100010100100 [
b11 m
1%
1+
#49120000
0+
#49140000
0%
b110000100010100011 [
1+
#49160000
0+
#49180000
b110000100010100010 [
b100 m
1%
1+
#49200000
0+
#49220000
0%
b110000100010100001 [
1+
#49240000
0+
#49260000
b110000100010100000 [
b101 m
1%
1+
#49280000
0+
#49300000
0%
b110000100010011111 [
1+
#49320000
0+
#49340000
b110000100010011110 [
b110 m
1%
1+
#49360000
0+
#49380000
0%
b110000100010011101 [
1+
#49400000
0+
#49420000
b110000100010011100 [
b111 m
1%
1+
#49440000
0+
#49460000
b0 r
1;
1$
0%
b110000100010011011 [
1+
#49480000
0+
#49500000
b1000010 \
b1000010 X
0_
b110000100010011010 [
1#
0;
1+
#49520000
0+
#49540000
1_
1a
1^
b110000100010011001 [
1+
#49560000
0+
#49580000
b110000100010011000 [
0^
0a
b1 r
b0 m
0$
1+
#49600000
0+
#49620000
b1 m
1%
0#
b110000100010010111 [
1+
#49640000
0+
#49660000
b110000100010010110 [
0%
1+
#49680000
0+
#49700000
b10 m
1%
b110000100010010101 [
1+
#49720000
0+
#49740000
b110000100010010100 [
0%
1+
#49760000
0+
#49780000
b11 m
1%
b110000100010010011 [
1+
#49800000
0+
#49820000
b110000100010010010 [
0%
1+
#49840000
0+
#49860000
b100 m
1%
b110000100010010001 [
1+
#49880000
0+
#49900000
b110000100010010000 [
0%
1+
#49920000
0+
#49940000
b101 m
1%
b110000100010001111 [
1+
#49960000
0+
#49980000
b110000100010001110 [
0%
1+
#50000000
0+
#50020000
b110 m
1%
b110000100010001101 [
1+
#50040000
0+
#50060000
b110000100010001100 [
0%
1+
#50080000
0+
#50100000
b111 m
1%
b110000100010001011 [
1+
#50120000
0+
#50140000
b110000100010001010 [
b0 r
1;
1$
0%
1+
#50160000
0+
#50180000
1#
0;
b1000011 \
b1000011 X
0_
b110000100010001001 [
1+
#50200000
0+
#50220000
1_
1a
1^
b110000100010001000 [
1+
#50240000
0+
#50260000
b1 r
b0 m
0$
b110000100010000111 [
0^
0a
1+
#50280000
0+
#50300000
b110000100010000110 [
b1 m
1%
0#
1+
#50320000
0+
#50340000
0%
b110000100010000101 [
1+
#50360000
0+
#50380000
b110000100010000100 [
b10 m
1%
1+
#50400000
0+
#50420000
0%
b110000100010000011 [
1+
#50440000
0+
#50460000
b110000100010000010 [
b11 m
1%
1+
#50480000
0+
#50500000
0%
b110000100010000001 [
1+
#50520000
0+
#50540000
b110000100010000000 [
b100 m
1%
1+
#50560000
0+
#50580000
0%
b110000100001111111 [
1+
#50600000
0+
#50620000
b110000100001111110 [
b101 m
1%
1+
#50640000
0+
#50660000
0%
b110000100001111101 [
1+
#50680000
0+
#50700000
b110000100001111100 [
b110 m
1%
1+
#50720000
0+
#50740000
0%
b110000100001111011 [
1+
#50760000
0+
#50780000
b110000100001111010 [
b111 m
1%
1+
#50800000
0+
#50820000
b0 r
1;
1$
0%
b110000100001111001 [
1+
#50840000
0+
#50860000
b1000100 \
b1000100 X
0_
b110000100001111000 [
1#
0;
1+
#50880000
0+
#50900000
1_
1a
1^
b110000100001110111 [
1+
#50920000
0+
#50940000
b110000100001110110 [
0^
0a
b1 r
b0 m
0$
1+
#50960000
0+
#50980000
b1 m
1%
0#
b110000100001110101 [
1+
#51000000
0+
#51020000
b110000100001110100 [
0%
1+
#51040000
0+
#51060000
b10 m
1%
b110000100001110011 [
1+
#51080000
0+
#51100000
b110000100001110010 [
0%
1+
#51120000
0+
#51140000
b11 m
1%
b110000100001110001 [
1+
#51160000
0+
#51180000
b110000100001110000 [
0%
1+
#51200000
0+
#51220000
b100 m
1%
b110000100001101111 [
1+
#51240000
0+
#51260000
b110000100001101110 [
0%
1+
#51280000
0+
#51300000
b101 m
1%
b110000100001101101 [
1+
#51320000
0+
#51340000
b110000100001101100 [
0%
1+
#51360000
0+
#51380000
b110 m
1%
b110000100001101011 [
1+
#51400000
0+
#51420000
b110000100001101010 [
0%
1+
#51440000
0+
#51460000
b111 m
1%
b110000100001101001 [
1+
#51480000
0+
#51500000
b110000100001101000 [
b0 r
1;
1$
0%
1+
#51520000
0+
#51540000
1#
0;
b1000101 \
b1000101 X
0_
b110000100001100111 [
1+
#51560000
0+
#51580000
1_
1a
1^
b110000100001100110 [
1+
#51600000
0+
#51620000
b1 r
b0 m
0$
b110000100001100101 [
0^
0a
1+
#51640000
0+
#51660000
b110000100001100100 [
b1 m
1%
0#
1+
#51680000
0+
#51700000
0%
b110000100001100011 [
1+
#51720000
0+
#51740000
b110000100001100010 [
b10 m
1%
1+
#51760000
0+
#51780000
0%
b110000100001100001 [
1+
#51800000
0+
#51820000
b110000100001100000 [
b11 m
1%
1+
#51840000
0+
#51860000
0%
b110000100001011111 [
1+
#51880000
0+
#51900000
b110000100001011110 [
b100 m
1%
1+
#51920000
0+
#51940000
0%
b110000100001011101 [
1+
#51960000
0+
#51980000
b110000100001011100 [
b101 m
1%
1+
#52000000
0+
#52020000
0%
b110000100001011011 [
1+
#52040000
0+
#52060000
b110000100001011010 [
b110 m
1%
1+
#52080000
0+
#52100000
0%
b110000100001011001 [
1+
#52120000
0+
#52140000
b110000100001011000 [
b111 m
1%
1+
#52160000
0+
#52180000
b0 r
1;
1$
0%
b110000100001010111 [
1+
#52200000
0+
#52220000
b1000110 \
b1000110 X
0_
b110000100001010110 [
1#
0;
1+
#52240000
0+
#52260000
1_
1a
1^
b110000100001010101 [
1+
#52280000
0+
#52300000
b110000100001010100 [
0^
0a
b1 r
b0 m
0$
1+
#52320000
0+
#52340000
b1 m
1%
0#
b110000100001010011 [
1+
#52360000
0+
#52380000
b110000100001010010 [
0%
1+
#52400000
0+
#52420000
b10 m
1%
b110000100001010001 [
1+
#52440000
0+
#52460000
b110000100001010000 [
0%
1+
#52480000
0+
#52500000
b11 m
1%
b110000100001001111 [
1+
#52520000
0+
#52540000
b110000100001001110 [
0%
1+
#52560000
0+
#52580000
b100 m
1%
b110000100001001101 [
1+
#52600000
0+
#52620000
b110000100001001100 [
0%
1+
#52640000
0+
#52660000
b101 m
1%
b110000100001001011 [
1+
#52680000
0+
#52700000
b110000100001001010 [
0%
1+
#52720000
0+
#52740000
b110 m
1%
b110000100001001001 [
1+
#52760000
0+
#52780000
b110000100001001000 [
0%
1+
#52800000
0+
#52820000
b111 m
1%
b110000100001000111 [
1+
#52840000
0+
#52860000
b110000100001000110 [
b0 r
1;
1$
0%
1+
#52880000
0+
#52900000
1#
0;
b1000111 \
b1000111 X
0_
b110000100001000101 [
1+
#52920000
0+
#52940000
1_
1a
1^
b110000100001000100 [
1+
#52960000
0+
#52980000
b1 r
b0 m
0$
b110000100001000011 [
0^
0a
1+
#53000000
0+
#53020000
b110000100001000010 [
b1 m
1%
0#
1+
#53040000
0+
#53060000
0%
b110000100001000001 [
1+
#53080000
0+
#53100000
b110000100001000000 [
b10 m
1%
1+
#53120000
0+
#53140000
0%
b110000100000111111 [
1+
#53160000
0+
#53180000
b110000100000111110 [
b11 m
1%
1+
#53200000
0+
#53220000
0%
b110000100000111101 [
1+
#53240000
0+
#53260000
b110000100000111100 [
b100 m
1%
1+
#53280000
0+
#53300000
0%
b110000100000111011 [
1+
#53320000
0+
#53340000
b110000100000111010 [
b101 m
1%
1+
#53360000
0+
#53380000
0%
b110000100000111001 [
1+
#53400000
0+
#53420000
b110000100000111000 [
b110 m
1%
1+
#53440000
0+
#53460000
0%
b110000100000110111 [
1+
#53480000
0+
#53500000
b110000100000110110 [
b111 m
1%
1+
#53520000
0+
#53540000
b0 r
1;
1$
0%
b110000100000110101 [
1+
#53560000
0+
#53580000
b1001000 \
b1001000 X
0_
b110000100000110100 [
1#
0;
1+
#53600000
0+
#53620000
1_
1a
1^
b110000100000110011 [
1+
#53640000
0+
#53660000
b110000100000110010 [
0^
0a
b1 r
b0 m
0$
1+
#53680000
0+
#53700000
b1 m
1%
0#
b110000100000110001 [
1+
#53720000
0+
#53740000
b110000100000110000 [
0%
1+
#53760000
0+
#53780000
b10 m
1%
b110000100000101111 [
1+
#53800000
0+
#53820000
b110000100000101110 [
0%
1+
#53840000
0+
#53860000
b11 m
1%
b110000100000101101 [
1+
#53880000
0+
#53900000
b110000100000101100 [
0%
1+
#53920000
0+
#53940000
b100 m
1%
b110000100000101011 [
1+
#53960000
0+
#53980000
b110000100000101010 [
0%
1+
#54000000
0+
#54020000
b101 m
1%
b110000100000101001 [
1+
#54040000
0+
#54060000
b110000100000101000 [
0%
1+
#54080000
0+
#54100000
b110 m
1%
b110000100000100111 [
1+
#54120000
0+
#54140000
b110000100000100110 [
0%
1+
#54160000
0+
#54180000
b111 m
1%
b110000100000100101 [
1+
#54200000
0+
#54220000
b110000100000100100 [
b0 r
1;
1$
0%
1+
#54240000
0+
#54260000
1#
0;
b1001001 \
b1001001 X
0_
b110000100000100011 [
1+
#54280000
0+
#54300000
1_
1a
1^
b110000100000100010 [
1+
#54320000
0+
#54340000
b1 r
b0 m
0$
b110000100000100001 [
0^
0a
1+
#54360000
0+
#54380000
b110000100000100000 [
b1 m
1%
0#
1+
#54400000
0+
#54420000
0%
b110000100000011111 [
1+
#54440000
0+
#54460000
b110000100000011110 [
b10 m
1%
1+
#54480000
0+
#54500000
0%
b110000100000011101 [
1+
#54520000
0+
#54540000
b110000100000011100 [
b11 m
1%
1+
#54560000
0+
#54580000
0%
b110000100000011011 [
1+
#54600000
0+
#54620000
b110000100000011010 [
b100 m
1%
1+
#54640000
0+
#54660000
0%
b110000100000011001 [
1+
#54680000
0+
#54700000
b110000100000011000 [
b101 m
1%
1+
#54720000
0+
#54740000
0%
b110000100000010111 [
1+
#54760000
0+
#54780000
b110000100000010110 [
b110 m
1%
1+
#54800000
0+
#54820000
0%
b110000100000010101 [
1+
#54840000
0+
#54860000
b110000100000010100 [
b111 m
1%
1+
#54880000
0+
#54900000
b0 r
1;
1$
0%
b110000100000010011 [
1+
#54920000
0+
#54940000
b1001010 \
b1001010 X
0_
b110000100000010010 [
1#
0;
1+
#54960000
0+
#54980000
1_
1a
1^
b110000100000010001 [
1+
#55000000
0+
#55020000
b110000100000010000 [
0^
0a
b1 r
b0 m
0$
1+
#55040000
0+
#55060000
b1 m
1%
0#
b110000100000001111 [
1+
#55080000
0+
#55100000
b110000100000001110 [
0%
1+
#55120000
0+
#55140000
b10 m
1%
b110000100000001101 [
1+
#55160000
0+
#55180000
b110000100000001100 [
0%
1+
#55200000
0+
#55220000
b11 m
1%
b110000100000001011 [
1+
#55240000
0+
#55260000
b110000100000001010 [
0%
1+
#55280000
0+
#55300000
b100 m
1%
b110000100000001001 [
1+
#55320000
0+
#55340000
b110000100000001000 [
0%
1+
#55360000
0+
#55380000
b101 m
1%
b110000100000000111 [
1+
#55400000
0+
#55420000
b110000100000000110 [
0%
1+
#55440000
0+
#55460000
b110 m
1%
b110000100000000101 [
1+
#55480000
0+
#55500000
b110000100000000100 [
0%
1+
#55520000
0+
#55540000
b111 m
1%
b110000100000000011 [
1+
#55560000
0+
#55580000
b110000100000000010 [
b0 r
1;
1$
0%
1+
#55600000
0+
#55620000
1#
0;
b1001011 \
b1001011 X
0_
b110000100000000001 [
1+
#55640000
0+
#55660000
1_
1a
1^
b110000100000000000 [
1+
#55680000
0+
#55700000
b1 r
b0 m
0$
b110000011111111111 [
0^
0a
1+
#55720000
0+
#55740000
b110000011111111110 [
b1 m
1%
0#
1+
#55760000
0+
#55780000
0%
b110000011111111101 [
1+
#55800000
0+
#55820000
b110000011111111100 [
b10 m
1%
1+
#55840000
0+
#55860000
0%
b110000011111111011 [
1+
#55880000
0+
#55900000
b110000011111111010 [
b11 m
1%
1+
#55920000
0+
#55940000
0%
b110000011111111001 [
1+
#55960000
0+
#55980000
b110000011111111000 [
b100 m
1%
1+
#56000000
0+
#56020000
0%
b110000011111110111 [
1+
#56040000
0+
#56060000
b110000011111110110 [
b101 m
1%
1+
#56080000
0+
#56100000
0%
b110000011111110101 [
1+
#56120000
0+
#56140000
b110000011111110100 [
b110 m
1%
1+
#56160000
0+
#56180000
0%
b110000011111110011 [
1+
#56200000
0+
#56220000
b110000011111110010 [
b111 m
1%
1+
#56240000
0+
#56260000
b0 r
1;
1$
0%
b110000011111110001 [
1+
#56280000
0+
#56300000
b1001100 \
b1001100 X
0_
b110000011111110000 [
1#
0;
1+
#56320000
0+
#56340000
1_
1a
1^
b110000011111101111 [
1+
#56360000
0+
#56380000
b110000011111101110 [
0^
0a
b1 r
b0 m
0$
1+
#56400000
0+
#56420000
b1 m
1%
0#
b110000011111101101 [
1+
#56440000
0+
#56460000
b110000011111101100 [
0%
1+
#56480000
0+
#56500000
b10 m
1%
b110000011111101011 [
1+
#56520000
0+
#56540000
b110000011111101010 [
0%
1+
#56560000
0+
#56580000
b11 m
1%
b110000011111101001 [
1+
#56600000
0+
#56620000
b110000011111101000 [
0%
1+
#56640000
0+
#56660000
b100 m
1%
b110000011111100111 [
1+
#56680000
0+
#56700000
b110000011111100110 [
0%
1+
#56720000
0+
#56740000
b101 m
1%
b110000011111100101 [
1+
#56760000
0+
#56780000
b110000011111100100 [
0%
1+
#56800000
0+
#56820000
b110 m
1%
b110000011111100011 [
1+
#56840000
0+
#56860000
b110000011111100010 [
0%
1+
#56880000
0+
#56900000
b111 m
1%
b110000011111100001 [
1+
#56920000
0+
#56940000
b110000011111100000 [
b0 r
1;
1$
0%
1+
#56960000
0+
#56980000
1#
0;
b1001101 \
b1001101 X
0_
b110000011111011111 [
1+
#57000000
0+
#57020000
1_
1a
1^
b110000011111011110 [
1+
#57040000
0+
#57060000
b1 r
b0 m
0$
b110000011111011101 [
0^
0a
1+
#57080000
0+
#57100000
b110000011111011100 [
b1 m
1%
0#
1+
#57120000
0+
#57140000
0%
b110000011111011011 [
1+
#57160000
0+
#57180000
b110000011111011010 [
b10 m
1%
1+
#57200000
0+
#57220000
0%
b110000011111011001 [
1+
#57240000
0+
#57260000
b110000011111011000 [
b11 m
1%
1+
#57280000
0+
#57300000
0%
b110000011111010111 [
1+
#57320000
0+
#57340000
b110000011111010110 [
b100 m
1%
1+
#57360000
0+
#57380000
0%
b110000011111010101 [
1+
#57400000
0+
#57420000
b110000011111010100 [
b101 m
1%
1+
#57440000
0+
#57460000
0%
b110000011111010011 [
1+
#57480000
0+
#57500000
b110000011111010010 [
b110 m
1%
1+
#57520000
0+
#57540000
0%
b110000011111010001 [
1+
#57560000
0+
#57580000
b110000011111010000 [
b111 m
1%
1+
#57600000
0+
#57620000
b0 r
1;
1$
0%
b110000011111001111 [
1+
#57640000
0+
#57660000
b1001110 \
b1001110 X
0_
b110000011111001110 [
1#
0;
1+
#57680000
0+
#57700000
1_
1a
1^
b110000011111001101 [
1+
#57720000
0+
#57740000
b110000011111001100 [
0^
0a
b1 r
b0 m
0$
1+
#57760000
0+
#57780000
b1 m
1%
0#
b110000011111001011 [
1+
#57800000
0+
#57820000
b110000011111001010 [
0%
1+
#57840000
0+
#57860000
b10 m
1%
b110000011111001001 [
1+
#57880000
0+
#57900000
b110000011111001000 [
0%
1+
#57920000
0+
#57940000
b11 m
1%
b110000011111000111 [
1+
#57960000
0+
#57980000
b110000011111000110 [
0%
1+
#58000000
0+
#58020000
b100 m
1%
b110000011111000101 [
1+
#58040000
0+
#58060000
b110000011111000100 [
0%
1+
#58080000
0+
#58100000
b101 m
1%
b110000011111000011 [
1+
#58120000
0+
#58140000
b110000011111000010 [
0%
1+
#58160000
0+
#58180000
b110 m
1%
b110000011111000001 [
1+
#58200000
0+
#58220000
b110000011111000000 [
0%
1+
#58240000
0+
#58260000
b111 m
1%
b110000011110111111 [
1+
#58280000
0+
#58300000
b110000011110111110 [
b0 r
1;
1$
0%
1+
#58320000
0+
#58340000
1#
0;
b1001111 \
b1001111 X
0_
b110000011110111101 [
1+
#58360000
0+
#58380000
1_
1a
1^
b110000011110111100 [
1+
#58400000
0+
#58420000
b1 r
b0 m
0$
b110000011110111011 [
0^
0a
1+
#58440000
0+
#58460000
b110000011110111010 [
b1 m
1%
0#
1+
#58480000
0+
#58500000
0%
b110000011110111001 [
1+
#58520000
0+
#58540000
b110000011110111000 [
b10 m
1%
1+
#58560000
0+
#58580000
0%
b110000011110110111 [
1+
#58600000
0+
#58620000
b110000011110110110 [
b11 m
1%
1+
#58640000
0+
#58660000
0%
b110000011110110101 [
1+
#58680000
0+
#58700000
b110000011110110100 [
b100 m
1%
1+
#58720000
0+
#58740000
0%
b110000011110110011 [
1+
#58760000
0+
#58780000
b110000011110110010 [
b101 m
1%
1+
#58800000
0+
#58820000
0%
b110000011110110001 [
1+
#58840000
0+
#58860000
b110000011110110000 [
b110 m
1%
1+
#58880000
0+
#58900000
0%
b110000011110101111 [
1+
#58920000
0+
#58940000
b110000011110101110 [
b111 m
1%
1+
#58960000
0+
#58980000
b0 r
1;
1$
0%
b110000011110101101 [
1+
#59000000
0+
#59020000
b1010000 \
b1010000 X
0_
b110000011110101100 [
1#
0;
1+
#59040000
0+
#59060000
1_
1a
1^
b110000011110101011 [
1+
#59080000
0+
#59100000
b110000011110101010 [
0^
0a
b1 r
b0 m
0$
1+
#59120000
0+
#59140000
b1 m
1%
0#
b110000011110101001 [
1+
#59160000
0+
#59180000
b110000011110101000 [
0%
1+
#59200000
0+
#59220000
b10 m
1%
b110000011110100111 [
1+
#59240000
0+
#59260000
b110000011110100110 [
0%
1+
#59280000
0+
#59300000
b11 m
1%
b110000011110100101 [
1+
#59320000
0+
#59340000
b110000011110100100 [
0%
1+
#59360000
0+
#59380000
b100 m
1%
b110000011110100011 [
1+
#59400000
0+
#59420000
b110000011110100010 [
0%
1+
#59440000
0+
#59460000
b101 m
1%
b110000011110100001 [
1+
#59480000
0+
#59500000
b110000011110100000 [
0%
1+
#59520000
0+
#59540000
b110 m
1%
b110000011110011111 [
1+
#59560000
0+
#59580000
b110000011110011110 [
0%
1+
#59600000
0+
#59620000
b111 m
1%
b110000011110011101 [
1+
#59640000
0+
#59660000
b110000011110011100 [
b0 r
1;
1$
0%
1+
#59680000
0+
#59700000
1#
0;
b1010001 \
b1010001 X
0_
b110000011110011011 [
1+
#59720000
0+
#59740000
1_
1a
1^
b110000011110011010 [
1+
#59760000
0+
#59780000
b1 r
b0 m
0$
b110000011110011001 [
0^
0a
1+
#59800000
0+
#59820000
b110000011110011000 [
b1 m
1%
0#
1+
#59840000
0+
#59860000
0%
b110000011110010111 [
1+
#59880000
0+
#59900000
b110000011110010110 [
b10 m
1%
1+
#59920000
0+
#59940000
0%
b110000011110010101 [
1+
#59960000
0+
#59980000
b110000011110010100 [
b11 m
1%
1+
#60000000
0+
#60020000
0%
b110000011110010011 [
1+
#60040000
0+
#60060000
b110000011110010010 [
b100 m
1%
1+
#60080000
0+
#60100000
0%
b110000011110010001 [
1+
#60120000
0+
#60140000
b110000011110010000 [
b101 m
1%
1+
#60160000
0+
#60180000
0%
b110000011110001111 [
1+
#60200000
0+
#60220000
b110000011110001110 [
b110 m
1%
1+
#60240000
0+
#60260000
0%
b110000011110001101 [
1+
#60280000
0+
#60300000
b110000011110001100 [
b111 m
1%
1+
#60320000
0+
#60340000
b0 r
1;
1$
0%
b110000011110001011 [
1+
#60360000
0+
#60380000
b1010010 \
b1010010 X
0_
b110000011110001010 [
1#
0;
1+
#60400000
0+
#60420000
1_
1a
1^
b110000011110001001 [
1+
#60440000
0+
#60460000
b110000011110001000 [
0^
0a
b1 r
b0 m
0$
1+
#60480000
0+
#60500000
b1 m
1%
0#
b110000011110000111 [
1+
#60520000
0+
#60540000
b110000011110000110 [
0%
1+
#60560000
0+
#60580000
b10 m
1%
b110000011110000101 [
1+
#60600000
0+
#60620000
b110000011110000100 [
0%
1+
#60640000
0+
#60660000
b11 m
1%
b110000011110000011 [
1+
#60680000
0+
#60700000
b110000011110000010 [
0%
1+
#60720000
0+
#60740000
b100 m
1%
b110000011110000001 [
1+
#60760000
0+
#60780000
b110000011110000000 [
0%
1+
#60800000
0+
#60820000
b101 m
1%
b110000011101111111 [
1+
#60840000
0+
#60860000
b110000011101111110 [
0%
1+
#60880000
0+
#60900000
b110 m
1%
b110000011101111101 [
1+
#60920000
0+
#60940000
b110000011101111100 [
0%
1+
#60960000
0+
#60980000
b111 m
1%
b110000011101111011 [
1+
#61000000
0+
#61020000
b110000011101111010 [
b0 r
1;
1$
0%
1+
#61040000
0+
#61060000
1#
0;
b1010011 \
b1010011 X
0_
b110000011101111001 [
1+
#61080000
0+
#61100000
1_
1a
1^
b110000011101111000 [
1+
#61120000
0+
#61140000
b1 r
b0 m
0$
b110000011101110111 [
0^
0a
1+
#61160000
0+
#61180000
b110000011101110110 [
b1 m
1%
0#
1+
#61200000
0+
#61220000
0%
b110000011101110101 [
1+
#61240000
0+
#61260000
b110000011101110100 [
b10 m
1%
1+
#61280000
0+
#61300000
0%
b110000011101110011 [
1+
#61320000
0+
#61340000
b110000011101110010 [
b11 m
1%
1+
#61360000
0+
#61380000
0%
b110000011101110001 [
1+
#61400000
0+
#61420000
b110000011101110000 [
b100 m
1%
1+
#61440000
0+
#61460000
0%
b110000011101101111 [
1+
#61480000
0+
#61500000
b110000011101101110 [
b101 m
1%
1+
#61520000
0+
#61540000
0%
b110000011101101101 [
1+
#61560000
0+
#61580000
b110000011101101100 [
b110 m
1%
1+
#61600000
0+
#61620000
0%
b110000011101101011 [
1+
#61640000
0+
#61660000
b110000011101101010 [
b111 m
1%
1+
#61680000
0+
#61700000
b0 r
1;
1$
0%
b110000011101101001 [
1+
#61720000
0+
#61740000
b1010100 \
b1010100 X
0_
b110000011101101000 [
1#
0;
1+
#61760000
0+
#61780000
1_
1a
1^
b110000011101100111 [
1+
#61800000
0+
#61820000
b110000011101100110 [
0^
0a
b1 r
b0 m
0$
1+
#61840000
0+
#61860000
b1 m
1%
0#
b110000011101100101 [
1+
#61880000
0+
#61900000
b110000011101100100 [
0%
1+
#61920000
0+
#61940000
b10 m
1%
b110000011101100011 [
1+
#61960000
0+
#61980000
b110000011101100010 [
0%
1+
#62000000
0+
#62020000
b11 m
1%
b110000011101100001 [
1+
#62040000
0+
#62060000
b110000011101100000 [
0%
1+
#62080000
0+
#62100000
b100 m
1%
b110000011101011111 [
1+
#62120000
0+
#62140000
b110000011101011110 [
0%
1+
#62160000
0+
#62180000
b101 m
1%
b110000011101011101 [
1+
#62200000
0+
#62220000
b110000011101011100 [
0%
1+
#62240000
0+
#62260000
b110 m
1%
b110000011101011011 [
1+
#62280000
0+
#62300000
b110000011101011010 [
0%
1+
#62320000
0+
#62340000
b111 m
1%
b110000011101011001 [
1+
#62360000
0+
#62380000
b110000011101011000 [
b0 r
1;
1$
0%
1+
#62400000
0+
#62420000
1#
0;
b1010101 \
b1010101 X
0_
b110000011101010111 [
1+
#62440000
0+
#62460000
1_
1a
1^
b110000011101010110 [
1+
#62480000
0+
#62500000
b1 r
b0 m
0$
b110000011101010101 [
0^
0a
1+
#62520000
0+
#62540000
b110000011101010100 [
b1 m
1%
0#
1+
#62560000
0+
#62580000
0%
b110000011101010011 [
1+
#62600000
0+
#62620000
b110000011101010010 [
b10 m
1%
1+
#62640000
0+
#62660000
0%
b110000011101010001 [
1+
#62680000
0+
#62700000
b110000011101010000 [
b11 m
1%
1+
#62720000
0+
#62740000
0%
b110000011101001111 [
1+
#62760000
0+
#62780000
b110000011101001110 [
b100 m
1%
1+
#62800000
0+
#62820000
0%
b110000011101001101 [
1+
#62840000
0+
#62860000
b110000011101001100 [
b101 m
1%
1+
#62880000
0+
#62900000
0%
b110000011101001011 [
1+
#62920000
0+
#62940000
b110000011101001010 [
b110 m
1%
1+
#62960000
0+
#62980000
0%
b110000011101001001 [
1+
#63000000
0+
#63020000
b110000011101001000 [
b111 m
1%
1+
#63040000
0+
#63060000
b0 r
1;
1$
0%
b110000011101000111 [
1+
#63080000
0+
#63100000
b1010110 \
b1010110 X
0_
b110000011101000110 [
1#
0;
1+
#63120000
0+
#63140000
1_
1a
1^
b110000011101000101 [
1+
#63160000
0+
#63180000
b110000011101000100 [
0^
0a
b1 r
b0 m
0$
1+
#63200000
0+
#63220000
b1 m
1%
0#
b110000011101000011 [
1+
#63240000
0+
#63260000
b110000011101000010 [
0%
1+
#63280000
0+
#63300000
b10 m
1%
b110000011101000001 [
1+
#63320000
0+
#63340000
b110000011101000000 [
0%
1+
#63360000
0+
#63380000
b11 m
1%
b110000011100111111 [
1+
#63400000
0+
#63420000
b110000011100111110 [
0%
1+
#63440000
0+
#63460000
b100 m
1%
b110000011100111101 [
1+
#63480000
0+
#63500000
b110000011100111100 [
0%
1+
#63520000
0+
#63540000
b101 m
1%
b110000011100111011 [
1+
#63560000
0+
#63580000
b110000011100111010 [
0%
1+
#63600000
0+
#63620000
b110 m
1%
b110000011100111001 [
1+
#63640000
0+
#63660000
b110000011100111000 [
0%
1+
#63680000
0+
#63700000
b111 m
1%
b110000011100110111 [
1+
#63720000
0+
#63740000
b110000011100110110 [
b0 r
1;
1$
0%
1+
#63760000
0+
#63780000
1#
0;
b1010111 \
b1010111 X
0_
b110000011100110101 [
1+
#63800000
0+
#63820000
1_
1a
1^
b110000011100110100 [
1+
#63840000
0+
#63860000
b1 r
b0 m
0$
b110000011100110011 [
0^
0a
1+
#63880000
0+
#63900000
b110000011100110010 [
b1 m
1%
0#
1+
#63920000
0+
#63940000
0%
b110000011100110001 [
1+
#63960000
0+
#63980000
b110000011100110000 [
b10 m
1%
1+
#64000000
0+
#64020000
0%
b110000011100101111 [
1+
#64040000
0+
#64060000
b110000011100101110 [
b11 m
1%
1+
#64080000
0+
#64100000
0%
b110000011100101101 [
1+
#64120000
0+
#64140000
b110000011100101100 [
b100 m
1%
1+
#64160000
0+
#64180000
0%
b110000011100101011 [
1+
#64200000
0+
#64220000
b110000011100101010 [
b101 m
1%
1+
#64240000
0+
#64260000
0%
b110000011100101001 [
1+
#64280000
0+
#64300000
b110000011100101000 [
b110 m
1%
1+
#64320000
0+
#64340000
0%
b110000011100100111 [
1+
#64360000
0+
#64380000
b110000011100100110 [
b111 m
1%
1+
#64400000
0+
#64420000
b0 r
1;
1$
0%
b110000011100100101 [
1+
#64440000
0+
#64460000
b1011000 \
b1011000 X
0_
b110000011100100100 [
1#
0;
1+
#64480000
0+
#64500000
1_
1a
1^
b110000011100100011 [
1+
#64520000
0+
#64540000
b110000011100100010 [
0^
0a
b1 r
b0 m
0$
1+
#64560000
0+
#64580000
b1 m
1%
0#
b110000011100100001 [
1+
#64600000
0+
#64620000
b110000011100100000 [
0%
1+
#64640000
0+
#64660000
b10 m
1%
b110000011100011111 [
1+
#64680000
0+
#64700000
b110000011100011110 [
0%
1+
#64720000
0+
#64740000
b11 m
1%
b110000011100011101 [
1+
#64760000
0+
#64780000
b110000011100011100 [
0%
1+
#64800000
0+
#64820000
b100 m
1%
b110000011100011011 [
1+
#64840000
0+
#64860000
b110000011100011010 [
0%
1+
#64880000
0+
#64900000
b101 m
1%
b110000011100011001 [
1+
#64920000
0+
#64940000
b110000011100011000 [
0%
1+
#64960000
0+
#64980000
b110 m
1%
b110000011100010111 [
1+
#65000000
0+
#65020000
b110000011100010110 [
0%
1+
#65040000
0+
#65060000
b111 m
1%
b110000011100010101 [
1+
#65080000
0+
#65100000
b110000011100010100 [
b0 r
1;
1$
0%
1+
#65120000
0+
#65140000
1#
0;
b1011001 \
b1011001 X
0_
b110000011100010011 [
1+
#65160000
0+
#65180000
1_
1a
1^
b110000011100010010 [
1+
#65200000
0+
#65220000
b1 r
b0 m
0$
b110000011100010001 [
0^
0a
1+
#65240000
0+
#65260000
b110000011100010000 [
b1 m
1%
0#
1+
#65280000
0+
#65300000
0%
b110000011100001111 [
1+
#65320000
0+
#65340000
b110000011100001110 [
b10 m
1%
1+
#65360000
0+
#65380000
0%
b110000011100001101 [
1+
#65400000
0+
#65420000
b110000011100001100 [
b11 m
1%
1+
#65440000
0+
#65460000
0%
b110000011100001011 [
1+
#65480000
0+
#65500000
b110000011100001010 [
b100 m
1%
1+
#65520000
0+
#65540000
0%
b110000011100001001 [
1+
#65560000
0+
#65580000
b110000011100001000 [
b101 m
1%
1+
#65600000
0+
#65620000
0%
b110000011100000111 [
1+
#65640000
0+
#65660000
b110000011100000110 [
b110 m
1%
1+
#65680000
0+
#65700000
0%
b110000011100000101 [
1+
#65720000
0+
#65740000
b110000011100000100 [
b111 m
1%
1+
#65760000
0+
#65780000
b0 r
1;
1$
0%
b110000011100000011 [
1+
#65800000
0+
#65820000
b1011010 \
b1011010 X
0_
b110000011100000010 [
1#
0;
1+
#65840000
0+
#65860000
1_
1a
1^
b110000011100000001 [
1+
#65880000
0+
#65900000
b110000011100000000 [
0^
0a
b1 r
b0 m
0$
1+
#65920000
0+
#65940000
b1 m
1%
0#
b110000011011111111 [
1+
#65960000
0+
#65980000
b110000011011111110 [
0%
1+
#66000000
0+
#66020000
b10 m
1%
b110000011011111101 [
1+
#66040000
0+
#66060000
b110000011011111100 [
0%
1+
#66080000
0+
#66100000
b11 m
1%
b110000011011111011 [
1+
#66120000
0+
#66140000
b110000011011111010 [
0%
1+
#66160000
0+
#66180000
b100 m
1%
b110000011011111001 [
1+
#66200000
0+
#66220000
b110000011011111000 [
0%
1+
#66240000
0+
#66260000
b101 m
1%
b110000011011110111 [
1+
#66280000
0+
#66300000
b110000011011110110 [
0%
1+
#66320000
0+
#66340000
b110 m
1%
b110000011011110101 [
1+
#66360000
0+
#66380000
b110000011011110100 [
0%
1+
#66400000
0+
#66420000
b111 m
1%
b110000011011110011 [
1+
#66440000
0+
#66460000
b110000011011110010 [
b0 r
1;
1$
0%
1+
#66480000
0+
#66500000
1#
0;
b1011011 \
b1011011 X
0_
b110000011011110001 [
1+
#66520000
0+
#66540000
1_
1a
1^
b110000011011110000 [
1+
#66560000
0+
#66580000
b1 r
b0 m
0$
b110000011011101111 [
0^
0a
1+
#66600000
0+
#66620000
b110000011011101110 [
b1 m
1%
0#
1+
#66640000
0+
#66660000
0%
b110000011011101101 [
1+
#66680000
0+
#66700000
b110000011011101100 [
b10 m
1%
1+
#66720000
0+
#66740000
0%
b110000011011101011 [
1+
#66760000
0+
#66780000
b110000011011101010 [
b11 m
1%
1+
#66800000
0+
#66820000
0%
b110000011011101001 [
1+
#66840000
0+
#66860000
b110000011011101000 [
b100 m
1%
1+
#66880000
0+
#66900000
0%
b110000011011100111 [
1+
#66920000
0+
#66940000
b110000011011100110 [
b101 m
1%
1+
#66960000
0+
#66980000
0%
b110000011011100101 [
1+
#67000000
0+
#67020000
b110000011011100100 [
b110 m
1%
1+
#67040000
0+
#67060000
0%
b110000011011100011 [
1+
#67080000
0+
#67100000
b110000011011100010 [
b111 m
1%
1+
#67120000
0+
#67140000
b0 r
1;
1$
0%
b110000011011100001 [
1+
#67160000
0+
#67180000
b1011100 \
b1011100 X
0_
b110000011011100000 [
1#
0;
1+
#67200000
0+
#67220000
1_
1a
1^
b110000011011011111 [
1+
#67240000
0+
#67260000
b110000011011011110 [
0^
0a
b1 r
b0 m
0$
1+
#67280000
0+
#67300000
b1 m
1%
0#
b110000011011011101 [
1+
#67320000
0+
#67340000
b110000011011011100 [
0%
1+
#67360000
0+
#67380000
b10 m
1%
b110000011011011011 [
1+
#67400000
0+
#67420000
b110000011011011010 [
0%
1+
#67440000
0+
#67460000
b11 m
1%
b110000011011011001 [
1+
#67480000
0+
#67500000
b110000011011011000 [
0%
1+
#67520000
0+
#67540000
b100 m
1%
b110000011011010111 [
1+
#67560000
0+
#67580000
b110000011011010110 [
0%
1+
#67600000
0+
#67620000
b101 m
1%
b110000011011010101 [
1+
#67640000
0+
#67660000
b110000011011010100 [
0%
1+
#67680000
0+
#67700000
b110 m
1%
b110000011011010011 [
1+
#67720000
0+
#67740000
b110000011011010010 [
0%
1+
#67760000
0+
#67780000
b111 m
1%
b110000011011010001 [
1+
#67800000
0+
#67820000
b110000011011010000 [
b0 r
1;
1$
0%
1+
#67840000
0+
#67860000
1#
0;
b1011101 \
b1011101 X
0_
b110000011011001111 [
1+
#67880000
0+
#67900000
1_
1a
1^
b110000011011001110 [
1+
#67920000
0+
#67940000
b1 r
b0 m
0$
b110000011011001101 [
0^
0a
1+
#67960000
0+
#67980000
b110000011011001100 [
b1 m
1%
0#
1+
#68000000
0+
#68020000
0%
b110000011011001011 [
1+
#68040000
0+
#68060000
b110000011011001010 [
b10 m
1%
1+
#68080000
0+
#68100000
0%
b110000011011001001 [
1+
#68120000
0+
#68140000
b110000011011001000 [
b11 m
1%
1+
#68160000
0+
#68180000
0%
b110000011011000111 [
1+
#68200000
0+
#68220000
b110000011011000110 [
b100 m
1%
1+
#68240000
0+
#68260000
0%
b110000011011000101 [
1+
#68280000
0+
#68300000
b110000011011000100 [
b101 m
1%
1+
#68320000
0+
#68340000
0%
b110000011011000011 [
1+
#68360000
0+
#68380000
b110000011011000010 [
b110 m
1%
1+
#68400000
0+
#68420000
0%
b110000011011000001 [
1+
#68440000
0+
#68460000
b110000011011000000 [
b111 m
1%
1+
#68480000
0+
#68500000
b0 r
1;
1$
0%
b110000011010111111 [
1+
#68520000
0+
#68540000
b1011110 \
b1011110 X
0_
b110000011010111110 [
1#
0;
1+
#68560000
0+
#68580000
1_
1a
1^
b110000011010111101 [
1+
#68600000
0+
#68620000
b110000011010111100 [
0^
0a
b1 r
b0 m
0$
1+
#68640000
0+
#68660000
b1 m
1%
0#
b110000011010111011 [
1+
#68680000
0+
#68700000
b110000011010111010 [
0%
1+
#68720000
0+
#68740000
b10 m
1%
b110000011010111001 [
1+
#68760000
0+
#68780000
b110000011010111000 [
0%
1+
#68800000
0+
#68820000
b11 m
1%
b110000011010110111 [
1+
#68840000
0+
#68860000
b110000011010110110 [
0%
1+
#68880000
0+
#68900000
b100 m
1%
b110000011010110101 [
1+
#68920000
0+
#68940000
b110000011010110100 [
0%
1+
#68960000
0+
#68980000
b101 m
1%
b110000011010110011 [
1+
#69000000
0+
#69020000
b110000011010110010 [
0%
1+
#69040000
0+
#69060000
b110 m
1%
b110000011010110001 [
1+
#69080000
0+
#69100000
b110000011010110000 [
0%
1+
#69120000
0+
#69140000
b111 m
1%
b110000011010101111 [
1+
#69160000
0+
#69180000
b110000011010101110 [
b0 r
1;
1$
0%
1+
#69200000
0+
#69220000
1#
0;
b1011111 \
b1011111 X
0_
b110000011010101101 [
1+
#69240000
0+
#69260000
1_
1a
1^
b110000011010101100 [
1+
#69280000
0+
#69300000
b1 r
b0 m
0$
b110000011010101011 [
0^
0a
1+
#69320000
0+
#69340000
b110000011010101010 [
b1 m
1%
0#
1+
#69360000
0+
#69380000
0%
b110000011010101001 [
1+
#69400000
0+
#69420000
b110000011010101000 [
b10 m
1%
1+
#69440000
0+
#69460000
0%
b110000011010100111 [
1+
#69480000
0+
#69500000
b110000011010100110 [
b11 m
1%
1+
#69520000
0+
#69540000
0%
b110000011010100101 [
1+
#69560000
0+
#69580000
b110000011010100100 [
b100 m
1%
1+
#69600000
0+
#69620000
0%
b110000011010100011 [
1+
#69640000
0+
#69660000
b110000011010100010 [
b101 m
1%
1+
#69680000
0+
#69700000
0%
b110000011010100001 [
1+
#69720000
0+
#69740000
b110000011010100000 [
b110 m
1%
1+
#69760000
0+
#69780000
0%
b110000011010011111 [
1+
#69800000
0+
#69820000
b110000011010011110 [
b111 m
1%
1+
#69840000
0+
#69860000
b0 r
1;
1$
0%
b110000011010011101 [
1+
#69880000
0+
#69900000
b1100000 \
b1100000 X
0_
b110000011010011100 [
1#
0;
1+
#69920000
0+
#69940000
1_
1a
1^
b110000011010011011 [
1+
#69960000
0+
#69980000
b110000011010011010 [
0^
0a
b1 r
b0 m
0$
1+
#70000000
0+
#70020000
b1 m
1%
0#
b110000011010011001 [
1+
#70040000
0+
#70060000
b110000011010011000 [
0%
1+
#70080000
0+
#70100000
b10 m
1%
b110000011010010111 [
1+
#70120000
0+
#70140000
b110000011010010110 [
0%
1+
#70160000
0+
#70180000
b11 m
1%
b110000011010010101 [
1+
#70200000
0+
#70220000
b110000011010010100 [
0%
1+
#70240000
0+
#70260000
b100 m
1%
b110000011010010011 [
1+
#70280000
0+
#70300000
b110000011010010010 [
0%
1+
#70320000
0+
#70340000
b101 m
1%
b110000011010010001 [
1+
#70360000
0+
#70380000
b110000011010010000 [
0%
1+
#70400000
0+
#70420000
b110 m
1%
b110000011010001111 [
1+
#70440000
0+
#70460000
b110000011010001110 [
0%
1+
#70480000
0+
#70500000
b111 m
1%
b110000011010001101 [
1+
#70520000
0+
#70540000
b110000011010001100 [
b0 r
1;
1$
0%
1+
#70560000
0+
#70580000
1#
0;
b1100001 \
b1100001 X
0_
b110000011010001011 [
1+
#70600000
0+
#70620000
1_
1a
1^
b110000011010001010 [
1+
#70640000
0+
#70660000
b1 r
b0 m
0$
b110000011010001001 [
0^
0a
1+
#70680000
0+
#70700000
b110000011010001000 [
b1 m
1%
0#
1+
#70720000
0+
#70740000
0%
b110000011010000111 [
1+
#70760000
0+
#70780000
b110000011010000110 [
b10 m
1%
1+
#70800000
0+
#70820000
0%
b110000011010000101 [
1+
#70840000
0+
#70860000
b110000011010000100 [
b11 m
1%
1+
#70880000
0+
#70900000
0%
b110000011010000011 [
1+
#70920000
0+
#70940000
b110000011010000010 [
b100 m
1%
1+
#70960000
0+
#70980000
0%
b110000011010000001 [
1+
#71000000
0+
#71020000
b110000011010000000 [
b101 m
1%
1+
#71040000
0+
#71060000
0%
b110000011001111111 [
1+
#71080000
0+
#71100000
b110000011001111110 [
b110 m
1%
1+
#71120000
0+
#71140000
0%
b110000011001111101 [
1+
#71160000
0+
#71180000
b110000011001111100 [
b111 m
1%
1+
#71200000
0+
#71220000
b0 r
1;
1$
0%
b110000011001111011 [
1+
#71240000
0+
#71260000
b1100010 \
b1100010 X
0_
b110000011001111010 [
1#
0;
1+
#71280000
0+
#71300000
1_
1a
1^
b110000011001111001 [
1+
#71320000
0+
#71340000
b110000011001111000 [
0^
0a
b1 r
b0 m
0$
1+
#71360000
0+
#71380000
b1 m
1%
0#
b110000011001110111 [
1+
#71400000
0+
#71420000
b110000011001110110 [
0%
1+
#71440000
0+
#71460000
b10 m
1%
b110000011001110101 [
1+
#71480000
0+
#71500000
b110000011001110100 [
0%
1+
#71520000
0+
#71540000
b11 m
1%
b110000011001110011 [
1+
#71560000
0+
#71580000
b110000011001110010 [
0%
1+
#71600000
0+
#71620000
b100 m
1%
b110000011001110001 [
1+
#71640000
0+
#71660000
b110000011001110000 [
0%
1+
#71680000
0+
#71700000
b101 m
1%
b110000011001101111 [
1+
#71720000
0+
#71740000
b110000011001101110 [
0%
1+
#71760000
0+
#71780000
b110 m
1%
b110000011001101101 [
1+
#71800000
0+
#71820000
b110000011001101100 [
0%
1+
#71840000
0+
#71860000
b111 m
1%
b110000011001101011 [
1+
#71880000
0+
#71900000
b110000011001101010 [
b0 r
1;
1$
0%
1+
#71920000
0+
#71940000
1#
0;
b1100011 \
b1100011 X
0_
b110000011001101001 [
1+
#71960000
0+
#71980000
1_
1a
1^
b110000011001101000 [
1+
#72000000
0+
#72020000
b1 r
b0 m
0$
b110000011001100111 [
0^
0a
1+
#72040000
0+
#72060000
b110000011001100110 [
b1 m
1%
0#
1+
#72080000
0+
#72100000
0%
b110000011001100101 [
1+
#72120000
0+
#72140000
b110000011001100100 [
b10 m
1%
1+
#72160000
0+
#72180000
0%
b110000011001100011 [
1+
#72200000
0+
#72220000
b110000011001100010 [
b11 m
1%
1+
#72240000
0+
#72260000
0%
b110000011001100001 [
1+
#72280000
0+
#72300000
b110000011001100000 [
b100 m
1%
1+
#72320000
0+
#72340000
0%
b110000011001011111 [
1+
#72360000
0+
#72380000
b110000011001011110 [
b101 m
1%
1+
#72400000
0+
#72420000
0%
b110000011001011101 [
1+
#72440000
0+
#72460000
b110000011001011100 [
b110 m
1%
1+
#72480000
0+
#72500000
0%
b110000011001011011 [
1+
#72520000
0+
#72540000
b110000011001011010 [
b111 m
1%
1+
#72560000
0+
#72580000
b0 r
1;
1$
0%
b110000011001011001 [
1+
#72600000
0+
#72620000
b1100100 \
b1100100 X
0_
b110000011001011000 [
1#
0;
1+
#72640000
0+
#72660000
1_
1a
1^
b110000011001010111 [
1+
#72680000
0+
#72700000
b110000011001010110 [
0^
0a
b1 r
b0 m
0$
1+
#72720000
0+
#72740000
b1 m
1%
0#
b110000011001010101 [
1+
#72760000
0+
#72780000
b110000011001010100 [
0%
1+
#72800000
0+
#72820000
b10 m
1%
b110000011001010011 [
1+
#72840000
0+
#72860000
b110000011001010010 [
0%
1+
#72880000
0+
#72900000
b11 m
1%
b110000011001010001 [
1+
#72920000
0+
#72940000
b110000011001010000 [
0%
1+
#72960000
0+
#72980000
b100 m
1%
b110000011001001111 [
1+
#73000000
0+
#73020000
b110000011001001110 [
0%
1+
#73040000
0+
#73060000
b101 m
1%
b110000011001001101 [
1+
#73080000
0+
#73100000
b110000011001001100 [
0%
1+
#73120000
0+
#73140000
b110 m
1%
b110000011001001011 [
1+
#73160000
0+
#73180000
b110000011001001010 [
0%
1+
#73200000
0+
#73220000
b111 m
1%
b110000011001001001 [
1+
#73240000
0+
#73260000
b110000011001001000 [
b0 r
1;
1$
0%
1+
#73280000
0+
#73300000
1#
0;
b1100101 \
b1100101 X
0_
b110000011001000111 [
1+
#73320000
0+
#73340000
1_
1a
1^
b110000011001000110 [
1+
#73360000
0+
#73380000
b1 r
b0 m
0$
b110000011001000101 [
0^
0a
1+
#73400000
0+
#73420000
b110000011001000100 [
b1 m
1%
0#
1+
#73440000
0+
#73460000
0%
b110000011001000011 [
1+
#73480000
0+
#73500000
b110000011001000010 [
b10 m
1%
1+
#73520000
0+
#73540000
0%
b110000011001000001 [
1+
#73560000
0+
#73580000
b110000011001000000 [
b11 m
1%
1+
#73600000
0+
#73620000
0%
b110000011000111111 [
1+
#73640000
0+
#73660000
b110000011000111110 [
b100 m
1%
1+
#73680000
0+
#73700000
0%
b110000011000111101 [
1+
#73720000
0+
#73740000
b110000011000111100 [
b101 m
1%
1+
#73760000
0+
#73780000
0%
b110000011000111011 [
1+
#73800000
0+
#73820000
b110000011000111010 [
b110 m
1%
1+
#73840000
0+
#73860000
0%
b110000011000111001 [
1+
#73880000
0+
#73900000
b110000011000111000 [
b111 m
1%
1+
#73920000
0+
#73940000
b0 r
1;
1$
0%
b110000011000110111 [
1+
#73960000
0+
#73980000
b1100110 \
b1100110 X
0_
b110000011000110110 [
1#
0;
1+
#74000000
0+
#74020000
1_
1a
1^
b110000011000110101 [
1+
#74040000
0+
#74060000
b110000011000110100 [
0^
0a
b1 r
b0 m
0$
1+
#74080000
0+
#74100000
b1 m
1%
0#
b110000011000110011 [
1+
#74120000
0+
#74140000
b110000011000110010 [
0%
1+
#74160000
0+
#74180000
b10 m
1%
b110000011000110001 [
1+
#74200000
0+
#74220000
b110000011000110000 [
0%
1+
#74240000
0+
#74260000
b11 m
1%
b110000011000101111 [
1+
#74280000
0+
#74300000
b110000011000101110 [
0%
1+
#74320000
0+
#74340000
b100 m
1%
b110000011000101101 [
1+
#74360000
0+
#74380000
b110000011000101100 [
0%
1+
#74400000
0+
#74420000
b101 m
1%
b110000011000101011 [
1+
#74440000
0+
#74460000
b110000011000101010 [
0%
1+
#74480000
0+
#74500000
b110 m
1%
b110000011000101001 [
1+
#74520000
0+
#74540000
b110000011000101000 [
0%
1+
#74560000
0+
#74580000
b111 m
1%
b110000011000100111 [
1+
#74600000
0+
#74620000
b110000011000100110 [
b0 r
1;
1$
0%
1+
#74640000
0+
#74660000
1#
0;
b1100111 \
b1100111 X
0_
b110000011000100101 [
1+
#74680000
0+
#74700000
1_
1a
1^
b110000011000100100 [
1+
#74720000
0+
#74740000
b1 r
b0 m
0$
b110000011000100011 [
0^
0a
1+
#74760000
0+
#74780000
b110000011000100010 [
b1 m
1%
0#
1+
#74800000
0+
#74820000
0%
b110000011000100001 [
1+
#74840000
0+
#74860000
b110000011000100000 [
b10 m
1%
1+
#74880000
0+
#74900000
0%
b110000011000011111 [
1+
#74920000
0+
#74940000
b110000011000011110 [
b11 m
1%
1+
#74960000
0+
#74980000
0%
b110000011000011101 [
1+
#75000000
0+
#75020000
b110000011000011100 [
b100 m
1%
1+
#75040000
0+
#75060000
0%
b110000011000011011 [
1+
#75080000
0+
#75100000
b110000011000011010 [
b101 m
1%
1+
#75120000
0+
#75140000
0%
b110000011000011001 [
1+
#75160000
0+
#75180000
b110000011000011000 [
b110 m
1%
1+
#75200000
0+
#75220000
0%
b110000011000010111 [
1+
#75240000
0+
#75260000
b110000011000010110 [
b111 m
1%
1+
#75280000
0+
#75300000
b0 r
1;
1$
0%
b110000011000010101 [
1+
#75320000
0+
#75340000
b1101000 \
b1101000 X
0_
b110000011000010100 [
1#
0;
1+
#75360000
0+
#75380000
1_
1a
1^
b110000011000010011 [
1+
#75400000
0+
#75420000
b110000011000010010 [
0^
0a
b1 r
b0 m
0$
1+
#75440000
0+
#75460000
b1 m
1%
0#
b110000011000010001 [
1+
#75480000
0+
#75500000
b110000011000010000 [
0%
1+
#75520000
0+
#75540000
b10 m
1%
b110000011000001111 [
1+
#75560000
0+
#75580000
b110000011000001110 [
0%
1+
#75600000
0+
#75620000
b11 m
1%
b110000011000001101 [
1+
#75640000
0+
#75660000
b110000011000001100 [
0%
1+
#75680000
0+
#75700000
b100 m
1%
b110000011000001011 [
1+
#75720000
0+
#75740000
b110000011000001010 [
0%
1+
#75760000
0+
#75780000
b101 m
1%
b110000011000001001 [
1+
#75800000
0+
#75820000
b110000011000001000 [
0%
1+
#75840000
0+
#75860000
b110 m
1%
b110000011000000111 [
1+
#75880000
0+
#75900000
b110000011000000110 [
0%
1+
#75920000
0+
#75940000
b111 m
1%
b110000011000000101 [
1+
#75960000
0+
#75980000
b110000011000000100 [
b0 r
1;
1$
0%
1+
#76000000
0+
#76020000
1#
0;
b1101001 \
b1101001 X
0_
b110000011000000011 [
1+
#76040000
0+
#76060000
1_
1a
1^
b110000011000000010 [
1+
#76080000
0+
#76100000
b1 r
b0 m
0$
b110000011000000001 [
0^
0a
1+
#76120000
0+
#76140000
b110000011000000000 [
b1 m
1%
0#
1+
#76160000
0+
#76180000
0%
b110000010111111111 [
1+
#76200000
0+
#76220000
b110000010111111110 [
b10 m
1%
1+
#76240000
0+
#76260000
0%
b110000010111111101 [
1+
#76280000
0+
#76300000
b110000010111111100 [
b11 m
1%
1+
#76320000
0+
#76340000
0%
b110000010111111011 [
1+
#76360000
0+
#76380000
b110000010111111010 [
b100 m
1%
1+
#76400000
0+
#76420000
0%
b110000010111111001 [
1+
#76440000
0+
#76460000
b110000010111111000 [
b101 m
1%
1+
#76480000
0+
#76500000
0%
b110000010111110111 [
1+
#76520000
0+
#76540000
b110000010111110110 [
b110 m
1%
1+
#76560000
0+
#76580000
0%
b110000010111110101 [
1+
#76600000
0+
#76620000
b110000010111110100 [
b111 m
1%
1+
#76640000
0+
#76660000
b0 r
1;
1$
0%
b110000010111110011 [
1+
#76680000
0+
#76700000
b1101010 \
b1101010 X
0_
b110000010111110010 [
1#
0;
1+
#76720000
0+
#76740000
1_
1a
1^
b110000010111110001 [
1+
#76760000
0+
#76780000
b110000010111110000 [
0^
0a
b1 r
b0 m
0$
1+
#76800000
0+
#76820000
b1 m
1%
0#
b110000010111101111 [
1+
#76840000
0+
#76860000
b110000010111101110 [
0%
1+
#76880000
0+
#76900000
b10 m
1%
b110000010111101101 [
1+
#76920000
0+
#76940000
b110000010111101100 [
0%
1+
#76960000
0+
#76980000
b11 m
1%
b110000010111101011 [
1+
#77000000
0+
#77020000
b110000010111101010 [
0%
1+
#77040000
0+
#77060000
b100 m
1%
b110000010111101001 [
1+
#77080000
0+
#77100000
b110000010111101000 [
0%
1+
#77120000
0+
#77140000
b101 m
1%
b110000010111100111 [
1+
#77160000
0+
#77180000
b110000010111100110 [
0%
1+
#77200000
0+
#77220000
b110 m
1%
b110000010111100101 [
1+
#77240000
0+
#77260000
b110000010111100100 [
0%
1+
#77280000
0+
#77300000
b111 m
1%
b110000010111100011 [
1+
#77320000
0+
#77340000
b110000010111100010 [
b0 r
1;
1$
0%
1+
#77360000
0+
#77380000
1#
0;
b1101011 \
b1101011 X
0_
b110000010111100001 [
1+
#77400000
0+
#77420000
1_
1a
1^
b110000010111100000 [
1+
#77440000
0+
#77460000
b1 r
b0 m
0$
b110000010111011111 [
0^
0a
1+
#77480000
0+
#77500000
b110000010111011110 [
b1 m
1%
0#
1+
#77520000
0+
#77540000
0%
b110000010111011101 [
1+
#77560000
0+
#77580000
b110000010111011100 [
b10 m
1%
1+
#77600000
0+
#77620000
0%
b110000010111011011 [
1+
#77640000
0+
#77660000
b110000010111011010 [
b11 m
1%
1+
#77680000
0+
#77700000
0%
b110000010111011001 [
1+
#77720000
0+
#77740000
b110000010111011000 [
b100 m
1%
1+
#77760000
0+
#77780000
0%
b110000010111010111 [
1+
#77800000
0+
#77820000
b110000010111010110 [
b101 m
1%
1+
#77840000
0+
#77860000
0%
b110000010111010101 [
1+
#77880000
0+
#77900000
b110000010111010100 [
b110 m
1%
1+
#77920000
0+
#77940000
0%
b110000010111010011 [
1+
#77960000
0+
#77980000
b110000010111010010 [
b111 m
1%
1+
#78000000
0+
#78020000
b0 r
1;
1$
0%
b110000010111010001 [
1+
#78040000
0+
#78060000
b1101100 \
b1101100 X
0_
b110000010111010000 [
1#
0;
1+
#78080000
0+
#78100000
1_
1a
1^
b110000010111001111 [
1+
#78120000
0+
#78140000
b110000010111001110 [
0^
0a
b1 r
b0 m
0$
1+
#78160000
0+
#78180000
b1 m
1%
0#
b110000010111001101 [
1+
#78200000
0+
#78220000
b110000010111001100 [
0%
1+
#78240000
0+
#78260000
b10 m
1%
b110000010111001011 [
1+
#78280000
0+
#78300000
b110000010111001010 [
0%
1+
#78320000
0+
#78340000
b11 m
1%
b110000010111001001 [
1+
#78360000
0+
#78380000
b110000010111001000 [
0%
1+
#78400000
0+
#78420000
b100 m
1%
b110000010111000111 [
1+
#78440000
0+
#78460000
b110000010111000110 [
0%
1+
#78480000
0+
#78500000
b101 m
1%
b110000010111000101 [
1+
#78520000
0+
#78540000
b110000010111000100 [
0%
1+
#78560000
0+
#78580000
b110 m
1%
b110000010111000011 [
1+
#78600000
0+
#78620000
b110000010111000010 [
0%
1+
#78640000
0+
#78660000
b111 m
1%
b110000010111000001 [
1+
#78680000
0+
#78700000
b110000010111000000 [
b0 r
1;
1$
0%
1+
#78720000
0+
#78740000
1#
0;
b1101101 \
b1101101 X
0_
b110000010110111111 [
1+
#78760000
0+
#78780000
1_
1a
1^
b110000010110111110 [
1+
#78800000
0+
#78820000
b1 r
b0 m
0$
b110000010110111101 [
0^
0a
1+
#78840000
0+
#78860000
b110000010110111100 [
b1 m
1%
0#
1+
#78880000
0+
#78900000
0%
b110000010110111011 [
1+
#78920000
0+
#78940000
b110000010110111010 [
b10 m
1%
1+
#78960000
0+
#78980000
0%
b110000010110111001 [
1+
#79000000
0+
#79020000
b110000010110111000 [
b11 m
1%
1+
#79040000
0+
#79060000
0%
b110000010110110111 [
1+
#79080000
0+
#79100000
b110000010110110110 [
b100 m
1%
1+
#79120000
0+
#79140000
0%
b110000010110110101 [
1+
#79160000
0+
#79180000
b110000010110110100 [
b101 m
1%
1+
#79200000
0+
#79220000
0%
b110000010110110011 [
1+
#79240000
0+
#79260000
b110000010110110010 [
b110 m
1%
1+
#79280000
0+
#79300000
0%
b110000010110110001 [
1+
#79320000
0+
#79340000
b110000010110110000 [
b111 m
1%
1+
#79360000
0+
#79380000
b0 r
1;
1$
0%
b110000010110101111 [
1+
#79400000
0+
#79420000
b1101110 \
b1101110 X
0_
b110000010110101110 [
1#
0;
1+
#79440000
0+
#79460000
1_
1a
1^
b110000010110101101 [
1+
#79480000
0+
#79500000
b110000010110101100 [
0^
0a
b1 r
b0 m
0$
1+
#79520000
0+
#79540000
b1 m
1%
0#
b110000010110101011 [
1+
#79560000
0+
#79580000
b110000010110101010 [
0%
1+
#79600000
0+
#79620000
b10 m
1%
b110000010110101001 [
1+
#79640000
0+
#79660000
b110000010110101000 [
0%
1+
#79680000
0+
#79700000
b11 m
1%
b110000010110100111 [
1+
#79720000
0+
#79740000
b110000010110100110 [
0%
1+
#79760000
0+
#79780000
b100 m
1%
b110000010110100101 [
1+
#79800000
0+
#79820000
b110000010110100100 [
0%
1+
#79840000
0+
#79860000
b101 m
1%
b110000010110100011 [
1+
#79880000
0+
#79900000
b110000010110100010 [
0%
1+
#79920000
0+
#79940000
b110 m
1%
b110000010110100001 [
1+
#79960000
0+
#79980000
b110000010110100000 [
0%
1+
#80000000
0+
#80020000
b111 m
1%
b110000010110011111 [
1+
#80040000
0+
#80060000
b110000010110011110 [
b0 r
1;
1$
0%
1+
#80080000
0+
#80100000
1#
0;
b1101111 \
b1101111 X
0_
b110000010110011101 [
1+
#80120000
0+
#80140000
1_
1a
1^
b110000010110011100 [
1+
#80160000
0+
#80180000
b1 r
b0 m
0$
b110000010110011011 [
0^
0a
1+
#80200000
0+
#80220000
b110000010110011010 [
b1 m
1%
0#
1+
#80240000
0+
#80260000
0%
b110000010110011001 [
1+
#80280000
0+
#80300000
b110000010110011000 [
b10 m
1%
1+
#80320000
0+
#80340000
0%
b110000010110010111 [
1+
#80360000
0+
#80380000
b110000010110010110 [
b11 m
1%
1+
#80400000
0+
#80420000
0%
b110000010110010101 [
1+
#80440000
0+
#80460000
b110000010110010100 [
b100 m
1%
1+
#80480000
0+
#80500000
0%
b110000010110010011 [
1+
#80520000
0+
#80540000
b110000010110010010 [
b101 m
1%
1+
#80560000
0+
#80580000
0%
b110000010110010001 [
1+
#80600000
0+
#80620000
b110000010110010000 [
b110 m
1%
1+
#80640000
0+
#80660000
0%
b110000010110001111 [
1+
#80680000
0+
#80700000
b110000010110001110 [
b111 m
1%
1+
#80720000
0+
#80740000
b0 r
1;
1$
0%
b110000010110001101 [
1+
#80760000
0+
#80780000
b1110000 \
b1110000 X
0_
b110000010110001100 [
1#
0;
1+
#80800000
0+
#80820000
1_
1a
1^
b110000010110001011 [
1+
#80840000
0+
#80860000
b110000010110001010 [
0^
0a
b1 r
b0 m
0$
1+
#80880000
0+
#80900000
b1 m
1%
0#
b110000010110001001 [
1+
#80920000
0+
#80940000
b110000010110001000 [
0%
1+
#80960000
0+
#80980000
b10 m
1%
b110000010110000111 [
1+
#81000000
0+
#81020000
b110000010110000110 [
0%
1+
#81040000
0+
#81060000
b11 m
1%
b110000010110000101 [
1+
#81080000
0+
#81100000
b110000010110000100 [
0%
1+
#81120000
0+
#81140000
b100 m
1%
b110000010110000011 [
1+
#81160000
0+
#81180000
b110000010110000010 [
0%
1+
#81200000
0+
#81220000
b101 m
1%
b110000010110000001 [
1+
#81240000
0+
#81260000
b110000010110000000 [
0%
1+
#81280000
0+
#81300000
b110 m
1%
b110000010101111111 [
1+
#81320000
0+
#81340000
b110000010101111110 [
0%
1+
#81360000
0+
#81380000
b111 m
1%
b110000010101111101 [
1+
#81400000
0+
#81420000
b110000010101111100 [
b0 r
1;
1$
0%
1+
#81440000
0+
#81460000
1#
0;
b1110001 \
b1110001 X
0_
b110000010101111011 [
1+
#81480000
0+
#81500000
1_
1a
1^
b110000010101111010 [
1+
#81520000
0+
#81540000
b1 r
b0 m
0$
b110000010101111001 [
0^
0a
1+
#81560000
0+
#81580000
b110000010101111000 [
b1 m
1%
0#
1+
#81600000
0+
#81620000
0%
b110000010101110111 [
1+
#81640000
0+
#81660000
b110000010101110110 [
b10 m
1%
1+
#81680000
0+
#81700000
0%
b110000010101110101 [
1+
#81720000
0+
#81740000
b110000010101110100 [
b11 m
1%
1+
#81760000
0+
#81780000
0%
b110000010101110011 [
1+
#81800000
0+
#81820000
b110000010101110010 [
b100 m
1%
1+
#81840000
0+
#81860000
0%
b110000010101110001 [
1+
#81880000
0+
#81900000
b110000010101110000 [
b101 m
1%
1+
#81920000
0+
#81940000
0%
b110000010101101111 [
1+
#81960000
0+
#81980000
b110000010101101110 [
b110 m
1%
1+
#82000000
0+
#82020000
0%
b110000010101101101 [
1+
#82040000
0+
#82060000
b110000010101101100 [
b111 m
1%
1+
#82080000
0+
#82100000
b0 r
1;
1$
0%
b110000010101101011 [
1+
#82120000
0+
#82140000
b1110010 \
b1110010 X
0_
b110000010101101010 [
1#
0;
1+
#82160000
0+
#82180000
1_
1a
1^
b110000010101101001 [
1+
#82200000
0+
#82220000
b110000010101101000 [
0^
0a
b1 r
b0 m
0$
1+
#82240000
0+
#82260000
b1 m
1%
0#
b110000010101100111 [
1+
#82280000
0+
#82300000
b110000010101100110 [
0%
1+
#82320000
0+
#82340000
b10 m
1%
b110000010101100101 [
1+
#82360000
0+
#82380000
b110000010101100100 [
0%
1+
#82400000
0+
#82420000
b11 m
1%
b110000010101100011 [
1+
#82440000
0+
#82460000
b110000010101100010 [
0%
1+
#82480000
0+
#82500000
b100 m
1%
b110000010101100001 [
1+
#82520000
0+
#82540000
b110000010101100000 [
0%
1+
#82560000
0+
#82580000
b101 m
1%
b110000010101011111 [
1+
#82600000
0+
#82620000
b110000010101011110 [
0%
1+
#82640000
0+
#82660000
b110 m
1%
b110000010101011101 [
1+
#82680000
0+
#82700000
b110000010101011100 [
0%
1+
#82720000
0+
#82740000
b111 m
1%
b110000010101011011 [
1+
#82760000
0+
#82780000
b110000010101011010 [
b0 r
1;
1$
0%
1+
#82800000
0+
#82820000
1#
0;
b1110011 \
b1110011 X
0_
b110000010101011001 [
1+
#82840000
0+
#82860000
1_
1a
1^
b110000010101011000 [
1+
#82880000
0+
#82900000
b1 r
b0 m
0$
b110000010101010111 [
0^
0a
1+
#82920000
0+
#82940000
b110000010101010110 [
b1 m
1%
0#
1+
#82960000
0+
#82980000
0%
b110000010101010101 [
1+
#83000000
0+
#83020000
b110000010101010100 [
b10 m
1%
1+
#83040000
0+
#83060000
0%
b110000010101010011 [
1+
#83080000
0+
#83100000
b110000010101010010 [
b11 m
1%
1+
#83120000
0+
#83140000
0%
b110000010101010001 [
1+
#83160000
0+
#83180000
b110000010101010000 [
b100 m
1%
1+
#83200000
0+
#83220000
0%
b110000010101001111 [
1+
#83240000
0+
#83260000
b110000010101001110 [
b101 m
1%
1+
#83280000
0+
#83300000
0%
b110000010101001101 [
1+
#83320000
0+
#83340000
b110000010101001100 [
b110 m
1%
1+
#83360000
0+
#83380000
0%
b110000010101001011 [
1+
#83400000
0+
#83420000
b110000010101001010 [
b111 m
1%
1+
#83440000
0+
#83460000
b0 r
1;
1$
0%
b110000010101001001 [
1+
#83480000
0+
#83500000
b1110100 \
b1110100 X
0_
b110000010101001000 [
1#
0;
1+
#83520000
0+
#83540000
1_
1a
1^
b110000010101000111 [
1+
#83560000
0+
#83580000
b110000010101000110 [
0^
0a
b1 r
b0 m
0$
1+
#83600000
0+
#83620000
b1 m
1%
0#
b110000010101000101 [
1+
#83640000
0+
#83660000
b110000010101000100 [
0%
1+
#83680000
0+
#83700000
b10 m
1%
b110000010101000011 [
1+
#83720000
0+
#83740000
b110000010101000010 [
0%
1+
#83760000
0+
#83780000
b11 m
1%
b110000010101000001 [
1+
#83800000
0+
#83820000
b110000010101000000 [
0%
1+
#83840000
0+
#83860000
b100 m
1%
b110000010100111111 [
1+
#83880000
0+
#83900000
b110000010100111110 [
0%
1+
#83920000
0+
#83940000
b101 m
1%
b110000010100111101 [
1+
#83960000
0+
#83980000
b110000010100111100 [
0%
1+
#84000000
0+
#84020000
b110 m
1%
b110000010100111011 [
1+
#84040000
0+
#84060000
b110000010100111010 [
0%
1+
#84080000
0+
#84100000
b111 m
1%
b110000010100111001 [
1+
#84120000
0+
#84140000
b110000010100111000 [
b0 r
1;
1$
0%
1+
#84160000
0+
#84180000
1#
0;
b1110101 \
b1110101 X
0_
b110000010100110111 [
1+
#84200000
0+
#84220000
1_
1a
1^
b110000010100110110 [
1+
#84240000
0+
#84260000
b1 r
b0 m
0$
b110000010100110101 [
0^
0a
1+
#84280000
0+
#84300000
b110000010100110100 [
b1 m
1%
0#
1+
#84320000
0+
#84340000
0%
b110000010100110011 [
1+
#84360000
0+
#84380000
b110000010100110010 [
b10 m
1%
1+
#84400000
0+
#84420000
0%
b110000010100110001 [
1+
#84440000
0+
#84460000
b110000010100110000 [
b11 m
1%
1+
#84480000
0+
#84500000
0%
b110000010100101111 [
1+
#84520000
0+
#84540000
b110000010100101110 [
b100 m
1%
1+
#84560000
0+
#84580000
0%
b110000010100101101 [
1+
#84600000
0+
#84620000
b110000010100101100 [
b101 m
1%
1+
#84640000
0+
#84660000
0%
b110000010100101011 [
1+
#84680000
0+
#84700000
b110000010100101010 [
b110 m
1%
1+
#84720000
0+
#84740000
0%
b110000010100101001 [
1+
#84760000
0+
#84780000
b110000010100101000 [
b111 m
1%
1+
#84800000
0+
#84820000
b0 r
1;
1$
0%
b110000010100100111 [
1+
#84840000
0+
#84860000
b1110110 \
b1110110 X
0_
b110000010100100110 [
1#
0;
1+
#84880000
0+
#84900000
1_
1a
1^
b110000010100100101 [
1+
#84920000
0+
#84940000
b110000010100100100 [
0^
0a
b1 r
b0 m
0$
1+
#84960000
0+
#84980000
b1 m
1%
0#
b110000010100100011 [
1+
#85000000
0+
#85020000
b110000010100100010 [
0%
1+
#85040000
0+
#85060000
b10 m
1%
b110000010100100001 [
1+
#85080000
0+
#85100000
b110000010100100000 [
0%
1+
#85120000
0+
#85140000
b11 m
1%
b110000010100011111 [
1+
#85160000
0+
#85180000
b110000010100011110 [
0%
1+
#85200000
0+
#85220000
b100 m
1%
b110000010100011101 [
1+
#85240000
0+
#85260000
b110000010100011100 [
0%
1+
#85280000
0+
#85300000
b101 m
1%
b110000010100011011 [
1+
#85320000
0+
#85340000
b110000010100011010 [
0%
1+
#85360000
0+
#85380000
b110 m
1%
b110000010100011001 [
1+
#85400000
0+
#85420000
b110000010100011000 [
0%
1+
#85440000
0+
#85460000
b111 m
1%
b110000010100010111 [
1+
#85480000
0+
#85500000
b110000010100010110 [
b0 r
1;
1$
0%
1+
#85520000
0+
#85540000
1#
0;
b1110111 \
b1110111 X
0_
b110000010100010101 [
1+
#85560000
0+
#85580000
1_
1a
1^
b110000010100010100 [
1+
#85600000
0+
#85620000
b1 r
b0 m
0$
b110000010100010011 [
0^
0a
1+
#85640000
0+
#85660000
b110000010100010010 [
b1 m
1%
0#
1+
#85680000
0+
#85700000
0%
b110000010100010001 [
1+
#85720000
0+
#85740000
b110000010100010000 [
b10 m
1%
1+
#85760000
0+
#85780000
0%
b110000010100001111 [
1+
#85800000
0+
#85820000
b110000010100001110 [
b11 m
1%
1+
#85840000
0+
#85860000
0%
b110000010100001101 [
1+
#85880000
0+
#85900000
b110000010100001100 [
b100 m
1%
1+
#85920000
0+
#85940000
0%
b110000010100001011 [
1+
#85960000
0+
#85980000
b110000010100001010 [
b101 m
1%
1+
#86000000
0+
#86020000
0%
b110000010100001001 [
1+
#86040000
0+
#86060000
b110000010100001000 [
b110 m
1%
1+
#86080000
0+
#86100000
0%
b110000010100000111 [
1+
#86120000
0+
#86140000
b110000010100000110 [
b111 m
1%
1+
#86160000
0+
#86180000
b0 r
1;
1$
0%
b110000010100000101 [
1+
#86200000
0+
#86220000
b1111000 \
b1111000 X
0_
b110000010100000100 [
1#
0;
1+
#86240000
0+
#86260000
1_
1a
1^
b110000010100000011 [
1+
#86280000
0+
#86300000
b110000010100000010 [
0^
0a
b1 r
b0 m
0$
1+
#86320000
0+
#86340000
b1 m
1%
0#
b110000010100000001 [
1+
#86360000
0+
#86380000
b110000010100000000 [
0%
1+
#86400000
0+
#86420000
b10 m
1%
b110000010011111111 [
1+
#86440000
0+
#86460000
b110000010011111110 [
0%
1+
#86480000
0+
#86500000
b11 m
1%
b110000010011111101 [
1+
#86520000
0+
#86540000
b110000010011111100 [
0%
1+
#86560000
0+
#86580000
b100 m
1%
b110000010011111011 [
1+
#86600000
0+
#86620000
b110000010011111010 [
0%
1+
#86640000
0+
#86660000
b101 m
1%
b110000010011111001 [
1+
#86680000
0+
#86700000
b110000010011111000 [
0%
1+
#86720000
0+
#86740000
b110 m
1%
b110000010011110111 [
1+
#86760000
0+
#86780000
b110000010011110110 [
0%
1+
#86800000
0+
#86820000
b111 m
1%
b110000010011110101 [
1+
#86840000
0+
#86860000
b110000010011110100 [
b0 r
1;
1$
0%
1+
#86880000
0+
#86900000
1#
0;
b1111001 \
b1111001 X
0_
b110000010011110011 [
1+
#86920000
0+
#86940000
1_
1a
1^
b110000010011110010 [
1+
#86960000
0+
#86980000
b1 r
b0 m
0$
b110000010011110001 [
0^
0a
1+
#87000000
0+
#87020000
b110000010011110000 [
b1 m
1%
0#
1+
#87040000
0+
#87060000
0%
b110000010011101111 [
1+
#87080000
0+
#87100000
b110000010011101110 [
b10 m
1%
1+
#87120000
0+
#87140000
0%
b110000010011101101 [
1+
#87160000
0+
#87180000
b110000010011101100 [
b11 m
1%
1+
#87200000
0+
#87220000
0%
b110000010011101011 [
1+
#87240000
0+
#87260000
b110000010011101010 [
b100 m
1%
1+
#87280000
0+
#87300000
0%
b110000010011101001 [
1+
#87320000
0+
#87340000
b110000010011101000 [
b101 m
1%
1+
#87360000
0+
#87380000
0%
b110000010011100111 [
1+
#87400000
0+
#87420000
b110000010011100110 [
b110 m
1%
1+
#87440000
0+
#87460000
0%
b110000010011100101 [
1+
#87480000
0+
#87500000
b110000010011100100 [
b111 m
1%
1+
#87520000
0+
#87540000
b0 r
1;
1$
0%
b110000010011100011 [
1+
#87560000
0+
#87580000
b1111010 \
b1111010 X
0_
b110000010011100010 [
1#
0;
1+
#87600000
0+
#87620000
1_
1a
1^
b110000010011100001 [
1+
#87640000
0+
#87660000
b110000010011100000 [
0^
0a
b1 r
b0 m
0$
1+
#87680000
0+
#87700000
b1 m
1%
0#
b110000010011011111 [
1+
#87720000
0+
#87740000
b110000010011011110 [
0%
1+
#87760000
0+
#87780000
b10 m
1%
b110000010011011101 [
1+
#87800000
0+
#87820000
b110000010011011100 [
0%
1+
#87840000
0+
#87860000
b11 m
1%
b110000010011011011 [
1+
#87880000
0+
#87900000
b110000010011011010 [
0%
1+
#87920000
0+
#87940000
b100 m
1%
b110000010011011001 [
1+
#87960000
0+
#87980000
b110000010011011000 [
0%
1+
#88000000
0+
#88020000
b101 m
1%
b110000010011010111 [
1+
#88040000
0+
#88060000
b110000010011010110 [
0%
1+
#88080000
0+
#88100000
b110 m
1%
b110000010011010101 [
1+
#88120000
0+
#88140000
b110000010011010100 [
0%
1+
#88160000
0+
#88180000
b111 m
1%
b110000010011010011 [
1+
#88200000
0+
#88220000
b110000010011010010 [
b0 r
1;
1$
0%
1+
#88240000
0+
#88260000
1#
0;
b1111011 \
b1111011 X
0_
b110000010011010001 [
1+
#88280000
0+
#88300000
1_
1a
1^
b110000010011010000 [
1+
#88320000
0+
#88340000
b1 r
b0 m
0$
b110000010011001111 [
0^
0a
1+
#88360000
0+
#88380000
b110000010011001110 [
b1 m
1%
0#
1+
#88400000
0+
#88420000
0%
b110000010011001101 [
1+
#88440000
0+
#88460000
b110000010011001100 [
b10 m
1%
1+
#88480000
0+
#88500000
0%
b110000010011001011 [
1+
#88520000
0+
#88540000
b110000010011001010 [
b11 m
1%
1+
#88560000
0+
#88580000
0%
b110000010011001001 [
1+
#88600000
0+
#88620000
b110000010011001000 [
b100 m
1%
1+
#88640000
0+
#88660000
0%
b110000010011000111 [
1+
#88680000
0+
#88700000
b110000010011000110 [
b101 m
1%
1+
#88720000
0+
#88740000
0%
b110000010011000101 [
1+
#88760000
0+
#88780000
b110000010011000100 [
b110 m
1%
1+
#88800000
0+
#88820000
0%
b110000010011000011 [
1+
#88840000
0+
#88860000
b110000010011000010 [
b111 m
1%
1+
#88880000
0+
#88900000
b0 r
1;
1$
0%
b110000010011000001 [
1+
#88920000
0+
#88940000
b1111100 \
b1111100 X
0_
b110000010011000000 [
1#
0;
1+
#88960000
0+
#88980000
1_
1a
1^
b110000010010111111 [
1+
#89000000
0+
#89020000
b110000010010111110 [
0^
0a
b1 r
b0 m
0$
1+
#89040000
0+
#89060000
b1 m
1%
0#
b110000010010111101 [
1+
#89080000
0+
#89100000
b110000010010111100 [
0%
1+
#89120000
0+
#89140000
b10 m
1%
b110000010010111011 [
1+
#89160000
0+
#89180000
b110000010010111010 [
0%
1+
#89200000
0+
#89220000
b11 m
1%
b110000010010111001 [
1+
#89240000
0+
#89260000
b110000010010111000 [
0%
1+
#89280000
0+
#89300000
b100 m
1%
b110000010010110111 [
1+
#89320000
0+
#89340000
b110000010010110110 [
0%
1+
#89360000
0+
#89380000
b101 m
1%
b110000010010110101 [
1+
#89400000
0+
#89420000
b110000010010110100 [
0%
1+
#89440000
0+
#89460000
b110 m
1%
b110000010010110011 [
1+
#89480000
0+
#89500000
b110000010010110010 [
0%
1+
#89520000
0+
#89540000
b111 m
1%
b110000010010110001 [
1+
#89560000
0+
#89580000
b110000010010110000 [
b0 r
1;
1$
0%
1+
#89600000
0+
#89620000
1#
0;
b1111101 \
b1111101 X
0_
b110000010010101111 [
1+
#89640000
0+
#89660000
1_
1a
1^
b110000010010101110 [
1+
#89680000
0+
#89700000
b1 r
b0 m
0$
b110000010010101101 [
0^
0a
1+
#89720000
0+
#89740000
b110000010010101100 [
b1 m
1%
0#
1+
#89760000
0+
#89780000
0%
b110000010010101011 [
1+
#89800000
0+
#89820000
b110000010010101010 [
b10 m
1%
1+
#89840000
0+
#89860000
0%
b110000010010101001 [
1+
#89880000
0+
#89900000
b110000010010101000 [
b11 m
1%
1+
#89920000
0+
#89940000
0%
b110000010010100111 [
1+
#89960000
0+
#89980000
b110000010010100110 [
b100 m
1%
1+
#90000000
0+
#90020000
0%
b110000010010100101 [
1+
#90040000
0+
#90060000
b110000010010100100 [
b101 m
1%
1+
#90080000
0+
#90100000
0%
b110000010010100011 [
1+
#90120000
0+
#90140000
b110000010010100010 [
b110 m
1%
1+
#90160000
0+
#90180000
0%
b110000010010100001 [
1+
#90200000
0+
#90220000
b110000010010100000 [
b111 m
1%
1+
#90240000
0+
#90260000
b0 r
1;
1$
0%
b110000010010011111 [
1+
#90280000
0+
#90300000
b1111110 \
b1111110 X
0_
b110000010010011110 [
1#
0;
1+
#90320000
0+
#90340000
1_
1a
1^
b110000010010011101 [
1+
#90360000
0+
#90380000
b110000010010011100 [
0^
0a
b1 r
b0 m
0$
1+
#90400000
0+
#90420000
b1 m
1%
0#
b110000010010011011 [
1+
#90440000
0+
#90460000
b110000010010011010 [
0%
1+
#90480000
0+
#90500000
b10 m
1%
b110000010010011001 [
1+
#90520000
0+
#90540000
b110000010010011000 [
0%
1+
#90560000
0+
#90580000
b11 m
1%
b110000010010010111 [
1+
#90600000
0+
#90620000
b110000010010010110 [
0%
1+
#90640000
0+
#90660000
b100 m
1%
b110000010010010101 [
1+
#90680000
0+
#90700000
b110000010010010100 [
0%
1+
#90720000
0+
#90740000
b101 m
1%
b110000010010010011 [
1+
#90760000
0+
#90780000
b110000010010010010 [
0%
1+
#90800000
0+
#90820000
b110 m
1%
b110000010010010001 [
1+
#90840000
0+
#90860000
b110000010010010000 [
0%
1+
#90880000
0+
#90900000
b111 m
1%
b110000010010001111 [
1+
#90920000
0+
#90940000
b110000010010001110 [
b0 r
1;
1$
0%
1+
#90960000
0+
#90980000
1#
0;
b1111111 \
b1111111 X
0_
b110000010010001101 [
1+
#91000000
0+
#91020000
1_
1a
1^
b110000010010001100 [
1+
#91040000
0+
#91060000
b1 r
b0 m
0$
b110000010010001011 [
0^
0a
1+
#91080000
0+
#91100000
b110000010010001010 [
b1 m
1%
0#
1+
#91120000
0+
#91140000
0%
b110000010010001001 [
1+
#91160000
0+
#91180000
b110000010010001000 [
b10 m
1%
1+
#91200000
0+
#91220000
0%
b110000010010000111 [
1+
#91240000
0+
#91260000
b110000010010000110 [
b11 m
1%
1+
#91280000
0+
#91300000
0%
b110000010010000101 [
1+
#91320000
0+
#91340000
b110000010010000100 [
b100 m
1%
1+
#91360000
0+
#91380000
0%
b110000010010000011 [
1+
#91400000
0+
#91420000
b110000010010000010 [
b101 m
1%
1+
#91440000
0+
#91460000
0%
b110000010010000001 [
1+
#91480000
0+
#91500000
b110000010010000000 [
b110 m
1%
1+
#91520000
0+
#91540000
0%
b110000010001111111 [
1+
#91560000
0+
#91580000
b110000010001111110 [
b111 m
1%
1+
#91600000
0+
#91620000
b0 r
1;
1$
0%
b110000010001111101 [
1+
#91640000
0+
#91660000
b10000000 \
b10000000 X
0_
b110000010001111100 [
1#
0;
1+
#91680000
0+
#91700000
1_
1a
1^
b110000010001111011 [
b10000000 .
1+
#91720000
0+
#91740000
b110000010001111010 [
0^
0a
b1 r
b0 m
0$
1+
#91760000
0+
#91780000
b1 m
1%
0#
b110000010001111001 [
1+
#91800000
0+
#91820000
b110000010001111000 [
0%
1+
#91840000
0+
#91860000
b10 m
1%
b110000010001110111 [
1+
#91880000
0+
#91900000
b110000010001110110 [
0%
1+
#91920000
0+
#91940000
b11 m
1%
b110000010001110101 [
1+
#91960000
0+
#91980000
b110000010001110100 [
0%
1+
#92000000
0+
#92020000
b100 m
1%
b110000010001110011 [
1+
#92040000
0+
#92060000
b110000010001110010 [
0%
1+
#92080000
0+
#92100000
b101 m
1%
b110000010001110001 [
1+
#92120000
0+
#92140000
b110000010001110000 [
0%
1+
#92160000
0+
#92180000
b110 m
1%
b110000010001101111 [
1+
#92200000
0+
#92220000
b110000010001101110 [
0%
1+
#92240000
0+
#92260000
b111 m
1%
b110000010001101101 [
1+
#92280000
0+
#92300000
b110000010001101100 [
b0 r
1;
1$
0%
1+
#92320000
0+
#92340000
1#
0;
b10000001 \
b10000001 X
0_
b110000010001101011 [
1+
#92360000
0+
#92380000
1_
1a
1^
b110000010001101010 [
1+
#92400000
0+
#92420000
b1 r
b0 m
0$
b110000010001101001 [
0^
0a
1+
#92440000
0+
#92460000
b110000010001101000 [
b1 m
1%
0#
1+
#92480000
0+
#92500000
0%
b110000010001100111 [
1+
#92520000
0+
#92540000
b110000010001100110 [
b10 m
1%
1+
#92560000
0+
#92580000
0%
b110000010001100101 [
1+
#92600000
0+
#92620000
b110000010001100100 [
b11 m
1%
1+
#92640000
0+
#92660000
0%
b110000010001100011 [
1+
#92680000
0+
#92700000
b110000010001100010 [
b100 m
1%
1+
#92720000
0+
#92740000
0%
b110000010001100001 [
1+
#92760000
0+
#92780000
b110000010001100000 [
b101 m
1%
1+
#92800000
0+
#92820000
0%
b110000010001011111 [
1+
#92840000
0+
#92860000
b110000010001011110 [
b110 m
1%
1+
#92880000
0+
#92900000
0%
b110000010001011101 [
1+
#92920000
0+
#92940000
b110000010001011100 [
b111 m
1%
1+
#92960000
0+
#92980000
b0 r
1;
1$
0%
b110000010001011011 [
1+
#93000000
0+
#93020000
b10000010 \
b10000010 X
0_
b110000010001011010 [
1#
0;
1+
#93040000
0+
#93060000
1_
1a
1^
b110000010001011001 [
1+
#93080000
0+
#93100000
b110000010001011000 [
0^
0a
b1 r
b0 m
0$
1+
#93120000
0+
#93140000
b1 m
1%
0#
b110000010001010111 [
1+
#93160000
0+
#93180000
b110000010001010110 [
0%
1+
#93200000
0+
#93220000
b10 m
1%
b110000010001010101 [
1+
#93240000
0+
#93260000
b110000010001010100 [
0%
1+
#93280000
0+
#93300000
b11 m
1%
b110000010001010011 [
1+
#93320000
0+
#93340000
b110000010001010010 [
0%
1+
#93360000
0+
#93380000
b100 m
1%
b110000010001010001 [
1+
#93400000
0+
#93420000
b110000010001010000 [
0%
1+
#93440000
0+
#93460000
b101 m
1%
b110000010001001111 [
1+
#93480000
0+
#93500000
b110000010001001110 [
0%
1+
#93520000
0+
#93540000
b110 m
1%
b110000010001001101 [
1+
#93560000
0+
#93580000
b110000010001001100 [
0%
1+
#93600000
0+
#93620000
b111 m
1%
b110000010001001011 [
1+
#93640000
0+
#93660000
b110000010001001010 [
b0 r
1;
1$
0%
1+
#93680000
0+
#93700000
1#
0;
b10000011 \
b10000011 X
0_
b110000010001001001 [
1+
#93720000
0+
#93740000
1_
1a
1^
b110000010001001000 [
1+
#93760000
0+
#93780000
b1 r
b0 m
0$
b110000010001000111 [
0^
0a
1+
#93800000
0+
#93820000
b110000010001000110 [
b1 m
1%
0#
1+
#93840000
0+
#93860000
0%
b110000010001000101 [
1+
#93880000
0+
#93900000
b110000010001000100 [
b10 m
1%
1+
#93920000
0+
#93940000
0%
b110000010001000011 [
1+
#93960000
0+
#93980000
b110000010001000010 [
b11 m
1%
1+
#94000000
0+
#94020000
0%
b110000010001000001 [
1+
#94040000
0+
#94060000
b110000010001000000 [
b100 m
1%
1+
#94080000
0+
#94100000
0%
b110000010000111111 [
1+
#94120000
0+
#94140000
b110000010000111110 [
b101 m
1%
1+
#94160000
0+
#94180000
0%
b110000010000111101 [
1+
#94200000
0+
#94220000
b110000010000111100 [
b110 m
1%
1+
#94240000
0+
#94260000
0%
b110000010000111011 [
1+
#94280000
0+
#94300000
b110000010000111010 [
b111 m
1%
1+
#94320000
0+
#94340000
b0 r
1;
1$
0%
b110000010000111001 [
1+
#94360000
0+
#94380000
b10000100 \
b10000100 X
0_
b110000010000111000 [
1#
0;
1+
#94400000
0+
#94420000
1_
1a
1^
b110000010000110111 [
1+
#94440000
0+
#94460000
b110000010000110110 [
0^
0a
b1 r
b0 m
0$
1+
#94480000
0+
#94500000
b1 m
1%
0#
b110000010000110101 [
1+
#94520000
0+
#94540000
b110000010000110100 [
0%
1+
#94560000
0+
#94580000
b10 m
1%
b110000010000110011 [
1+
#94600000
0+
#94620000
b110000010000110010 [
0%
1+
#94640000
0+
#94660000
b11 m
1%
b110000010000110001 [
1+
#94680000
0+
#94700000
b110000010000110000 [
0%
1+
#94720000
0+
#94740000
b100 m
1%
b110000010000101111 [
1+
#94760000
0+
#94780000
b110000010000101110 [
0%
1+
#94800000
0+
#94820000
b101 m
1%
b110000010000101101 [
1+
#94840000
0+
#94860000
b110000010000101100 [
0%
1+
#94880000
0+
#94900000
b110 m
1%
b110000010000101011 [
1+
#94920000
0+
#94940000
b110000010000101010 [
0%
1+
#94960000
0+
#94980000
b111 m
1%
b110000010000101001 [
1+
#95000000
0+
#95020000
b110000010000101000 [
b0 r
1;
1$
0%
1+
#95040000
0+
#95060000
1#
0;
b10000101 \
b10000101 X
0_
b110000010000100111 [
1+
#95080000
0+
#95100000
1_
1a
1^
b110000010000100110 [
1+
#95120000
0+
#95140000
b1 r
b0 m
0$
b110000010000100101 [
0^
0a
1+
#95160000
0+
#95180000
b110000010000100100 [
b1 m
1%
0#
1+
#95200000
0+
#95220000
0%
b110000010000100011 [
1+
#95240000
0+
#95260000
b110000010000100010 [
b10 m
1%
1+
#95280000
0+
#95300000
0%
b110000010000100001 [
1+
#95320000
0+
#95340000
b110000010000100000 [
b11 m
1%
1+
#95360000
0+
#95380000
0%
b110000010000011111 [
1+
#95400000
0+
#95420000
b110000010000011110 [
b100 m
1%
1+
#95440000
0+
#95460000
0%
b110000010000011101 [
1+
#95480000
0+
#95500000
b110000010000011100 [
b101 m
1%
1+
#95520000
0+
#95540000
0%
b110000010000011011 [
1+
#95560000
0+
#95580000
b110000010000011010 [
b110 m
1%
1+
#95600000
0+
#95620000
0%
b110000010000011001 [
1+
#95640000
0+
#95660000
b110000010000011000 [
b111 m
1%
1+
#95680000
0+
#95700000
b0 r
1;
1$
0%
b110000010000010111 [
1+
#95720000
0+
#95740000
b10000110 \
b10000110 X
0_
b110000010000010110 [
1#
0;
1+
#95760000
0+
#95780000
1_
1a
1^
b110000010000010101 [
1+
#95800000
0+
#95820000
b110000010000010100 [
0^
0a
b1 r
b0 m
0$
1+
#95840000
0+
#95860000
b1 m
1%
0#
b110000010000010011 [
1+
#95880000
0+
#95900000
b110000010000010010 [
0%
1+
#95920000
0+
#95940000
b10 m
1%
b110000010000010001 [
1+
#95960000
0+
#95980000
b110000010000010000 [
0%
1+
#96000000
0+
#96020000
b11 m
1%
b110000010000001111 [
1+
#96040000
0+
#96060000
b110000010000001110 [
0%
1+
#96080000
0+
#96100000
b100 m
1%
b110000010000001101 [
1+
#96120000
0+
#96140000
b110000010000001100 [
0%
1+
#96160000
0+
#96180000
b101 m
1%
b110000010000001011 [
1+
#96200000
0+
#96220000
b110000010000001010 [
0%
1+
#96240000
0+
#96260000
b110 m
1%
b110000010000001001 [
1+
#96280000
0+
#96300000
b110000010000001000 [
0%
1+
#96320000
0+
#96340000
b111 m
1%
b110000010000000111 [
1+
#96360000
0+
#96380000
b110000010000000110 [
b0 r
1;
1$
0%
1+
#96400000
0+
#96420000
1#
0;
b10000111 \
b10000111 X
0_
b110000010000000101 [
1+
#96440000
0+
#96460000
1_
1a
1^
b110000010000000100 [
1+
#96480000
0+
#96500000
b1 r
b0 m
0$
b110000010000000011 [
0^
0a
1+
#96520000
0+
#96540000
b110000010000000010 [
b1 m
1%
0#
1+
#96560000
0+
#96580000
0%
b110000010000000001 [
1+
#96600000
0+
#96620000
b110000010000000000 [
b10 m
1%
1+
#96640000
0+
#96660000
0%
b110000001111111111 [
1+
#96680000
0+
#96700000
b110000001111111110 [
b11 m
1%
1+
#96720000
0+
#96740000
0%
b110000001111111101 [
1+
#96760000
0+
#96780000
b110000001111111100 [
b100 m
1%
1+
#96800000
0+
#96820000
0%
b110000001111111011 [
1+
#96840000
0+
#96860000
b110000001111111010 [
b101 m
1%
1+
#96880000
0+
#96900000
0%
b110000001111111001 [
1+
#96920000
0+
#96940000
b110000001111111000 [
b110 m
1%
1+
#96960000
0+
#96980000
0%
b110000001111110111 [
1+
#97000000
0+
#97020000
b110000001111110110 [
b111 m
1%
1+
#97040000
0+
#97060000
b0 r
1;
1$
0%
b110000001111110101 [
1+
#97080000
0+
#97100000
b10001000 \
b10001000 X
0_
b110000001111110100 [
1#
0;
1+
#97120000
0+
#97140000
1_
1a
1^
b110000001111110011 [
1+
#97160000
0+
#97180000
b110000001111110010 [
0^
0a
b1 r
b0 m
0$
1+
#97200000
0+
#97220000
b1 m
1%
0#
b110000001111110001 [
1+
#97240000
0+
#97260000
b110000001111110000 [
0%
1+
#97280000
0+
#97300000
b10 m
1%
b110000001111101111 [
1+
#97320000
0+
#97340000
b110000001111101110 [
0%
1+
#97360000
0+
#97380000
b11 m
1%
b110000001111101101 [
1+
#97400000
0+
#97420000
b110000001111101100 [
0%
1+
#97440000
0+
#97460000
b100 m
1%
b110000001111101011 [
1+
#97480000
0+
#97500000
b110000001111101010 [
0%
1+
#97520000
0+
#97540000
b101 m
1%
b110000001111101001 [
1+
#97560000
0+
#97580000
b110000001111101000 [
0%
1+
#97600000
0+
#97620000
b110 m
1%
b110000001111100111 [
1+
#97640000
0+
#97660000
b110000001111100110 [
0%
1+
#97680000
0+
#97700000
b111 m
1%
b110000001111100101 [
1+
#97720000
0+
#97740000
b110000001111100100 [
b0 r
1;
1$
0%
1+
#97760000
0+
#97780000
1#
0;
b10001001 \
b10001001 X
0_
b110000001111100011 [
1+
#97800000
0+
#97820000
1_
1a
1^
b110000001111100010 [
1+
#97840000
0+
#97860000
b1 r
b0 m
0$
b110000001111100001 [
0^
0a
1+
#97880000
0+
#97900000
b110000001111100000 [
b1 m
1%
0#
1+
#97920000
0+
#97940000
0%
b110000001111011111 [
1+
#97960000
0+
#97980000
b110000001111011110 [
b10 m
1%
1+
#98000000
0+
#98020000
0%
b110000001111011101 [
1+
#98040000
0+
#98060000
b110000001111011100 [
b11 m
1%
1+
#98080000
0+
#98100000
0%
b110000001111011011 [
1+
#98120000
0+
#98140000
b110000001111011010 [
b100 m
1%
1+
#98160000
0+
#98180000
0%
b110000001111011001 [
1+
#98200000
0+
#98220000
b110000001111011000 [
b101 m
1%
1+
#98240000
0+
#98260000
0%
b110000001111010111 [
1+
#98280000
0+
#98300000
b110000001111010110 [
b110 m
1%
1+
#98320000
0+
#98340000
0%
b110000001111010101 [
1+
#98360000
0+
#98380000
b110000001111010100 [
b111 m
1%
1+
#98400000
0+
#98420000
b0 r
1;
1$
0%
b110000001111010011 [
1+
#98440000
0+
#98460000
b10001010 \
b10001010 X
0_
b110000001111010010 [
1#
0;
1+
#98480000
0+
#98500000
1_
1a
1^
b110000001111010001 [
1+
#98520000
0+
#98540000
b110000001111010000 [
0^
0a
b1 r
b0 m
0$
1+
#98560000
0+
#98580000
b1 m
1%
0#
b110000001111001111 [
1+
#98600000
0+
#98620000
b110000001111001110 [
0%
1+
#98640000
0+
#98660000
b10 m
1%
b110000001111001101 [
1+
#98680000
0+
#98700000
b110000001111001100 [
0%
1+
#98720000
0+
#98740000
b11 m
1%
b110000001111001011 [
1+
#98760000
0+
#98780000
b110000001111001010 [
0%
1+
#98800000
0+
#98820000
b100 m
1%
b110000001111001001 [
1+
#98840000
0+
#98860000
b110000001111001000 [
0%
1+
#98880000
0+
#98900000
b101 m
1%
b110000001111000111 [
1+
#98920000
0+
#98940000
b110000001111000110 [
0%
1+
#98960000
0+
#98980000
b110 m
1%
b110000001111000101 [
1+
#99000000
0+
#99020000
b110000001111000100 [
0%
1+
#99040000
0+
#99060000
b111 m
1%
b110000001111000011 [
1+
#99080000
0+
#99100000
b110000001111000010 [
b0 r
1;
1$
0%
1+
#99120000
0+
#99140000
1#
0;
b10001011 \
b10001011 X
0_
b110000001111000001 [
1+
#99160000
0+
#99180000
1_
1a
1^
b110000001111000000 [
1+
#99200000
0+
#99220000
b1 r
b0 m
0$
b110000001110111111 [
0^
0a
1+
#99240000
0+
#99260000
b110000001110111110 [
b1 m
1%
0#
1+
#99280000
0+
#99300000
0%
b110000001110111101 [
1+
#99320000
0+
#99340000
b110000001110111100 [
b10 m
1%
1+
#99360000
0+
#99380000
0%
b110000001110111011 [
1+
#99400000
0+
#99420000
b110000001110111010 [
b11 m
1%
1+
#99440000
0+
#99460000
0%
b110000001110111001 [
1+
#99480000
0+
#99500000
b110000001110111000 [
b100 m
1%
1+
#99520000
0+
#99540000
0%
b110000001110110111 [
1+
#99560000
0+
#99580000
b110000001110110110 [
b101 m
1%
1+
#99600000
0+
#99620000
0%
b110000001110110101 [
1+
#99640000
0+
#99660000
b110000001110110100 [
b110 m
1%
1+
#99680000
0+
#99700000
0%
b110000001110110011 [
1+
#99720000
0+
#99740000
b110000001110110010 [
b111 m
1%
1+
#99760000
0+
#99780000
b0 r
1;
1$
0%
b110000001110110001 [
1+
#99800000
0+
#99820000
b10001100 \
b10001100 X
0_
b110000001110110000 [
1#
0;
1+
#99840000
0+
#99860000
1_
1a
1^
b110000001110101111 [
1+
#99880000
0+
#99900000
b110000001110101110 [
0^
0a
b1 r
b0 m
0$
1+
#99920000
0+
#99940000
b1 m
1%
0#
b110000001110101101 [
1+
#99960000
0+
#99980000
b110000001110101100 [
0%
1+
#100000000
0+
#100020000
b10 m
1%
b110000001110101011 [
1+
#100040000
0+
#100060000
b110000001110101010 [
0%
1+
#100080000
0+
#100100000
b11 m
1%
b110000001110101001 [
1+
#100120000
0+
#100140000
b110000001110101000 [
0%
1+
#100160000
0+
#100180000
b100 m
1%
b110000001110100111 [
1+
#100200000
0+
#100220000
b110000001110100110 [
0%
1+
#100240000
0+
#100260000
b101 m
1%
b110000001110100101 [
1+
#100280000
0+
#100300000
b110000001110100100 [
0%
1+
#100320000
0+
#100340000
b110 m
1%
b110000001110100011 [
1+
#100360000
0+
#100380000
b110000001110100010 [
0%
1+
#100400000
0+
#100420000
b111 m
1%
b110000001110100001 [
1+
#100440000
0+
#100460000
b110000001110100000 [
b0 r
1;
1$
0%
1+
#100480000
0+
#100500000
1#
0;
b10001101 \
b10001101 X
0_
b110000001110011111 [
1+
#100520000
0+
#100540000
1_
1a
1^
b110000001110011110 [
1+
#100560000
0+
#100580000
b1 r
b0 m
0$
b110000001110011101 [
0^
0a
1+
#100600000
0+
#100620000
b110000001110011100 [
b1 m
1%
0#
1+
#100640000
0+
#100660000
0%
b110000001110011011 [
1+
#100680000
0+
#100700000
b110000001110011010 [
b10 m
1%
1+
#100720000
0+
#100740000
0%
b110000001110011001 [
1+
#100760000
0+
#100780000
b110000001110011000 [
b11 m
1%
1+
#100800000
0+
#100820000
0%
b110000001110010111 [
1+
#100840000
0+
#100860000
b110000001110010110 [
b100 m
1%
1+
#100880000
0+
#100900000
0%
b110000001110010101 [
1+
#100920000
0+
#100940000
b110000001110010100 [
b101 m
1%
1+
#100960000
0+
#100980000
0%
b110000001110010011 [
1+
#101000000
0+
#101020000
b110000001110010010 [
b110 m
1%
1+
#101040000
0+
#101060000
0%
b110000001110010001 [
1+
#101080000
0+
#101100000
b110000001110010000 [
b111 m
1%
1+
#101120000
0+
#101140000
b0 r
1;
1$
0%
b110000001110001111 [
1+
#101160000
0+
#101180000
b10001110 \
b10001110 X
0_
b110000001110001110 [
1#
0;
1+
#101200000
0+
#101220000
1_
1a
1^
b110000001110001101 [
1+
#101240000
0+
#101260000
b110000001110001100 [
0^
0a
b1 r
b0 m
0$
1+
#101280000
0+
#101300000
b1 m
1%
0#
b110000001110001011 [
1+
#101320000
0+
#101340000
b110000001110001010 [
0%
1+
#101360000
0+
#101380000
b10 m
1%
b110000001110001001 [
1+
#101400000
0+
#101420000
b110000001110001000 [
0%
1+
#101440000
0+
#101460000
b11 m
1%
b110000001110000111 [
1+
#101480000
0+
#101500000
b110000001110000110 [
0%
1+
#101520000
0+
#101540000
b100 m
1%
b110000001110000101 [
1+
#101560000
0+
#101580000
b110000001110000100 [
0%
1+
#101600000
0+
#101620000
b101 m
1%
b110000001110000011 [
1+
#101640000
0+
#101660000
b110000001110000010 [
0%
1+
#101680000
0+
#101700000
b110 m
1%
b110000001110000001 [
1+
#101720000
0+
#101740000
b110000001110000000 [
0%
1+
#101760000
0+
#101780000
b111 m
1%
b110000001101111111 [
1+
#101800000
0+
#101820000
b110000001101111110 [
b0 r
1;
1$
0%
1+
#101840000
0+
#101860000
1#
0;
b10001111 \
b10001111 X
0_
b110000001101111101 [
1+
#101880000
0+
#101900000
1_
1a
1^
b110000001101111100 [
1+
#101920000
0+
#101940000
b1 r
b0 m
0$
b110000001101111011 [
0^
0a
1+
#101960000
0+
#101980000
b110000001101111010 [
b1 m
1%
0#
1+
#102000000
0+
#102020000
0%
b110000001101111001 [
1+
#102040000
0+
#102060000
b110000001101111000 [
b10 m
1%
1+
#102080000
0+
#102100000
0%
b110000001101110111 [
1+
#102120000
0+
#102140000
b110000001101110110 [
b11 m
1%
1+
#102160000
0+
#102180000
0%
b110000001101110101 [
1+
#102200000
0+
#102220000
b110000001101110100 [
b100 m
1%
1+
#102240000
0+
#102260000
0%
b110000001101110011 [
1+
#102280000
0+
#102300000
b110000001101110010 [
b101 m
1%
1+
#102320000
0+
#102340000
0%
b110000001101110001 [
1+
#102360000
0+
#102380000
b110000001101110000 [
b110 m
1%
1+
#102400000
0+
#102420000
0%
b110000001101101111 [
1+
#102440000
0+
#102460000
b110000001101101110 [
b111 m
1%
1+
#102480000
0+
#102500000
b0 r
1;
1$
0%
b110000001101101101 [
1+
#102520000
0+
#102540000
b10010000 \
b10010000 X
0_
b110000001101101100 [
1#
0;
1+
#102560000
0+
#102580000
1_
1a
1^
b110000001101101011 [
1+
#102600000
0+
#102620000
b110000001101101010 [
0^
0a
b1 r
b0 m
0$
1+
#102640000
0+
#102660000
b1 m
1%
0#
b110000001101101001 [
1+
#102680000
0+
#102700000
b110000001101101000 [
0%
1+
#102720000
0+
#102740000
b10 m
1%
b110000001101100111 [
1+
#102760000
0+
#102780000
b110000001101100110 [
0%
1+
#102800000
0+
#102820000
b11 m
1%
b110000001101100101 [
1+
#102840000
0+
#102860000
b110000001101100100 [
0%
1+
#102880000
0+
#102900000
b100 m
1%
b110000001101100011 [
1+
#102920000
0+
#102940000
b110000001101100010 [
0%
1+
#102960000
0+
#102980000
b101 m
1%
b110000001101100001 [
1+
#103000000
0+
#103020000
b110000001101100000 [
0%
1+
#103040000
0+
#103060000
b110 m
1%
b110000001101011111 [
1+
#103080000
0+
#103100000
b110000001101011110 [
0%
1+
#103120000
0+
#103140000
b111 m
1%
b110000001101011101 [
1+
#103160000
0+
#103180000
b110000001101011100 [
b0 r
1;
1$
0%
1+
#103200000
0+
#103220000
1#
0;
b10010001 \
b10010001 X
0_
b110000001101011011 [
1+
#103240000
0+
#103260000
1_
1a
1^
b110000001101011010 [
1+
#103280000
0+
#103300000
b1 r
b0 m
0$
b110000001101011001 [
0^
0a
1+
#103320000
0+
#103340000
b110000001101011000 [
b1 m
1%
0#
1+
#103360000
0+
#103380000
0%
b110000001101010111 [
1+
#103400000
0+
#103420000
b110000001101010110 [
b10 m
1%
1+
#103440000
0+
#103460000
0%
b110000001101010101 [
1+
#103480000
0+
#103500000
b110000001101010100 [
b11 m
1%
1+
#103520000
0+
#103540000
0%
b110000001101010011 [
1+
#103560000
0+
#103580000
b110000001101010010 [
b100 m
1%
1+
#103600000
0+
#103620000
0%
b110000001101010001 [
1+
#103640000
0+
#103660000
b110000001101010000 [
b101 m
1%
1+
#103680000
0+
#103700000
0%
b110000001101001111 [
1+
#103720000
0+
#103740000
b110000001101001110 [
b110 m
1%
1+
#103760000
0+
#103780000
0%
b110000001101001101 [
1+
#103800000
0+
#103820000
b110000001101001100 [
b111 m
1%
1+
#103840000
0+
#103860000
b0 r
1;
1$
0%
b110000001101001011 [
1+
#103880000
0+
#103900000
b10010010 \
b10010010 X
0_
b110000001101001010 [
1#
0;
1+
#103920000
0+
#103940000
1_
1a
1^
b110000001101001001 [
1+
#103960000
0+
#103980000
b110000001101001000 [
0^
0a
b1 r
b0 m
0$
1+
#104000000
0+
#104020000
b1 m
1%
0#
b110000001101000111 [
1+
#104040000
0+
#104060000
b110000001101000110 [
0%
1+
#104080000
0+
#104100000
b10 m
1%
b110000001101000101 [
1+
#104120000
0+
#104140000
b110000001101000100 [
0%
1+
#104160000
0+
#104180000
b11 m
1%
b110000001101000011 [
1+
#104200000
0+
#104220000
b110000001101000010 [
0%
1+
#104240000
0+
#104260000
b100 m
1%
b110000001101000001 [
1+
#104280000
0+
#104300000
b110000001101000000 [
0%
1+
#104320000
0+
#104340000
b101 m
1%
b110000001100111111 [
1+
#104360000
0+
#104380000
b110000001100111110 [
0%
1+
#104400000
0+
#104420000
b110 m
1%
b110000001100111101 [
1+
#104440000
0+
#104460000
b110000001100111100 [
0%
1+
#104480000
0+
#104500000
b111 m
1%
b110000001100111011 [
1+
#104520000
0+
#104540000
b110000001100111010 [
b0 r
1;
1$
0%
1+
#104560000
0+
#104580000
1#
0;
b10010011 \
b10010011 X
0_
b110000001100111001 [
1+
#104600000
0+
#104620000
1_
1a
1^
b110000001100111000 [
1+
#104640000
0+
#104660000
b1 r
b0 m
0$
b110000001100110111 [
0^
0a
1+
#104680000
0+
#104700000
b110000001100110110 [
b1 m
1%
0#
1+
#104720000
0+
#104740000
0%
b110000001100110101 [
1+
#104760000
0+
#104780000
b110000001100110100 [
b10 m
1%
1+
#104800000
0+
#104820000
0%
b110000001100110011 [
1+
#104840000
0+
#104860000
b110000001100110010 [
b11 m
1%
1+
#104880000
0+
#104900000
0%
b110000001100110001 [
1+
#104920000
0+
#104940000
b110000001100110000 [
b100 m
1%
1+
#104960000
0+
#104980000
0%
b110000001100101111 [
1+
#105000000
0+
#105020000
b110000001100101110 [
b101 m
1%
1+
#105040000
0+
#105060000
0%
b110000001100101101 [
1+
#105080000
0+
#105100000
b110000001100101100 [
b110 m
1%
1+
#105120000
0+
#105140000
0%
b110000001100101011 [
1+
#105160000
0+
#105180000
b110000001100101010 [
b111 m
1%
1+
#105200000
0+
#105220000
b0 r
1;
1$
0%
b110000001100101001 [
1+
#105240000
0+
#105260000
b10010100 \
b10010100 X
0_
b110000001100101000 [
1#
0;
1+
#105280000
0+
#105300000
1_
1a
1^
b110000001100100111 [
1+
#105320000
0+
#105340000
b110000001100100110 [
0^
0a
b1 r
b0 m
0$
1+
#105360000
0+
#105380000
b1 m
1%
0#
b110000001100100101 [
1+
#105400000
0+
#105420000
b110000001100100100 [
0%
1+
#105440000
0+
#105460000
b10 m
1%
b110000001100100011 [
1+
#105480000
0+
#105500000
b110000001100100010 [
0%
1+
#105520000
0+
#105540000
b11 m
1%
b110000001100100001 [
1+
#105560000
0+
#105580000
b110000001100100000 [
0%
1+
#105600000
0+
#105620000
b100 m
1%
b110000001100011111 [
1+
#105640000
0+
#105660000
b110000001100011110 [
0%
1+
#105680000
0+
#105700000
b101 m
1%
b110000001100011101 [
1+
#105720000
0+
#105740000
b110000001100011100 [
0%
1+
#105760000
0+
#105780000
b110 m
1%
b110000001100011011 [
1+
#105800000
0+
#105820000
b110000001100011010 [
0%
1+
#105840000
0+
#105860000
b111 m
1%
b110000001100011001 [
1+
#105880000
0+
#105900000
b110000001100011000 [
b0 r
1;
1$
0%
1+
#105920000
0+
#105940000
1#
0;
b10010101 \
b10010101 X
0_
b110000001100010111 [
1+
#105960000
0+
#105980000
1_
1a
1^
b110000001100010110 [
1+
#106000000
0+
#106020000
b1 r
b0 m
0$
b110000001100010101 [
0^
0a
1+
#106040000
0+
#106060000
b110000001100010100 [
b1 m
1%
0#
1+
#106080000
0+
#106100000
0%
b110000001100010011 [
1+
#106120000
0+
#106140000
b110000001100010010 [
b10 m
1%
1+
#106160000
0+
#106180000
0%
b110000001100010001 [
1+
#106200000
0+
#106220000
b110000001100010000 [
b11 m
1%
1+
#106240000
0+
#106260000
0%
b110000001100001111 [
1+
#106280000
0+
#106300000
b110000001100001110 [
b100 m
1%
1+
#106320000
0+
#106340000
0%
b110000001100001101 [
1+
#106360000
0+
#106380000
b110000001100001100 [
b101 m
1%
1+
#106400000
0+
#106420000
0%
b110000001100001011 [
1+
#106440000
0+
#106460000
b110000001100001010 [
b110 m
1%
1+
#106480000
0+
#106500000
0%
b110000001100001001 [
1+
#106520000
0+
#106540000
b110000001100001000 [
b111 m
1%
1+
#106560000
0+
#106580000
b0 r
1;
1$
0%
b110000001100000111 [
1+
#106600000
0+
#106620000
b10010110 \
b10010110 X
0_
b110000001100000110 [
1#
0;
1+
#106640000
0+
#106660000
1_
1a
1^
b110000001100000101 [
1+
#106680000
0+
#106700000
b110000001100000100 [
0^
0a
b1 r
b0 m
0$
1+
#106720000
0+
#106740000
b1 m
1%
0#
b110000001100000011 [
1+
#106760000
0+
#106780000
b110000001100000010 [
0%
1+
#106800000
0+
#106820000
b10 m
1%
b110000001100000001 [
1+
#106840000
0+
#106860000
b110000001100000000 [
0%
1+
#106880000
0+
#106900000
b11 m
1%
b110000001011111111 [
1+
#106920000
0+
#106940000
b110000001011111110 [
0%
1+
#106960000
0+
#106980000
b100 m
1%
b110000001011111101 [
1+
#107000000
0+
#107020000
b110000001011111100 [
0%
1+
#107040000
0+
#107060000
b101 m
1%
b110000001011111011 [
1+
#107080000
0+
#107100000
b110000001011111010 [
0%
1+
#107120000
0+
#107140000
b110 m
1%
b110000001011111001 [
1+
#107160000
0+
#107180000
b110000001011111000 [
0%
1+
#107200000
0+
#107220000
b111 m
1%
b110000001011110111 [
1+
#107240000
0+
#107260000
b110000001011110110 [
b0 r
1;
1$
0%
1+
#107280000
0+
#107300000
1#
0;
b10010111 \
b10010111 X
0_
b110000001011110101 [
1+
#107320000
0+
#107340000
1_
1a
1^
b110000001011110100 [
1+
#107360000
0+
#107380000
b1 r
b0 m
0$
b110000001011110011 [
0^
0a
1+
#107400000
0+
#107420000
b110000001011110010 [
b1 m
1%
0#
1+
#107440000
0+
#107460000
0%
b110000001011110001 [
1+
#107480000
0+
#107500000
b110000001011110000 [
b10 m
1%
1+
#107520000
0+
#107540000
0%
b110000001011101111 [
1+
#107560000
0+
#107580000
b110000001011101110 [
b11 m
1%
1+
#107600000
0+
#107620000
0%
b110000001011101101 [
1+
#107640000
0+
#107660000
b110000001011101100 [
b100 m
1%
1+
#107680000
0+
#107700000
0%
b110000001011101011 [
1+
#107720000
0+
#107740000
b110000001011101010 [
b101 m
1%
1+
#107760000
0+
#107780000
0%
b110000001011101001 [
1+
#107800000
0+
#107820000
b110000001011101000 [
b110 m
1%
1+
#107840000
0+
#107860000
0%
b110000001011100111 [
1+
#107880000
0+
#107900000
b110000001011100110 [
b111 m
1%
1+
#107920000
0+
#107940000
b0 r
1;
1$
0%
b110000001011100101 [
1+
#107960000
0+
#107980000
b10011000 \
b10011000 X
0_
b110000001011100100 [
1#
0;
1+
#108000000
0+
#108020000
1_
1a
1^
b110000001011100011 [
1+
#108040000
0+
#108060000
b110000001011100010 [
0^
0a
b1 r
b0 m
0$
1+
#108080000
0+
#108100000
b1 m
1%
0#
b110000001011100001 [
1+
#108120000
0+
#108140000
b110000001011100000 [
0%
1+
#108160000
0+
#108180000
b10 m
1%
b110000001011011111 [
1+
#108200000
0+
#108220000
b110000001011011110 [
0%
1+
#108240000
0+
#108260000
b11 m
1%
b110000001011011101 [
1+
#108280000
0+
#108300000
b110000001011011100 [
0%
1+
#108320000
0+
#108340000
b100 m
1%
b110000001011011011 [
1+
#108360000
0+
#108380000
b110000001011011010 [
0%
1+
#108400000
0+
#108420000
b101 m
1%
b110000001011011001 [
1+
#108440000
0+
#108460000
b110000001011011000 [
0%
1+
#108480000
0+
#108500000
b110 m
1%
b110000001011010111 [
1+
#108520000
0+
#108540000
b110000001011010110 [
0%
1+
#108560000
0+
#108580000
b111 m
1%
b110000001011010101 [
1+
#108600000
0+
#108620000
b110000001011010100 [
b0 r
1;
1$
0%
1+
#108640000
0+
#108660000
1#
0;
b10011001 \
b10011001 X
0_
b110000001011010011 [
1+
#108680000
0+
#108700000
1_
1a
1^
b110000001011010010 [
1+
#108720000
0+
#108740000
b1 r
b0 m
0$
b110000001011010001 [
0^
0a
1+
#108760000
0+
#108780000
b110000001011010000 [
b1 m
1%
0#
1+
#108800000
0+
#108820000
0%
b110000001011001111 [
1+
#108840000
0+
#108860000
b110000001011001110 [
b10 m
1%
1+
#108880000
0+
#108900000
0%
b110000001011001101 [
1+
#108920000
0+
#108940000
b110000001011001100 [
b11 m
1%
1+
#108960000
0+
#108980000
0%
b110000001011001011 [
1+
#109000000
0+
#109020000
b110000001011001010 [
b100 m
1%
1+
#109040000
0+
#109060000
0%
b110000001011001001 [
1+
#109080000
0+
#109100000
b110000001011001000 [
b101 m
1%
1+
#109120000
0+
#109140000
0%
b110000001011000111 [
1+
#109160000
0+
#109180000
b110000001011000110 [
b110 m
1%
1+
#109200000
0+
#109220000
0%
b110000001011000101 [
1+
#109240000
0+
#109260000
b110000001011000100 [
b111 m
1%
1+
#109280000
0+
#109300000
b0 r
1;
1$
0%
b110000001011000011 [
1+
#109320000
0+
#109340000
b10011010 \
b10011010 X
0_
b110000001011000010 [
1#
0;
1+
#109360000
0+
#109380000
1_
1a
1^
b110000001011000001 [
1+
#109400000
0+
#109420000
b110000001011000000 [
0^
0a
b1 r
b0 m
0$
1+
#109440000
0+
#109460000
b1 m
1%
0#
b110000001010111111 [
1+
#109480000
0+
#109500000
b110000001010111110 [
0%
1+
#109520000
0+
#109540000
b10 m
1%
b110000001010111101 [
1+
#109560000
0+
#109580000
b110000001010111100 [
0%
1+
#109600000
0+
#109620000
b11 m
1%
b110000001010111011 [
1+
#109640000
0+
#109660000
b110000001010111010 [
0%
1+
#109680000
0+
#109700000
b100 m
1%
b110000001010111001 [
1+
#109720000
0+
#109740000
b110000001010111000 [
0%
1+
#109760000
0+
#109780000
b101 m
1%
b110000001010110111 [
1+
#109800000
0+
#109820000
b110000001010110110 [
0%
1+
#109840000
0+
#109860000
b110 m
1%
b110000001010110101 [
1+
#109880000
0+
#109900000
b110000001010110100 [
0%
1+
#109920000
0+
#109940000
b111 m
1%
b110000001010110011 [
1+
#109960000
0+
#109980000
b110000001010110010 [
b0 r
1;
1$
0%
1+
#110000000
0+
#110020000
1#
0;
b10011011 \
b10011011 X
0_
b110000001010110001 [
1+
#110040000
0+
#110060000
1_
1a
1^
b110000001010110000 [
1+
#110080000
0+
#110100000
b1 r
b0 m
0$
b110000001010101111 [
0^
0a
1+
#110120000
0+
#110140000
b110000001010101110 [
b1 m
1%
0#
1+
#110160000
0+
#110180000
0%
b110000001010101101 [
1+
#110200000
0+
#110220000
b110000001010101100 [
b10 m
1%
1+
#110240000
0+
#110260000
0%
b110000001010101011 [
1+
#110280000
0+
#110300000
b110000001010101010 [
b11 m
1%
1+
#110320000
0+
#110340000
0%
b110000001010101001 [
1+
#110360000
0+
#110380000
b110000001010101000 [
b100 m
1%
1+
#110400000
0+
#110420000
0%
b110000001010100111 [
1+
#110440000
0+
#110460000
b110000001010100110 [
b101 m
1%
1+
#110480000
0+
#110500000
0%
b110000001010100101 [
1+
#110520000
0+
#110540000
b110000001010100100 [
b110 m
1%
1+
#110560000
0+
#110580000
0%
b110000001010100011 [
1+
#110600000
0+
#110620000
b110000001010100010 [
b111 m
1%
1+
#110640000
0+
#110660000
b0 r
1;
1$
0%
b110000001010100001 [
1+
#110680000
0+
#110700000
b10011100 \
b10011100 X
0_
b110000001010100000 [
1#
0;
1+
#110720000
0+
#110740000
1_
1a
1^
b110000001010011111 [
1+
#110760000
0+
#110780000
b110000001010011110 [
0^
0a
b1 r
b0 m
0$
1+
#110800000
0+
#110820000
b1 m
1%
0#
b110000001010011101 [
1+
#110840000
0+
#110860000
b110000001010011100 [
0%
1+
#110880000
0+
#110900000
b10 m
1%
b110000001010011011 [
1+
#110920000
0+
#110940000
b110000001010011010 [
0%
1+
#110960000
0+
#110980000
b11 m
1%
b110000001010011001 [
1+
#111000000
0+
#111020000
b110000001010011000 [
0%
1+
#111040000
0+
#111060000
b100 m
1%
b110000001010010111 [
1+
#111080000
0+
#111100000
b110000001010010110 [
0%
1+
#111120000
0+
#111140000
b101 m
1%
b110000001010010101 [
1+
#111160000
0+
#111180000
b110000001010010100 [
0%
1+
#111200000
0+
#111220000
b110 m
1%
b110000001010010011 [
1+
#111240000
0+
#111260000
b110000001010010010 [
0%
1+
#111280000
0+
#111300000
b111 m
1%
b110000001010010001 [
1+
#111320000
0+
#111340000
b110000001010010000 [
b0 r
1;
1$
0%
1+
#111360000
0+
#111380000
1#
0;
b10011101 \
b10011101 X
0_
b110000001010001111 [
1+
#111400000
0+
#111420000
1_
1a
1^
b110000001010001110 [
1+
#111440000
0+
#111460000
b1 r
b0 m
0$
b110000001010001101 [
0^
0a
1+
#111480000
0+
#111500000
b110000001010001100 [
b1 m
1%
0#
1+
#111520000
0+
#111540000
0%
b110000001010001011 [
1+
#111560000
0+
#111580000
b110000001010001010 [
b10 m
1%
1+
#111600000
0+
#111620000
0%
b110000001010001001 [
1+
#111640000
0+
#111660000
b110000001010001000 [
b11 m
1%
1+
#111680000
0+
#111700000
0%
b110000001010000111 [
1+
#111720000
0+
#111740000
b110000001010000110 [
b100 m
1%
1+
#111760000
0+
#111780000
0%
b110000001010000101 [
1+
#111800000
0+
#111820000
b110000001010000100 [
b101 m
1%
1+
#111840000
0+
#111860000
0%
b110000001010000011 [
1+
#111880000
0+
#111900000
b110000001010000010 [
b110 m
1%
1+
#111920000
0+
#111940000
0%
b110000001010000001 [
1+
#111960000
0+
#111980000
b110000001010000000 [
b111 m
1%
1+
#112000000
0+
#112020000
b0 r
1;
1$
0%
b110000001001111111 [
1+
#112040000
0+
#112060000
b10011110 \
b10011110 X
0_
b110000001001111110 [
1#
0;
1+
#112080000
0+
#112100000
1_
1a
1^
b110000001001111101 [
1+
#112120000
0+
#112140000
b110000001001111100 [
0^
0a
b1 r
b0 m
0$
1+
#112160000
0+
#112180000
b1 m
1%
0#
b110000001001111011 [
1+
#112200000
0+
#112220000
b110000001001111010 [
0%
1+
#112240000
0+
#112260000
b10 m
1%
b110000001001111001 [
1+
#112280000
0+
#112300000
b110000001001111000 [
0%
1+
#112320000
0+
#112340000
b11 m
1%
b110000001001110111 [
1+
#112360000
0+
#112380000
b110000001001110110 [
0%
1+
#112400000
0+
#112420000
b100 m
1%
b110000001001110101 [
1+
#112440000
0+
#112460000
b110000001001110100 [
0%
1+
#112480000
0+
#112500000
b101 m
1%
b110000001001110011 [
1+
#112520000
0+
#112540000
b110000001001110010 [
0%
1+
#112560000
0+
#112580000
b110 m
1%
b110000001001110001 [
1+
#112600000
0+
#112620000
b110000001001110000 [
0%
1+
#112640000
0+
#112660000
b111 m
1%
b110000001001101111 [
1+
#112680000
0+
#112700000
b110000001001101110 [
b0 r
1;
1$
0%
1+
#112720000
0+
#112740000
1#
0;
b10011111 \
b10011111 X
0_
b110000001001101101 [
1+
#112760000
0+
#112780000
1_
1a
1^
b110000001001101100 [
1+
#112800000
0+
#112820000
b1 r
b0 m
0$
b110000001001101011 [
0^
0a
1+
#112840000
0+
#112860000
b110000001001101010 [
b1 m
1%
0#
1+
#112880000
0+
#112900000
0%
b110000001001101001 [
1+
#112920000
0+
#112940000
b110000001001101000 [
b10 m
1%
1+
#112960000
0+
#112980000
0%
b110000001001100111 [
1+
#113000000
0+
#113020000
b110000001001100110 [
b11 m
1%
1+
#113040000
0+
#113060000
0%
b110000001001100101 [
1+
#113080000
0+
#113100000
b110000001001100100 [
b100 m
1%
1+
#113120000
0+
#113140000
0%
b110000001001100011 [
1+
#113160000
0+
#113180000
b110000001001100010 [
b101 m
1%
1+
#113200000
0+
#113220000
0%
b110000001001100001 [
1+
#113240000
0+
#113260000
b110000001001100000 [
b110 m
1%
1+
#113280000
0+
#113300000
0%
b110000001001011111 [
1+
#113320000
0+
#113340000
b110000001001011110 [
b111 m
1%
1+
#113360000
0+
#113380000
b0 r
1;
1$
0%
b110000001001011101 [
1+
#113400000
0+
#113420000
b10100000 \
b10100000 X
0_
b110000001001011100 [
1#
0;
1+
#113440000
0+
#113460000
1_
1a
1^
b110000001001011011 [
1+
#113480000
0+
#113500000
b110000001001011010 [
0^
0a
b1 r
b0 m
0$
1+
#113520000
0+
#113540000
b1 m
1%
0#
b110000001001011001 [
1+
#113560000
0+
#113580000
b110000001001011000 [
0%
1+
#113600000
0+
#113620000
b10 m
1%
b110000001001010111 [
1+
#113640000
0+
#113660000
b110000001001010110 [
0%
1+
#113680000
0+
#113700000
b11 m
1%
b110000001001010101 [
1+
#113720000
0+
#113740000
b110000001001010100 [
0%
1+
#113760000
0+
#113780000
b100 m
1%
b110000001001010011 [
1+
#113800000
0+
#113820000
b110000001001010010 [
0%
1+
#113840000
0+
#113860000
b101 m
1%
b110000001001010001 [
1+
#113880000
0+
#113900000
b110000001001010000 [
0%
1+
#113920000
0+
#113940000
b110 m
1%
b110000001001001111 [
1+
#113960000
0+
#113980000
b110000001001001110 [
0%
1+
#114000000
0+
#114020000
b111 m
1%
b110000001001001101 [
1+
#114040000
0+
#114060000
b110000001001001100 [
b0 r
1;
1$
0%
1+
#114080000
0+
#114100000
1#
0;
b10100001 \
b10100001 X
0_
b110000001001001011 [
1+
#114120000
0+
#114140000
1_
1a
1^
b110000001001001010 [
1+
#114160000
0+
#114180000
b1 r
b0 m
0$
b110000001001001001 [
0^
0a
1+
#114200000
0+
#114220000
b110000001001001000 [
b1 m
1%
0#
1+
#114240000
0+
#114260000
0%
b110000001001000111 [
1+
#114280000
0+
#114300000
b110000001001000110 [
b10 m
1%
1+
#114320000
0+
#114340000
0%
b110000001001000101 [
1+
#114360000
0+
#114380000
b110000001001000100 [
b11 m
1%
1+
#114400000
0+
#114420000
0%
b110000001001000011 [
1+
#114440000
0+
#114460000
b110000001001000010 [
b100 m
1%
1+
#114480000
0+
#114500000
0%
b110000001001000001 [
1+
#114520000
0+
#114540000
b110000001001000000 [
b101 m
1%
1+
#114560000
0+
#114580000
0%
b110000001000111111 [
1+
#114600000
0+
#114620000
b110000001000111110 [
b110 m
1%
1+
#114640000
0+
#114660000
0%
b110000001000111101 [
1+
#114680000
0+
#114700000
b110000001000111100 [
b111 m
1%
1+
#114720000
0+
#114740000
b0 r
1;
1$
0%
b110000001000111011 [
1+
#114760000
0+
#114780000
b10100010 \
b10100010 X
0_
b110000001000111010 [
1#
0;
1+
#114800000
0+
#114820000
1_
1a
1^
b110000001000111001 [
1+
#114840000
0+
#114860000
b110000001000111000 [
0^
0a
b1 r
b0 m
0$
1+
#114880000
0+
#114900000
b1 m
1%
0#
b110000001000110111 [
1+
#114920000
0+
#114940000
b110000001000110110 [
0%
1+
#114960000
0+
#114980000
b10 m
1%
b110000001000110101 [
1+
#115000000
0+
#115020000
b110000001000110100 [
0%
1+
#115040000
0+
#115060000
b11 m
1%
b110000001000110011 [
1+
#115080000
0+
#115100000
b110000001000110010 [
0%
1+
#115120000
0+
#115140000
b100 m
1%
b110000001000110001 [
1+
#115160000
0+
#115180000
b110000001000110000 [
0%
1+
#115200000
0+
#115220000
b101 m
1%
b110000001000101111 [
1+
#115240000
0+
#115260000
b110000001000101110 [
0%
1+
#115280000
0+
#115300000
b110 m
1%
b110000001000101101 [
1+
#115320000
0+
#115340000
b110000001000101100 [
0%
1+
#115360000
0+
#115380000
b111 m
1%
b110000001000101011 [
1+
#115400000
0+
#115420000
b110000001000101010 [
b0 r
1;
1$
0%
1+
#115440000
0+
#115460000
1#
0;
b10100011 \
b10100011 X
0_
b110000001000101001 [
1+
#115480000
0+
#115500000
1_
1a
1^
b110000001000101000 [
1+
#115520000
0+
#115540000
b1 r
b0 m
0$
b110000001000100111 [
0^
0a
1+
#115560000
0+
#115580000
b110000001000100110 [
b1 m
1%
0#
1+
#115600000
0+
#115620000
0%
b110000001000100101 [
1+
#115640000
0+
#115660000
b110000001000100100 [
b10 m
1%
1+
#115680000
0+
#115700000
0%
b110000001000100011 [
1+
#115720000
0+
#115740000
b110000001000100010 [
b11 m
1%
1+
#115760000
0+
#115780000
0%
b110000001000100001 [
1+
#115800000
0+
#115820000
b110000001000100000 [
b100 m
1%
1+
#115840000
0+
#115860000
0%
b110000001000011111 [
1+
#115880000
0+
#115900000
b110000001000011110 [
b101 m
1%
1+
#115920000
0+
#115940000
0%
b110000001000011101 [
1+
#115960000
0+
#115980000
b110000001000011100 [
b110 m
1%
1+
#116000000
0+
#116020000
0%
b110000001000011011 [
1+
#116040000
0+
#116060000
b110000001000011010 [
b111 m
1%
1+
#116080000
0+
#116100000
b0 r
1;
1$
0%
b110000001000011001 [
1+
#116120000
0+
#116140000
b10100100 \
b10100100 X
0_
b110000001000011000 [
1#
0;
1+
#116160000
0+
#116180000
1_
1a
1^
b110000001000010111 [
1+
#116200000
0+
#116220000
b110000001000010110 [
0^
0a
b1 r
b0 m
0$
1+
#116240000
0+
#116260000
b1 m
1%
0#
b110000001000010101 [
1+
#116280000
0+
#116300000
b110000001000010100 [
0%
1+
#116320000
0+
#116340000
b10 m
1%
b110000001000010011 [
1+
#116360000
0+
#116380000
b110000001000010010 [
0%
1+
#116400000
0+
#116420000
b11 m
1%
b110000001000010001 [
1+
#116440000
0+
#116460000
b110000001000010000 [
0%
1+
#116480000
0+
#116500000
b100 m
1%
b110000001000001111 [
1+
#116520000
0+
#116540000
b110000001000001110 [
0%
1+
#116560000
0+
#116580000
b101 m
1%
b110000001000001101 [
1+
#116600000
0+
#116620000
b110000001000001100 [
0%
1+
#116640000
0+
#116660000
b110 m
1%
b110000001000001011 [
1+
#116680000
0+
#116700000
b110000001000001010 [
0%
1+
#116720000
0+
#116740000
b111 m
1%
b110000001000001001 [
1+
#116760000
0+
#116780000
b110000001000001000 [
b0 r
1;
1$
0%
1+
#116800000
0+
#116820000
1#
0;
b10100101 \
b10100101 X
0_
b110000001000000111 [
1+
#116840000
0+
#116860000
1_
1a
1^
b110000001000000110 [
1+
#116880000
0+
#116900000
b1 r
b0 m
0$
b110000001000000101 [
0^
0a
1+
#116920000
0+
#116940000
b110000001000000100 [
b1 m
1%
0#
1+
#116960000
0+
#116980000
0%
b110000001000000011 [
1+
#117000000
0+
#117020000
b110000001000000010 [
b10 m
1%
1+
#117040000
0+
#117060000
0%
b110000001000000001 [
1+
#117080000
0+
#117100000
b110000001000000000 [
b11 m
1%
1+
#117120000
0+
#117140000
0%
b110000000111111111 [
1+
#117160000
0+
#117180000
b110000000111111110 [
b100 m
1%
1+
#117200000
0+
#117220000
0%
b110000000111111101 [
1+
#117240000
0+
#117260000
b110000000111111100 [
b101 m
1%
1+
#117280000
0+
#117300000
0%
b110000000111111011 [
1+
#117320000
0+
#117340000
b110000000111111010 [
b110 m
1%
1+
#117360000
0+
#117380000
0%
b110000000111111001 [
1+
#117400000
0+
#117420000
b110000000111111000 [
b111 m
1%
1+
#117440000
0+
#117460000
b0 r
1;
1$
0%
b110000000111110111 [
1+
#117480000
0+
#117500000
b10100110 \
b10100110 X
0_
b110000000111110110 [
1#
0;
1+
#117520000
0+
#117540000
1_
1a
1^
b110000000111110101 [
1+
#117560000
0+
#117580000
b110000000111110100 [
0^
0a
b1 r
b0 m
0$
1+
#117600000
0+
#117620000
b1 m
1%
0#
b110000000111110011 [
1+
#117640000
0+
#117660000
b110000000111110010 [
0%
1+
#117680000
0+
#117700000
b10 m
1%
b110000000111110001 [
1+
#117720000
0+
#117740000
b110000000111110000 [
0%
1+
#117760000
0+
#117780000
b11 m
1%
b110000000111101111 [
1+
#117800000
0+
#117820000
b110000000111101110 [
0%
1+
#117840000
0+
#117860000
b100 m
1%
b110000000111101101 [
1+
#117880000
0+
#117900000
b110000000111101100 [
0%
1+
#117920000
0+
#117940000
b101 m
1%
b110000000111101011 [
1+
#117960000
0+
#117980000
b110000000111101010 [
0%
1+
#118000000
0+
#118020000
b110 m
1%
b110000000111101001 [
1+
#118040000
0+
#118060000
b110000000111101000 [
0%
1+
#118080000
0+
#118100000
b111 m
1%
b110000000111100111 [
1+
#118120000
0+
#118140000
b110000000111100110 [
b0 r
1;
1$
0%
1+
#118160000
0+
#118180000
1#
0;
b10100111 \
b10100111 X
0_
b110000000111100101 [
1+
#118200000
0+
#118220000
1_
1a
1^
b110000000111100100 [
1+
#118240000
0+
#118260000
b1 r
b0 m
0$
b110000000111100011 [
0^
0a
1+
#118280000
0+
#118300000
b110000000111100010 [
b1 m
1%
0#
1+
#118320000
0+
#118340000
0%
b110000000111100001 [
1+
#118360000
0+
#118380000
b110000000111100000 [
b10 m
1%
1+
#118400000
0+
#118420000
0%
b110000000111011111 [
1+
#118440000
0+
#118460000
b110000000111011110 [
b11 m
1%
1+
#118480000
0+
#118500000
0%
b110000000111011101 [
1+
#118520000
0+
#118540000
b110000000111011100 [
b100 m
1%
1+
#118560000
0+
#118580000
0%
b110000000111011011 [
1+
#118600000
0+
#118620000
b110000000111011010 [
b101 m
1%
1+
#118640000
0+
#118660000
0%
b110000000111011001 [
1+
#118680000
0+
#118700000
b110000000111011000 [
b110 m
1%
1+
#118720000
0+
#118740000
0%
b110000000111010111 [
1+
#118760000
0+
#118780000
b110000000111010110 [
b111 m
1%
1+
#118800000
0+
#118820000
b0 r
1;
1$
0%
b110000000111010101 [
1+
#118840000
0+
#118860000
b10101000 \
b10101000 X
0_
b110000000111010100 [
1#
0;
1+
#118880000
0+
#118900000
1_
1a
1^
b110000000111010011 [
1+
#118920000
0+
#118940000
b110000000111010010 [
0^
0a
b1 r
b0 m
0$
1+
#118960000
0+
#118980000
b1 m
1%
0#
b110000000111010001 [
1+
#119000000
0+
#119020000
b110000000111010000 [
0%
1+
#119040000
0+
#119060000
b10 m
1%
b110000000111001111 [
1+
#119080000
0+
#119100000
b110000000111001110 [
0%
1+
#119120000
0+
#119140000
b11 m
1%
b110000000111001101 [
1+
#119160000
0+
#119180000
b110000000111001100 [
0%
1+
#119200000
0+
#119220000
b100 m
1%
b110000000111001011 [
1+
#119240000
0+
#119260000
b110000000111001010 [
0%
1+
#119280000
0+
#119300000
b101 m
1%
b110000000111001001 [
1+
#119320000
0+
#119340000
b110000000111001000 [
0%
1+
#119360000
0+
#119380000
b110 m
1%
b110000000111000111 [
1+
#119400000
0+
#119420000
b110000000111000110 [
0%
1+
#119440000
0+
#119460000
b111 m
1%
b110000000111000101 [
1+
#119480000
0+
#119500000
b110000000111000100 [
b0 r
1;
1$
0%
1+
#119520000
0+
#119540000
1#
0;
b10101001 \
b10101001 X
0_
b110000000111000011 [
1+
#119560000
0+
#119580000
1_
1a
1^
b110000000111000010 [
1+
#119600000
0+
#119620000
b1 r
b0 m
0$
b110000000111000001 [
0^
0a
1+
#119640000
0+
#119660000
b110000000111000000 [
b1 m
1%
0#
1+
#119680000
0+
#119700000
0%
b110000000110111111 [
1+
#119720000
0+
#119740000
b110000000110111110 [
b10 m
1%
1+
#119760000
0+
#119780000
0%
b110000000110111101 [
1+
#119800000
0+
#119820000
b110000000110111100 [
b11 m
1%
1+
#119840000
0+
#119860000
0%
b110000000110111011 [
1+
#119880000
0+
#119900000
b110000000110111010 [
b100 m
1%
1+
#119920000
0+
#119940000
0%
b110000000110111001 [
1+
#119960000
0+
#119980000
b110000000110111000 [
b101 m
1%
1+
#120000000
0+
#120020000
0%
b110000000110110111 [
1+
#120040000
0+
#120060000
b110000000110110110 [
b110 m
1%
1+
#120080000
0+
#120100000
0%
b110000000110110101 [
1+
#120120000
0+
#120140000
b110000000110110100 [
b111 m
1%
1+
#120160000
0+
#120180000
b0 r
1;
1$
0%
b110000000110110011 [
1+
#120200000
0+
#120220000
b10101010 \
b10101010 X
0_
b110000000110110010 [
1#
0;
1+
#120240000
0+
#120260000
1_
1a
1^
b110000000110110001 [
1+
#120280000
0+
#120300000
b110000000110110000 [
0^
0a
b1 r
b0 m
0$
1+
#120320000
0+
#120340000
b1 m
1%
0#
b110000000110101111 [
1+
#120360000
0+
#120380000
b110000000110101110 [
0%
1+
#120400000
0+
#120420000
b10 m
1%
b110000000110101101 [
1+
#120440000
0+
#120460000
b110000000110101100 [
0%
1+
#120480000
0+
#120500000
b11 m
1%
b110000000110101011 [
1+
#120520000
0+
#120540000
b110000000110101010 [
0%
1+
#120560000
0+
#120580000
b100 m
1%
b110000000110101001 [
1+
#120600000
0+
#120620000
b110000000110101000 [
0%
1+
#120640000
0+
#120660000
b101 m
1%
b110000000110100111 [
1+
#120680000
0+
#120700000
b110000000110100110 [
0%
1+
#120720000
0+
#120740000
b110 m
1%
b110000000110100101 [
1+
#120760000
0+
#120780000
b110000000110100100 [
0%
1+
#120800000
0+
#120820000
b111 m
1%
b110000000110100011 [
1+
#120840000
0+
#120860000
b110000000110100010 [
b0 r
1;
1$
0%
1+
#120880000
0+
#120900000
1#
0;
b10101011 \
b10101011 X
0_
b110000000110100001 [
1+
#120920000
0+
#120940000
1_
1a
1^
b110000000110100000 [
1+
#120960000
0+
#120980000
b1 r
b0 m
0$
b110000000110011111 [
0^
0a
1+
#121000000
0+
#121020000
b110000000110011110 [
b1 m
1%
0#
1+
#121040000
0+
#121060000
0%
b110000000110011101 [
1+
#121080000
0+
#121100000
b110000000110011100 [
b10 m
1%
1+
#121120000
0+
#121140000
0%
b110000000110011011 [
1+
#121160000
0+
#121180000
b110000000110011010 [
b11 m
1%
1+
#121200000
0+
#121220000
0%
b110000000110011001 [
1+
#121240000
0+
#121260000
b110000000110011000 [
b100 m
1%
1+
#121280000
0+
#121300000
0%
b110000000110010111 [
1+
#121320000
0+
#121340000
b110000000110010110 [
b101 m
1%
1+
#121360000
0+
#121380000
0%
b110000000110010101 [
1+
#121400000
0+
#121420000
b110000000110010100 [
b110 m
1%
1+
#121440000
0+
#121460000
0%
b110000000110010011 [
1+
#121480000
0+
#121500000
b110000000110010010 [
b111 m
1%
1+
#121520000
0+
#121540000
b0 r
1;
1$
0%
b110000000110010001 [
1+
#121560000
0+
#121580000
b10101100 \
b10101100 X
0_
b110000000110010000 [
1#
0;
1+
#121600000
0+
#121620000
1_
1a
1^
b110000000110001111 [
1+
#121640000
0+
#121660000
b110000000110001110 [
0^
0a
b1 r
b0 m
0$
1+
#121680000
0+
#121700000
b1 m
1%
0#
b110000000110001101 [
1+
#121720000
0+
#121740000
b110000000110001100 [
0%
1+
#121760000
0+
#121780000
b10 m
1%
b110000000110001011 [
1+
#121800000
0+
#121820000
b110000000110001010 [
0%
1+
#121840000
0+
#121860000
b11 m
1%
b110000000110001001 [
1+
#121880000
0+
#121900000
b110000000110001000 [
0%
1+
#121920000
0+
#121940000
b100 m
1%
b110000000110000111 [
1+
#121960000
0+
#121980000
b110000000110000110 [
0%
1+
#122000000
0+
#122020000
b101 m
1%
b110000000110000101 [
1+
#122040000
0+
#122060000
b110000000110000100 [
0%
1+
#122080000
0+
#122100000
b110 m
1%
b110000000110000011 [
1+
#122120000
0+
#122140000
b110000000110000010 [
0%
1+
#122160000
0+
#122180000
b111 m
1%
b110000000110000001 [
1+
#122200000
0+
#122220000
b110000000110000000 [
b0 r
1;
1$
0%
1+
#122240000
0+
#122260000
1#
0;
b10101101 \
b10101101 X
0_
b110000000101111111 [
1+
#122280000
0+
#122300000
1_
1a
1^
b110000000101111110 [
1+
#122320000
0+
#122340000
b1 r
b0 m
0$
b110000000101111101 [
0^
0a
1+
#122360000
0+
#122380000
b110000000101111100 [
b1 m
1%
0#
1+
#122400000
0+
#122420000
0%
b110000000101111011 [
1+
#122440000
0+
#122460000
b110000000101111010 [
b10 m
1%
1+
#122480000
0+
#122500000
0%
b110000000101111001 [
1+
#122520000
0+
#122540000
b110000000101111000 [
b11 m
1%
1+
#122560000
0+
#122580000
0%
b110000000101110111 [
1+
#122600000
0+
#122620000
b110000000101110110 [
b100 m
1%
1+
#122640000
0+
#122660000
0%
b110000000101110101 [
1+
#122680000
0+
#122700000
b110000000101110100 [
b101 m
1%
1+
#122720000
0+
#122740000
0%
b110000000101110011 [
1+
#122760000
0+
#122780000
b110000000101110010 [
b110 m
1%
1+
#122800000
0+
#122820000
0%
b110000000101110001 [
1+
#122840000
0+
#122860000
b110000000101110000 [
b111 m
1%
1+
#122880000
0+
#122900000
b0 r
1;
1$
0%
b110000000101101111 [
1+
#122920000
0+
#122940000
b10101110 \
b10101110 X
0_
b110000000101101110 [
1#
0;
1+
#122960000
0+
#122980000
1_
1a
1^
b110000000101101101 [
1+
#123000000
0+
#123020000
b110000000101101100 [
0^
0a
b1 r
b0 m
0$
1+
#123040000
0+
#123060000
b1 m
1%
0#
b110000000101101011 [
1+
#123080000
0+
#123100000
b110000000101101010 [
0%
1+
#123120000
0+
#123140000
b10 m
1%
b110000000101101001 [
1+
#123160000
0+
#123180000
b110000000101101000 [
0%
1+
#123200000
0+
#123220000
b11 m
1%
b110000000101100111 [
1+
#123240000
0+
#123260000
b110000000101100110 [
0%
1+
#123280000
0+
#123300000
b100 m
1%
b110000000101100101 [
1+
#123320000
0+
#123340000
b110000000101100100 [
0%
1+
#123360000
0+
#123380000
b101 m
1%
b110000000101100011 [
1+
#123400000
0+
#123420000
b110000000101100010 [
0%
1+
#123440000
0+
#123460000
b110 m
1%
b110000000101100001 [
1+
#123480000
0+
#123500000
b110000000101100000 [
0%
1+
#123520000
0+
#123540000
b111 m
1%
b110000000101011111 [
1+
#123560000
0+
#123580000
b110000000101011110 [
b0 r
1;
1$
0%
1+
#123600000
0+
#123620000
1#
0;
b10101111 \
b10101111 X
0_
b110000000101011101 [
1+
#123640000
0+
#123660000
1_
1a
1^
b110000000101011100 [
1+
#123680000
0+
#123700000
b1 r
b0 m
0$
b110000000101011011 [
0^
0a
1+
#123720000
0+
#123740000
b110000000101011010 [
b1 m
1%
0#
1+
#123760000
0+
#123780000
0%
b110000000101011001 [
1+
#123800000
0+
#123820000
b110000000101011000 [
b10 m
1%
1+
#123840000
0+
#123860000
0%
b110000000101010111 [
1+
#123880000
0+
#123900000
b110000000101010110 [
b11 m
1%
1+
#123920000
0+
#123940000
0%
b110000000101010101 [
1+
#123960000
0+
#123980000
b110000000101010100 [
b100 m
1%
1+
#124000000
0+
#124020000
0%
b110000000101010011 [
1+
#124040000
0+
#124060000
b110000000101010010 [
b101 m
1%
1+
#124080000
0+
#124100000
0%
b110000000101010001 [
1+
#124120000
0+
#124140000
b110000000101010000 [
b110 m
1%
1+
#124160000
0+
#124180000
0%
b110000000101001111 [
1+
#124200000
0+
#124220000
b110000000101001110 [
b111 m
1%
1+
#124240000
0+
#124260000
b0 r
1;
1$
0%
b110000000101001101 [
1+
#124280000
0+
#124300000
b10110000 \
b10110000 X
0_
b110000000101001100 [
1#
0;
1+
#124320000
0+
#124340000
1_
1a
1^
b110000000101001011 [
1+
#124360000
0+
#124380000
b110000000101001010 [
0^
0a
b1 r
b0 m
0$
1+
#124400000
0+
#124420000
b1 m
1%
0#
b110000000101001001 [
1+
#124440000
0+
#124460000
b110000000101001000 [
0%
1+
#124480000
0+
#124500000
b10 m
1%
b110000000101000111 [
1+
#124520000
0+
#124540000
b110000000101000110 [
0%
1+
#124560000
0+
#124580000
b11 m
1%
b110000000101000101 [
1+
#124600000
0+
#124620000
b110000000101000100 [
0%
1+
#124640000
0+
#124660000
b100 m
1%
b110000000101000011 [
1+
#124680000
0+
#124700000
b110000000101000010 [
0%
1+
#124720000
0+
#124740000
b101 m
1%
b110000000101000001 [
1+
#124760000
0+
#124780000
b110000000101000000 [
0%
1+
#124800000
0+
#124820000
b110 m
1%
b110000000100111111 [
1+
#124840000
0+
#124860000
b110000000100111110 [
0%
1+
#124880000
0+
#124900000
b111 m
1%
b110000000100111101 [
1+
#124920000
0+
#124940000
b110000000100111100 [
b0 r
1;
1$
0%
1+
#124960000
0+
#124980000
1#
0;
b10110001 \
b10110001 X
0_
b110000000100111011 [
1+
#125000000
0+
#125020000
1_
1a
1^
b110000000100111010 [
1+
#125040000
0+
#125060000
b1 r
b0 m
0$
b110000000100111001 [
0^
0a
1+
#125080000
0+
#125100000
b110000000100111000 [
b1 m
1%
0#
1+
#125120000
0+
#125140000
0%
b110000000100110111 [
1+
#125160000
0+
#125180000
b110000000100110110 [
b10 m
1%
1+
#125200000
0+
#125220000
0%
b110000000100110101 [
1+
#125240000
0+
#125260000
b110000000100110100 [
b11 m
1%
1+
#125280000
0+
#125300000
0%
b110000000100110011 [
1+
#125320000
0+
#125340000
b110000000100110010 [
b100 m
1%
1+
#125360000
0+
#125380000
0%
b110000000100110001 [
1+
#125400000
0+
#125420000
b110000000100110000 [
b101 m
1%
1+
#125440000
0+
#125460000
0%
b110000000100101111 [
1+
#125480000
0+
#125500000
b110000000100101110 [
b110 m
1%
1+
#125520000
0+
#125540000
0%
b110000000100101101 [
1+
#125560000
0+
#125580000
b110000000100101100 [
b111 m
1%
1+
#125600000
0+
#125620000
b0 r
1;
1$
0%
b110000000100101011 [
1+
#125640000
0+
#125660000
b10110010 \
b10110010 X
0_
b110000000100101010 [
1#
0;
1+
#125680000
0+
#125700000
1_
1a
1^
b110000000100101001 [
1+
#125720000
0+
#125740000
b110000000100101000 [
0^
0a
b1 r
b0 m
0$
1+
#125760000
0+
#125780000
b1 m
1%
0#
b110000000100100111 [
1+
#125800000
0+
#125820000
b110000000100100110 [
0%
1+
#125840000
0+
#125860000
b10 m
1%
b110000000100100101 [
1+
#125880000
0+
#125900000
b110000000100100100 [
0%
1+
#125920000
0+
#125940000
b11 m
1%
b110000000100100011 [
1+
#125960000
0+
#125980000
b110000000100100010 [
0%
1+
#126000000
0+
#126020000
b100 m
1%
b110000000100100001 [
1+
#126040000
0+
#126060000
b110000000100100000 [
0%
1+
#126080000
0+
#126100000
b101 m
1%
b110000000100011111 [
1+
#126120000
0+
#126140000
b110000000100011110 [
0%
1+
#126160000
0+
#126180000
b110 m
1%
b110000000100011101 [
1+
#126200000
0+
#126220000
b110000000100011100 [
0%
1+
#126240000
0+
#126260000
b111 m
1%
b110000000100011011 [
1+
#126280000
0+
#126300000
b110000000100011010 [
b0 r
1;
1$
0%
1+
#126320000
0+
#126340000
1#
0;
b10110011 \
b10110011 X
0_
b110000000100011001 [
1+
#126360000
0+
#126380000
1_
1a
1^
b110000000100011000 [
1+
#126400000
0+
#126420000
b1 r
b0 m
0$
b110000000100010111 [
0^
0a
1+
#126440000
0+
#126460000
b110000000100010110 [
b1 m
1%
0#
1+
#126480000
0+
#126500000
0%
b110000000100010101 [
1+
#126520000
0+
#126540000
b110000000100010100 [
b10 m
1%
1+
#126560000
0+
#126580000
0%
b110000000100010011 [
1+
#126600000
0+
#126620000
b110000000100010010 [
b11 m
1%
1+
#126640000
0+
#126660000
0%
b110000000100010001 [
1+
#126680000
0+
#126700000
b110000000100010000 [
b100 m
1%
1+
#126720000
0+
#126740000
0%
b110000000100001111 [
1+
#126760000
0+
#126780000
b110000000100001110 [
b101 m
1%
1+
#126800000
0+
#126820000
0%
b110000000100001101 [
1+
#126840000
0+
#126860000
b110000000100001100 [
b110 m
1%
1+
#126880000
0+
#126900000
0%
b110000000100001011 [
1+
#126920000
0+
#126940000
b110000000100001010 [
b111 m
1%
1+
#126960000
0+
#126980000
b0 r
1;
1$
0%
b110000000100001001 [
1+
#127000000
0+
#127020000
b10110100 \
b10110100 X
0_
b110000000100001000 [
1#
0;
1+
#127040000
0+
#127060000
1_
1a
1^
b110000000100000111 [
1+
#127080000
0+
#127100000
b110000000100000110 [
0^
0a
b1 r
b0 m
0$
1+
#127120000
0+
#127140000
b1 m
1%
0#
b110000000100000101 [
1+
#127160000
0+
#127180000
b110000000100000100 [
0%
1+
#127200000
0+
#127220000
b10 m
1%
b110000000100000011 [
1+
#127240000
0+
#127260000
b110000000100000010 [
0%
1+
#127280000
0+
#127300000
b11 m
1%
b110000000100000001 [
1+
#127320000
0+
#127340000
b110000000100000000 [
0%
1+
#127360000
0+
#127380000
b100 m
1%
b110000000011111111 [
1+
#127400000
0+
#127420000
b110000000011111110 [
0%
1+
#127440000
0+
#127460000
b101 m
1%
b110000000011111101 [
1+
#127480000
0+
#127500000
b110000000011111100 [
0%
1+
#127520000
0+
#127540000
b110 m
1%
b110000000011111011 [
1+
#127560000
0+
#127580000
b110000000011111010 [
0%
1+
#127600000
0+
#127620000
b111 m
1%
b110000000011111001 [
1+
#127640000
0+
#127660000
b110000000011111000 [
b0 r
1;
1$
0%
1+
#127680000
0+
#127700000
1#
0;
b10110101 \
b10110101 X
0_
b110000000011110111 [
1+
#127720000
0+
#127740000
1_
1a
1^
b110000000011110110 [
1+
#127760000
0+
#127780000
b1 r
b0 m
0$
b110000000011110101 [
0^
0a
1+
#127800000
0+
#127820000
b110000000011110100 [
b1 m
1%
0#
1+
#127840000
0+
#127860000
0%
b110000000011110011 [
1+
#127880000
0+
#127900000
b110000000011110010 [
b10 m
1%
1+
#127920000
0+
#127940000
0%
b110000000011110001 [
1+
#127960000
0+
#127980000
b110000000011110000 [
b11 m
1%
1+
#128000000
0+
#128020000
0%
b110000000011101111 [
1+
#128040000
0+
#128060000
b110000000011101110 [
b100 m
1%
1+
#128080000
0+
#128100000
0%
b110000000011101101 [
1+
#128120000
0+
#128140000
b110000000011101100 [
b101 m
1%
1+
#128160000
0+
#128180000
0%
b110000000011101011 [
1+
#128200000
0+
#128220000
b110000000011101010 [
b110 m
1%
1+
#128240000
0+
#128260000
0%
b110000000011101001 [
1+
#128280000
0+
#128300000
b110000000011101000 [
b111 m
1%
1+
#128320000
0+
#128340000
b0 r
1;
1$
0%
b110000000011100111 [
1+
#128360000
0+
#128380000
b10110110 \
b10110110 X
0_
b110000000011100110 [
1#
0;
1+
#128400000
0+
#128420000
1_
1a
1^
b110000000011100101 [
1+
#128440000
0+
#128460000
b110000000011100100 [
0^
0a
b1 r
b0 m
0$
1+
#128480000
0+
#128500000
b1 m
1%
0#
b110000000011100011 [
1+
#128520000
0+
#128540000
b110000000011100010 [
0%
1+
#128560000
0+
#128580000
b10 m
1%
b110000000011100001 [
1+
#128600000
0+
#128620000
b110000000011100000 [
0%
1+
#128640000
0+
#128660000
b11 m
1%
b110000000011011111 [
1+
#128680000
0+
#128700000
b110000000011011110 [
0%
1+
#128720000
0+
#128740000
b100 m
1%
b110000000011011101 [
1+
#128760000
0+
#128780000
b110000000011011100 [
0%
1+
#128800000
0+
#128820000
b101 m
1%
b110000000011011011 [
1+
#128840000
0+
#128860000
b110000000011011010 [
0%
1+
#128880000
0+
#128900000
b110 m
1%
b110000000011011001 [
1+
#128920000
0+
#128940000
b110000000011011000 [
0%
1+
#128960000
0+
#128980000
b111 m
1%
b110000000011010111 [
1+
#129000000
0+
#129020000
b110000000011010110 [
b0 r
1;
1$
0%
1+
#129040000
0+
#129060000
1#
0;
b10110111 \
b10110111 X
0_
b110000000011010101 [
1+
#129080000
0+
#129100000
1_
1a
1^
b110000000011010100 [
1+
#129120000
0+
#129140000
b1 r
b0 m
0$
b110000000011010011 [
0^
0a
1+
#129160000
0+
#129180000
b110000000011010010 [
b1 m
1%
0#
1+
#129200000
0+
#129220000
0%
b110000000011010001 [
1+
#129240000
0+
#129260000
b110000000011010000 [
b10 m
1%
1+
#129280000
0+
#129300000
0%
b110000000011001111 [
1+
#129320000
0+
#129340000
b110000000011001110 [
b11 m
1%
1+
#129360000
0+
#129380000
0%
b110000000011001101 [
1+
#129400000
0+
#129420000
b110000000011001100 [
b100 m
1%
1+
#129440000
0+
#129460000
0%
b110000000011001011 [
1+
#129480000
0+
#129500000
b110000000011001010 [
b101 m
1%
1+
#129520000
0+
#129540000
0%
b110000000011001001 [
1+
#129560000
0+
#129580000
b110000000011001000 [
b110 m
1%
1+
#129600000
0+
#129620000
0%
b110000000011000111 [
1+
#129640000
0+
#129660000
b110000000011000110 [
b111 m
1%
1+
#129680000
0+
#129700000
b0 r
1;
1$
0%
b110000000011000101 [
1+
#129720000
0+
#129740000
b10111000 \
b10111000 X
0_
b110000000011000100 [
1#
0;
1+
#129760000
0+
#129780000
1_
1a
1^
b110000000011000011 [
1+
#129800000
0+
#129820000
b110000000011000010 [
0^
0a
b1 r
b0 m
0$
1+
#129840000
0+
#129860000
b1 m
1%
0#
b110000000011000001 [
1+
#129880000
0+
#129900000
b110000000011000000 [
0%
1+
#129920000
0+
#129940000
b10 m
1%
b110000000010111111 [
1+
#129960000
0+
#129980000
b110000000010111110 [
0%
1+
#130000000
0+
#130020000
b11 m
1%
b110000000010111101 [
1+
#130040000
0+
#130060000
b110000000010111100 [
0%
1+
#130080000
0+
#130100000
b100 m
1%
b110000000010111011 [
1+
#130120000
0+
#130140000
b110000000010111010 [
0%
1+
#130160000
0+
#130180000
b101 m
1%
b110000000010111001 [
1+
#130200000
0+
#130220000
b110000000010111000 [
0%
1+
#130240000
0+
#130260000
b110 m
1%
b110000000010110111 [
1+
#130280000
0+
#130300000
b110000000010110110 [
0%
1+
#130320000
0+
#130340000
b111 m
1%
b110000000010110101 [
1+
#130360000
0+
#130380000
b110000000010110100 [
b0 r
1;
1$
0%
1+
#130400000
0+
#130420000
1#
0;
b10111001 \
b10111001 X
0_
b110000000010110011 [
1+
#130440000
0+
#130460000
1_
1a
1^
b110000000010110010 [
1+
#130480000
0+
#130500000
b1 r
b0 m
0$
b110000000010110001 [
0^
0a
1+
#130520000
0+
#130540000
b110000000010110000 [
b1 m
1%
0#
1+
#130560000
0+
#130580000
0%
b110000000010101111 [
1+
#130600000
0+
#130620000
b110000000010101110 [
b10 m
1%
1+
#130640000
0+
#130660000
0%
b110000000010101101 [
1+
#130680000
0+
#130700000
b110000000010101100 [
b11 m
1%
1+
#130720000
0+
#130740000
0%
b110000000010101011 [
1+
#130760000
0+
#130780000
b110000000010101010 [
b100 m
1%
1+
#130800000
0+
#130820000
0%
b110000000010101001 [
1+
#130840000
0+
#130860000
b110000000010101000 [
b101 m
1%
1+
#130880000
0+
#130900000
0%
b110000000010100111 [
1+
#130920000
0+
#130940000
b110000000010100110 [
b110 m
1%
1+
#130960000
0+
#130980000
0%
b110000000010100101 [
1+
#131000000
0+
#131020000
b110000000010100100 [
b111 m
1%
1+
#131040000
0+
#131060000
b0 r
1;
1$
0%
b110000000010100011 [
1+
#131080000
0+
#131100000
b10111010 \
b10111010 X
0_
b110000000010100010 [
1#
0;
1+
#131120000
0+
#131140000
1_
1a
1^
b110000000010100001 [
1+
#131160000
0+
#131180000
b110000000010100000 [
0^
0a
b1 r
b0 m
0$
1+
#131200000
0+
#131220000
b1 m
1%
0#
b110000000010011111 [
1+
#131240000
0+
#131260000
b110000000010011110 [
0%
1+
#131280000
0+
#131300000
b10 m
1%
b110000000010011101 [
1+
#131320000
0+
#131340000
b110000000010011100 [
0%
1+
#131360000
0+
#131380000
b11 m
1%
b110000000010011011 [
1+
#131400000
0+
#131420000
b110000000010011010 [
0%
1+
#131440000
0+
#131460000
b100 m
1%
b110000000010011001 [
1+
#131480000
0+
#131500000
b110000000010011000 [
0%
1+
#131520000
0+
#131540000
b101 m
1%
b110000000010010111 [
1+
#131560000
0+
#131580000
b110000000010010110 [
0%
1+
#131600000
0+
#131620000
b110 m
1%
b110000000010010101 [
1+
#131640000
0+
#131660000
b110000000010010100 [
0%
1+
#131680000
0+
#131700000
b111 m
1%
b110000000010010011 [
1+
#131720000
0+
#131740000
b110000000010010010 [
b0 r
1;
1$
0%
1+
#131760000
0+
#131780000
1#
0;
b10111011 \
b10111011 X
0_
b110000000010010001 [
1+
#131800000
0+
#131820000
1_
1a
1^
b110000000010010000 [
1+
#131840000
0+
#131860000
b1 r
b0 m
0$
b110000000010001111 [
0^
0a
1+
#131880000
0+
#131900000
b110000000010001110 [
b1 m
1%
0#
1+
#131920000
0+
#131940000
0%
b110000000010001101 [
1+
#131960000
0+
#131980000
b110000000010001100 [
b10 m
1%
1+
#132000000
0+
#132020000
0%
b110000000010001011 [
1+
#132040000
0+
#132060000
b110000000010001010 [
b11 m
1%
1+
#132080000
0+
#132100000
0%
b110000000010001001 [
1+
#132120000
0+
#132140000
b110000000010001000 [
b100 m
1%
1+
#132160000
0+
#132180000
0%
b110000000010000111 [
1+
#132200000
0+
#132220000
b110000000010000110 [
b101 m
1%
1+
#132240000
0+
#132260000
0%
b110000000010000101 [
1+
#132280000
0+
#132300000
b110000000010000100 [
b110 m
1%
1+
#132320000
0+
#132340000
0%
b110000000010000011 [
1+
#132360000
0+
#132380000
b110000000010000010 [
b111 m
1%
1+
#132400000
0+
#132420000
b0 r
1;
1$
0%
b110000000010000001 [
1+
#132440000
0+
#132460000
b10111100 \
b10111100 X
0_
b110000000010000000 [
1#
0;
1+
#132480000
0+
#132500000
1_
1a
1^
b110000000001111111 [
1+
#132520000
0+
#132540000
b110000000001111110 [
0^
0a
b1 r
b0 m
0$
1+
#132560000
0+
#132580000
b1 m
1%
0#
b110000000001111101 [
1+
#132600000
0+
#132620000
b110000000001111100 [
0%
1+
#132640000
0+
#132660000
b10 m
1%
b110000000001111011 [
1+
#132680000
0+
#132700000
b110000000001111010 [
0%
1+
#132720000
0+
#132740000
b11 m
1%
b110000000001111001 [
1+
#132760000
0+
#132780000
b110000000001111000 [
0%
1+
#132800000
0+
#132820000
b100 m
1%
b110000000001110111 [
1+
#132840000
0+
#132860000
b110000000001110110 [
0%
1+
#132880000
0+
#132900000
b101 m
1%
b110000000001110101 [
1+
#132920000
0+
#132940000
b110000000001110100 [
0%
1+
#132960000
0+
#132980000
b110 m
1%
b110000000001110011 [
1+
#133000000
0+
#133020000
b110000000001110010 [
0%
1+
#133040000
0+
#133060000
b111 m
1%
b110000000001110001 [
1+
#133080000
0+
#133100000
b110000000001110000 [
b0 r
1;
1$
0%
1+
#133120000
0+
#133140000
1#
0;
b10111101 \
b10111101 X
0_
b110000000001101111 [
1+
#133160000
0+
#133180000
1_
1a
1^
b110000000001101110 [
1+
#133200000
0+
#133220000
b1 r
b0 m
0$
b110000000001101101 [
0^
0a
1+
#133240000
0+
#133260000
b110000000001101100 [
b1 m
1%
0#
1+
#133280000
0+
#133300000
0%
b110000000001101011 [
1+
#133320000
0+
#133340000
b110000000001101010 [
b10 m
1%
1+
#133360000
0+
#133380000
0%
b110000000001101001 [
1+
#133400000
0+
#133420000
b110000000001101000 [
b11 m
1%
1+
#133440000
0+
#133460000
0%
b110000000001100111 [
1+
#133480000
0+
#133500000
b110000000001100110 [
b100 m
1%
1+
#133520000
0+
#133540000
0%
b110000000001100101 [
1+
#133560000
0+
#133580000
b110000000001100100 [
b101 m
1%
1+
#133600000
0+
#133620000
0%
b110000000001100011 [
1+
#133640000
0+
#133660000
b110000000001100010 [
b110 m
1%
1+
#133680000
0+
#133700000
0%
b110000000001100001 [
1+
#133720000
0+
#133740000
b110000000001100000 [
b111 m
1%
1+
#133760000
0+
#133780000
b0 r
1;
1$
0%
b110000000001011111 [
1+
#133800000
0+
#133820000
b10111110 \
b10111110 X
0_
b110000000001011110 [
1#
0;
1+
#133840000
0+
#133860000
1_
1a
1^
b110000000001011101 [
1+
#133880000
0+
#133900000
b110000000001011100 [
0^
0a
b1 r
b0 m
0$
1+
#133920000
0+
#133940000
b1 m
1%
0#
b110000000001011011 [
1+
#133960000
0+
#133980000
b110000000001011010 [
0%
1+
#134000000
0+
#134020000
b10 m
1%
b110000000001011001 [
1+
#134040000
0+
#134060000
b110000000001011000 [
0%
1+
#134080000
0+
#134100000
b11 m
1%
b110000000001010111 [
1+
#134120000
0+
#134140000
b110000000001010110 [
0%
1+
#134160000
0+
#134180000
b100 m
1%
b110000000001010101 [
1+
#134200000
0+
#134220000
b110000000001010100 [
0%
1+
#134240000
0+
#134260000
b101 m
1%
b110000000001010011 [
1+
#134280000
0+
#134300000
b110000000001010010 [
0%
1+
#134320000
0+
#134340000
b110 m
1%
b110000000001010001 [
1+
#134360000
0+
#134380000
b110000000001010000 [
0%
1+
#134400000
0+
#134420000
b111 m
1%
b110000000001001111 [
1+
#134440000
0+
#134460000
b110000000001001110 [
b0 r
1;
1$
0%
1+
#134480000
0+
#134500000
1#
0;
b10111111 \
b10111111 X
0_
b110000000001001101 [
1+
#134520000
0+
#134540000
1_
1a
1^
b110000000001001100 [
1+
#134560000
0+
#134580000
b1 r
b0 m
0$
b110000000001001011 [
0^
0a
1+
#134600000
0+
#134620000
b110000000001001010 [
b1 m
1%
0#
1+
#134640000
0+
#134660000
0%
b110000000001001001 [
1+
#134680000
0+
#134700000
b110000000001001000 [
b10 m
1%
1+
#134720000
0+
#134740000
0%
b110000000001000111 [
1+
#134760000
0+
#134780000
b110000000001000110 [
b11 m
1%
1+
#134800000
0+
#134820000
0%
b110000000001000101 [
1+
#134840000
0+
#134860000
b110000000001000100 [
b100 m
1%
1+
#134880000
0+
#134900000
0%
b110000000001000011 [
1+
#134920000
0+
#134940000
b110000000001000010 [
b101 m
1%
1+
#134960000
0+
#134980000
0%
b110000000001000001 [
1+
#135000000
0+
#135020000
b110000000001000000 [
b110 m
1%
1+
#135040000
0+
#135060000
0%
b110000000000111111 [
1+
#135080000
0+
#135100000
b110000000000111110 [
b111 m
1%
1+
#135120000
0+
#135140000
b0 r
1;
1$
0%
b110000000000111101 [
1+
#135160000
0+
#135180000
b11000000 \
b11000000 X
0_
b110000000000111100 [
1#
0;
1+
#135200000
0+
#135220000
1_
1a
1^
b110000000000111011 [
b11000000 .
1+
#135240000
0+
#135260000
b110000000000111010 [
0^
0a
b1 r
b0 m
0$
1+
#135280000
0+
#135300000
b1 m
1%
0#
b110000000000111001 [
1+
#135320000
0+
#135340000
b110000000000111000 [
0%
1+
#135360000
0+
#135380000
b10 m
1%
b110000000000110111 [
1+
#135400000
0+
#135420000
b110000000000110110 [
0%
1+
#135440000
0+
#135460000
b11 m
1%
b110000000000110101 [
1+
#135480000
0+
#135500000
b110000000000110100 [
0%
1+
#135520000
0+
#135540000
b100 m
1%
b110000000000110011 [
1+
#135560000
0+
#135580000
b110000000000110010 [
0%
1+
#135600000
0+
#135620000
b101 m
1%
b110000000000110001 [
1+
#135640000
0+
#135660000
b110000000000110000 [
0%
1+
#135680000
0+
#135700000
b110 m
1%
b110000000000101111 [
1+
#135720000
0+
#135740000
b110000000000101110 [
0%
1+
#135760000
0+
#135780000
b111 m
1%
b110000000000101101 [
1+
#135800000
0+
#135820000
b110000000000101100 [
b0 r
1;
1$
0%
1+
#135840000
0+
#135860000
1#
0;
b11000001 \
b11000001 X
0_
b110000000000101011 [
1+
#135880000
0+
#135900000
1_
1a
1^
b110000000000101010 [
1+
#135920000
0+
#135940000
b1 r
b0 m
0$
b110000000000101001 [
0^
0a
1+
#135960000
0+
#135980000
b110000000000101000 [
b1 m
1%
0#
1+
#136000000
0+
#136020000
0%
b110000000000100111 [
1+
#136040000
0+
#136060000
b110000000000100110 [
b10 m
1%
1+
#136080000
0+
#136100000
0%
b110000000000100101 [
1+
#136120000
0+
#136140000
b110000000000100100 [
b11 m
1%
1+
#136160000
0+
#136180000
0%
b110000000000100011 [
1+
#136200000
0+
#136220000
b110000000000100010 [
b100 m
1%
1+
#136240000
0+
#136260000
0%
b110000000000100001 [
1+
#136280000
0+
#136300000
b110000000000100000 [
b101 m
1%
1+
#136320000
0+
#136340000
0%
b110000000000011111 [
1+
#136360000
0+
#136380000
b110000000000011110 [
b110 m
1%
1+
#136400000
0+
#136420000
0%
b110000000000011101 [
1+
#136440000
0+
#136460000
b110000000000011100 [
b111 m
1%
1+
#136480000
0+
#136500000
b0 r
1;
1$
0%
b110000000000011011 [
1+
#136520000
0+
#136540000
b11000010 \
b11000010 X
0_
b110000000000011010 [
1#
0;
1+
#136560000
0+
#136580000
1_
1a
1^
b110000000000011001 [
1+
#136600000
0+
#136620000
b110000000000011000 [
0^
0a
b1 r
b0 m
0$
1+
#136640000
0+
#136660000
b1 m
1%
0#
b110000000000010111 [
1+
#136680000
0+
#136700000
b110000000000010110 [
0%
1+
#136720000
0+
#136740000
b10 m
1%
b110000000000010101 [
1+
#136760000
0+
#136780000
b110000000000010100 [
0%
1+
#136800000
0+
#136820000
b11 m
1%
b110000000000010011 [
1+
#136840000
0+
#136860000
b110000000000010010 [
0%
1+
#136880000
0+
#136900000
b100 m
1%
b110000000000010001 [
1+
#136920000
0+
#136940000
b110000000000010000 [
0%
1+
#136960000
0+
#136980000
b101 m
1%
b110000000000001111 [
1+
#137000000
0+
#137020000
b110000000000001110 [
0%
1+
#137040000
0+
#137060000
b110 m
1%
b110000000000001101 [
1+
#137080000
0+
#137100000
b110000000000001100 [
0%
1+
#137120000
0+
#137140000
b111 m
1%
b110000000000001011 [
1+
#137160000
0+
#137180000
b110000000000001010 [
b0 r
1;
1$
0%
1+
#137200000
0+
#137220000
1#
0;
b11000011 \
b11000011 X
0_
b110000000000001001 [
1+
#137240000
0+
#137260000
1_
1a
1^
b110000000000001000 [
1+
#137280000
0+
#137300000
b1 r
b0 m
0$
b110000000000000111 [
0^
0a
1+
#137320000
0+
#137340000
b110000000000000110 [
b1 m
1%
0#
1+
#137360000
0+
#137380000
0%
b110000000000000101 [
1+
#137400000
0+
#137420000
b110000000000000100 [
b10 m
1%
1+
#137440000
0+
#137460000
0%
b110000000000000011 [
1+
#137480000
0+
#137500000
b110000000000000010 [
b11 m
1%
1+
#137520000
0+
#137540000
0%
b110000000000000001 [
1+
#137560000
0+
#137580000
b110000000000000000 [
b100 m
1%
1+
#137600000
0+
#137620000
0%
b101111111111111111 [
1+
#137640000
0+
#137660000
b101111111111111110 [
b101 m
1%
1+
#137680000
0+
#137700000
0%
b101111111111111101 [
1+
#137720000
0+
#137740000
b101111111111111100 [
b110 m
1%
1+
#137760000
0+
#137780000
0%
b101111111111111011 [
1+
#137800000
0+
#137820000
b101111111111111010 [
b111 m
1%
1+
#137840000
0+
#137860000
b0 r
1;
1$
0%
b101111111111111001 [
1+
#137880000
0+
#137900000
b11000100 \
b11000100 X
0_
b101111111111111000 [
1#
0;
1+
#137920000
0+
#137940000
1_
1a
1^
b101111111111110111 [
1+
#137960000
0+
#137980000
b101111111111110110 [
0^
0a
b1 r
b0 m
0$
1+
#138000000
0+
#138020000
b1 m
1%
0#
b101111111111110101 [
1+
#138040000
0+
#138060000
b101111111111110100 [
0%
1+
#138080000
0+
#138100000
b10 m
1%
b101111111111110011 [
1+
#138120000
0+
#138140000
b101111111111110010 [
0%
1+
#138160000
0+
#138180000
b11 m
1%
b101111111111110001 [
1+
#138200000
0+
#138220000
b101111111111110000 [
0%
1+
#138240000
0+
#138260000
b100 m
1%
b101111111111101111 [
1+
#138280000
0+
#138300000
b101111111111101110 [
0%
1+
#138320000
0+
#138340000
b101 m
1%
b101111111111101101 [
1+
#138360000
0+
#138380000
b101111111111101100 [
0%
1+
#138400000
0+
#138420000
b110 m
1%
b101111111111101011 [
1+
#138440000
0+
#138460000
b101111111111101010 [
0%
1+
#138480000
0+
#138500000
b111 m
1%
b101111111111101001 [
1+
#138520000
0+
#138540000
b101111111111101000 [
b0 r
1;
1$
0%
1+
#138560000
0+
#138580000
1#
0;
b11000101 \
b11000101 X
0_
b101111111111100111 [
1+
#138600000
0+
#138620000
1_
1a
1^
b101111111111100110 [
1+
#138640000
0+
#138660000
b1 r
b0 m
0$
b101111111111100101 [
0^
0a
1+
#138680000
0+
#138700000
b101111111111100100 [
b1 m
1%
0#
1+
#138720000
0+
#138740000
0%
b101111111111100011 [
1+
#138760000
0+
#138780000
b101111111111100010 [
b10 m
1%
1+
#138800000
0+
#138820000
0%
b101111111111100001 [
1+
#138840000
0+
#138860000
b101111111111100000 [
b11 m
1%
1+
#138880000
0+
#138900000
0%
b101111111111011111 [
1+
#138920000
0+
#138940000
b101111111111011110 [
b100 m
1%
1+
#138960000
0+
#138980000
0%
b101111111111011101 [
1+
#139000000
0+
#139020000
b101111111111011100 [
b101 m
1%
1+
#139040000
0+
#139060000
0%
b101111111111011011 [
1+
#139080000
0+
#139100000
b101111111111011010 [
b110 m
1%
1+
#139120000
0+
#139140000
0%
b101111111111011001 [
1+
#139160000
0+
#139180000
b101111111111011000 [
b111 m
1%
1+
#139200000
0+
#139220000
b0 r
1;
1$
0%
b101111111111010111 [
1+
#139240000
0+
#139260000
b11000110 \
b11000110 X
0_
b101111111111010110 [
1#
0;
1+
#139280000
0+
#139300000
1_
1a
1^
b101111111111010101 [
1+
#139320000
0+
#139340000
b101111111111010100 [
0^
0a
b1 r
b0 m
0$
1+
#139360000
0+
#139380000
b1 m
1%
0#
b101111111111010011 [
1+
#139400000
0+
#139420000
b101111111111010010 [
0%
1+
#139440000
0+
#139460000
b10 m
1%
b101111111111010001 [
1+
#139480000
0+
#139500000
b101111111111010000 [
0%
1+
#139520000
0+
#139540000
b11 m
1%
b101111111111001111 [
1+
#139560000
0+
#139580000
b101111111111001110 [
0%
1+
#139600000
0+
#139620000
b100 m
1%
b101111111111001101 [
1+
#139640000
0+
#139660000
b101111111111001100 [
0%
1+
#139680000
0+
#139700000
b101 m
1%
b101111111111001011 [
1+
#139720000
0+
#139740000
b101111111111001010 [
0%
1+
#139760000
0+
#139780000
b110 m
1%
b101111111111001001 [
1+
#139800000
0+
#139820000
b101111111111001000 [
0%
1+
#139840000
0+
#139860000
b111 m
1%
b101111111111000111 [
1+
#139880000
0+
#139900000
b101111111111000110 [
b0 r
1;
1$
0%
1+
#139920000
0+
#139940000
1#
0;
b11000111 \
b11000111 X
0_
b101111111111000101 [
1+
#139960000
0+
#139980000
1_
1a
1^
b101111111111000100 [
1+
#140000000
0+
#140020000
b1 r
b0 m
0$
b101111111111000011 [
0^
0a
1+
#140040000
0+
#140060000
b101111111111000010 [
b1 m
1%
0#
1+
#140080000
0+
#140100000
0%
b101111111111000001 [
1+
#140120000
0+
#140140000
b101111111111000000 [
b10 m
1%
1+
#140160000
0+
#140180000
0%
b101111111110111111 [
1+
#140200000
0+
#140220000
b101111111110111110 [
b11 m
1%
1+
#140240000
0+
#140260000
0%
b101111111110111101 [
1+
#140280000
0+
#140300000
b101111111110111100 [
b100 m
1%
1+
#140320000
0+
#140340000
0%
b101111111110111011 [
1+
#140360000
0+
#140380000
b101111111110111010 [
b101 m
1%
1+
#140400000
0+
#140420000
0%
b101111111110111001 [
1+
#140440000
0+
#140460000
b101111111110111000 [
b110 m
1%
1+
#140480000
0+
#140500000
0%
b101111111110110111 [
1+
#140520000
0+
#140540000
b101111111110110110 [
b111 m
1%
1+
#140560000
0+
#140580000
b0 r
1;
1$
0%
b101111111110110101 [
1+
#140600000
0+
#140620000
b11001000 \
b11001000 X
0_
b101111111110110100 [
1#
0;
1+
#140640000
0+
#140660000
1_
1a
1^
b101111111110110011 [
1+
#140680000
0+
#140700000
b101111111110110010 [
0^
0a
b1 r
b0 m
0$
1+
#140720000
0+
#140740000
b1 m
1%
0#
b101111111110110001 [
1+
#140760000
0+
#140780000
b101111111110110000 [
0%
1+
#140800000
0+
#140820000
b10 m
1%
b101111111110101111 [
1+
#140840000
0+
#140860000
b101111111110101110 [
0%
1+
#140880000
0+
#140900000
b11 m
1%
b101111111110101101 [
1+
#140920000
0+
#140940000
b101111111110101100 [
0%
1+
#140960000
0+
#140980000
b100 m
1%
b101111111110101011 [
1+
#141000000
0+
#141020000
b101111111110101010 [
0%
1+
#141040000
0+
#141060000
b101 m
1%
b101111111110101001 [
1+
#141080000
0+
#141100000
b101111111110101000 [
0%
1+
#141120000
0+
#141140000
b110 m
1%
b101111111110100111 [
1+
#141160000
0+
#141180000
b101111111110100110 [
0%
1+
#141200000
0+
#141220000
b111 m
1%
b101111111110100101 [
1+
#141240000
0+
#141260000
b101111111110100100 [
b0 r
1;
1$
0%
1+
#141280000
0+
#141300000
1#
0;
b11001001 \
b11001001 X
0_
b101111111110100011 [
1+
#141320000
0+
#141340000
1_
1a
1^
b101111111110100010 [
1+
#141360000
0+
#141380000
b1 r
b0 m
0$
b101111111110100001 [
0^
0a
1+
#141400000
0+
#141420000
b101111111110100000 [
b1 m
1%
0#
1+
#141440000
0+
#141460000
0%
b101111111110011111 [
1+
#141480000
0+
#141500000
b101111111110011110 [
b10 m
1%
1+
#141520000
0+
#141540000
0%
b101111111110011101 [
1+
#141560000
0+
#141580000
b101111111110011100 [
b11 m
1%
1+
#141600000
0+
#141620000
0%
b101111111110011011 [
1+
#141640000
0+
#141660000
b101111111110011010 [
b100 m
1%
1+
#141680000
0+
#141700000
0%
b101111111110011001 [
1+
#141720000
0+
#141740000
b101111111110011000 [
b101 m
1%
1+
#141760000
0+
#141780000
0%
b101111111110010111 [
1+
#141800000
0+
#141820000
b101111111110010110 [
b110 m
1%
1+
#141840000
0+
#141860000
0%
b101111111110010101 [
1+
#141880000
0+
#141900000
b101111111110010100 [
b111 m
1%
1+
#141920000
0+
#141940000
b0 r
1;
1$
0%
b101111111110010011 [
1+
#141960000
0+
#141980000
b11001010 \
b11001010 X
0_
b101111111110010010 [
1#
0;
1+
#142000000
0+
#142020000
1_
1a
1^
b101111111110010001 [
1+
#142040000
0+
#142060000
b101111111110010000 [
0^
0a
b1 r
b0 m
0$
1+
#142080000
0+
#142100000
b1 m
1%
0#
b101111111110001111 [
1+
#142120000
0+
#142140000
b101111111110001110 [
0%
1+
#142160000
0+
#142180000
b10 m
1%
b101111111110001101 [
1+
#142200000
0+
#142220000
b101111111110001100 [
0%
1+
#142240000
0+
#142260000
b11 m
1%
b101111111110001011 [
1+
#142280000
0+
#142300000
b101111111110001010 [
0%
1+
#142320000
0+
#142340000
b100 m
1%
b101111111110001001 [
1+
#142360000
0+
#142380000
b101111111110001000 [
0%
1+
#142400000
0+
#142420000
b101 m
1%
b101111111110000111 [
1+
#142440000
0+
#142460000
b101111111110000110 [
0%
1+
#142480000
0+
#142500000
b110 m
1%
b101111111110000101 [
1+
#142520000
0+
#142540000
b101111111110000100 [
0%
1+
#142560000
0+
#142580000
b111 m
1%
b101111111110000011 [
1+
#142600000
0+
#142620000
b101111111110000010 [
b0 r
1;
1$
0%
1+
#142640000
0+
#142660000
1#
0;
b11001011 \
b11001011 X
0_
b101111111110000001 [
1+
#142680000
0+
#142700000
1_
1a
1^
b101111111110000000 [
1+
#142720000
0+
#142740000
b1 r
b0 m
0$
b101111111101111111 [
0^
0a
1+
#142760000
0+
#142780000
b101111111101111110 [
b1 m
1%
0#
1+
#142800000
0+
#142820000
0%
b101111111101111101 [
1+
#142840000
0+
#142860000
b101111111101111100 [
b10 m
1%
1+
#142880000
0+
#142900000
0%
b101111111101111011 [
1+
#142920000
0+
#142940000
b101111111101111010 [
b11 m
1%
1+
#142960000
0+
#142980000
0%
b101111111101111001 [
1+
#143000000
0+
#143020000
b101111111101111000 [
b100 m
1%
1+
#143040000
0+
#143060000
0%
b101111111101110111 [
1+
#143080000
0+
#143100000
b101111111101110110 [
b101 m
1%
1+
#143120000
0+
#143140000
0%
b101111111101110101 [
1+
#143160000
0+
#143180000
b101111111101110100 [
b110 m
1%
1+
#143200000
0+
#143220000
0%
b101111111101110011 [
1+
#143240000
0+
#143260000
b101111111101110010 [
b111 m
1%
1+
#143280000
0+
#143300000
b0 r
1;
1$
0%
b101111111101110001 [
1+
#143320000
0+
#143340000
b11001100 \
b11001100 X
0_
b101111111101110000 [
1#
0;
1+
#143360000
0+
#143380000
1_
1a
1^
b101111111101101111 [
1+
#143400000
0+
#143420000
b101111111101101110 [
0^
0a
b1 r
b0 m
0$
1+
#143440000
0+
#143460000
b1 m
1%
0#
b101111111101101101 [
1+
#143480000
0+
#143500000
b101111111101101100 [
0%
1+
#143520000
0+
#143540000
b10 m
1%
b101111111101101011 [
1+
#143560000
0+
#143580000
b101111111101101010 [
0%
1+
#143600000
0+
#143620000
b11 m
1%
b101111111101101001 [
1+
#143640000
0+
#143660000
b101111111101101000 [
0%
1+
#143680000
0+
#143700000
b100 m
1%
b101111111101100111 [
1+
#143720000
0+
#143740000
b101111111101100110 [
0%
1+
#143760000
0+
#143780000
b101 m
1%
b101111111101100101 [
1+
#143800000
0+
#143820000
b101111111101100100 [
0%
1+
#143840000
0+
#143860000
b110 m
1%
b101111111101100011 [
1+
#143880000
0+
#143900000
b101111111101100010 [
0%
1+
#143920000
0+
#143940000
b111 m
1%
b101111111101100001 [
1+
#143960000
0+
#143980000
b101111111101100000 [
b0 r
1;
1$
0%
1+
#144000000
0+
#144020000
1#
0;
b11001101 \
b11001101 X
0_
b101111111101011111 [
1+
#144040000
0+
#144060000
1_
1a
1^
b101111111101011110 [
1+
#144080000
0+
#144100000
b1 r
b0 m
0$
b101111111101011101 [
0^
0a
1+
#144120000
0+
#144140000
b101111111101011100 [
b1 m
1%
0#
1+
#144160000
0+
#144180000
0%
b101111111101011011 [
1+
#144200000
0+
#144220000
b101111111101011010 [
b10 m
1%
1+
#144240000
0+
#144260000
0%
b101111111101011001 [
1+
#144280000
0+
#144300000
b101111111101011000 [
b11 m
1%
1+
#144320000
0+
#144340000
0%
b101111111101010111 [
1+
#144360000
0+
#144380000
b101111111101010110 [
b100 m
1%
1+
#144400000
0+
#144420000
0%
b101111111101010101 [
1+
#144440000
0+
#144460000
b101111111101010100 [
b101 m
1%
1+
#144480000
0+
#144500000
0%
b101111111101010011 [
1+
#144520000
0+
#144540000
b101111111101010010 [
b110 m
1%
1+
#144560000
0+
#144580000
0%
b101111111101010001 [
1+
#144600000
0+
#144620000
b101111111101010000 [
b111 m
1%
1+
#144640000
0+
#144660000
b0 r
1;
1$
0%
b101111111101001111 [
1+
#144680000
0+
#144700000
b11001110 \
b11001110 X
0_
b101111111101001110 [
1#
0;
1+
#144720000
0+
#144740000
1_
1a
1^
b101111111101001101 [
1+
#144760000
0+
#144780000
b101111111101001100 [
0^
0a
b1 r
b0 m
0$
1+
#144800000
0+
#144820000
b1 m
1%
0#
b101111111101001011 [
1+
#144840000
0+
#144860000
b101111111101001010 [
0%
1+
#144880000
0+
#144900000
b10 m
1%
b101111111101001001 [
1+
#144920000
0+
#144940000
b101111111101001000 [
0%
1+
#144960000
0+
#144980000
b11 m
1%
b101111111101000111 [
1+
#145000000
0+
#145020000
b101111111101000110 [
0%
1+
#145040000
0+
#145060000
b100 m
1%
b101111111101000101 [
1+
#145080000
0+
#145100000
b101111111101000100 [
0%
1+
#145120000
0+
#145140000
b101 m
1%
b101111111101000011 [
1+
#145160000
0+
#145180000
b101111111101000010 [
0%
1+
#145200000
0+
#145220000
b110 m
1%
b101111111101000001 [
1+
#145240000
0+
#145260000
b101111111101000000 [
0%
1+
#145280000
0+
#145300000
b111 m
1%
b101111111100111111 [
1+
#145320000
0+
#145340000
b101111111100111110 [
b0 r
1;
1$
0%
1+
#145360000
0+
#145380000
1#
0;
b11001111 \
b11001111 X
0_
b101111111100111101 [
1+
#145400000
0+
#145420000
1_
1a
1^
b101111111100111100 [
1+
#145440000
0+
#145460000
b1 r
b0 m
0$
b101111111100111011 [
0^
0a
1+
#145480000
0+
#145500000
b101111111100111010 [
b1 m
1%
0#
1+
#145520000
0+
#145540000
0%
b101111111100111001 [
1+
#145560000
0+
#145580000
b101111111100111000 [
b10 m
1%
1+
#145600000
0+
#145620000
0%
b101111111100110111 [
1+
#145640000
0+
#145660000
b101111111100110110 [
b11 m
1%
1+
#145680000
0+
#145700000
0%
b101111111100110101 [
1+
#145720000
0+
#145740000
b101111111100110100 [
b100 m
1%
1+
#145760000
0+
#145780000
0%
b101111111100110011 [
1+
#145800000
0+
#145820000
b101111111100110010 [
b101 m
1%
1+
#145840000
0+
#145860000
0%
b101111111100110001 [
1+
#145880000
0+
#145900000
b101111111100110000 [
b110 m
1%
1+
#145920000
0+
#145940000
0%
b101111111100101111 [
1+
#145960000
0+
#145980000
b101111111100101110 [
b111 m
1%
1+
#146000000
0+
#146020000
b0 r
1;
1$
0%
b101111111100101101 [
1+
#146040000
0+
#146060000
b11010000 \
b11010000 X
0_
b101111111100101100 [
1#
0;
1+
#146080000
0+
#146100000
1_
1a
1^
b101111111100101011 [
1+
#146120000
0+
#146140000
b101111111100101010 [
0^
0a
b1 r
b0 m
0$
1+
#146160000
0+
#146180000
b1 m
1%
0#
b101111111100101001 [
1+
#146200000
0+
#146220000
b101111111100101000 [
0%
1+
#146240000
0+
#146260000
b10 m
1%
b101111111100100111 [
1+
#146280000
0+
#146300000
b101111111100100110 [
0%
1+
#146320000
0+
#146340000
b11 m
1%
b101111111100100101 [
1+
#146360000
0+
#146380000
b101111111100100100 [
0%
1+
#146400000
0+
#146420000
b100 m
1%
b101111111100100011 [
1+
#146440000
0+
#146460000
b101111111100100010 [
0%
1+
#146480000
0+
#146500000
b101 m
1%
b101111111100100001 [
1+
#146520000
0+
#146540000
b101111111100100000 [
0%
1+
#146560000
0+
#146580000
b110 m
1%
b101111111100011111 [
1+
#146600000
0+
#146620000
b101111111100011110 [
0%
1+
#146640000
0+
#146660000
b111 m
1%
b101111111100011101 [
1+
#146680000
0+
#146700000
b101111111100011100 [
b0 r
1;
1$
0%
1+
#146720000
0+
#146740000
1#
0;
b11010001 \
b11010001 X
0_
b101111111100011011 [
1+
#146760000
0+
#146780000
1_
1a
1^
b101111111100011010 [
1+
#146800000
0+
#146820000
b1 r
b0 m
0$
b101111111100011001 [
0^
0a
1+
#146840000
0+
#146860000
b101111111100011000 [
b1 m
1%
0#
1+
#146880000
0+
#146900000
0%
b101111111100010111 [
1+
#146920000
0+
#146940000
b101111111100010110 [
b10 m
1%
1+
#146960000
0+
#146980000
0%
b101111111100010101 [
1+
#147000000
0+
#147020000
b101111111100010100 [
b11 m
1%
1+
#147040000
0+
#147060000
0%
b101111111100010011 [
1+
#147080000
0+
#147100000
b101111111100010010 [
b100 m
1%
1+
#147120000
0+
#147140000
0%
b101111111100010001 [
1+
#147160000
0+
#147180000
b101111111100010000 [
b101 m
1%
1+
#147200000
0+
#147220000
0%
b101111111100001111 [
1+
#147240000
0+
#147260000
b101111111100001110 [
b110 m
1%
1+
#147280000
0+
#147300000
0%
b101111111100001101 [
1+
#147320000
0+
#147340000
b101111111100001100 [
b111 m
1%
1+
#147360000
0+
#147380000
b0 r
1;
1$
0%
b101111111100001011 [
1+
#147400000
0+
#147420000
b11010010 \
b11010010 X
0_
b101111111100001010 [
1#
0;
1+
#147440000
0+
#147460000
1_
1a
1^
b101111111100001001 [
1+
#147480000
0+
#147500000
b101111111100001000 [
0^
0a
b1 r
b0 m
0$
1+
#147520000
0+
#147540000
b1 m
1%
0#
b101111111100000111 [
1+
#147560000
0+
#147580000
b101111111100000110 [
0%
1+
#147600000
0+
#147620000
b10 m
1%
b101111111100000101 [
1+
#147640000
0+
#147660000
b101111111100000100 [
0%
1+
#147680000
0+
#147700000
b11 m
1%
b101111111100000011 [
1+
#147720000
0+
#147740000
b101111111100000010 [
0%
1+
#147760000
0+
#147780000
b100 m
1%
b101111111100000001 [
1+
#147800000
0+
#147820000
b101111111100000000 [
0%
1+
#147840000
0+
#147860000
b101 m
1%
b101111111011111111 [
1+
#147880000
0+
#147900000
b101111111011111110 [
0%
1+
#147920000
0+
#147940000
b110 m
1%
b101111111011111101 [
1+
#147960000
0+
#147980000
b101111111011111100 [
0%
1+
#148000000
0+
#148020000
b111 m
1%
b101111111011111011 [
1+
#148040000
0+
#148060000
b101111111011111010 [
b0 r
1;
1$
0%
1+
#148080000
0+
#148100000
1#
0;
b11010011 \
b11010011 X
0_
b101111111011111001 [
1+
#148120000
0+
#148140000
1_
1a
1^
b101111111011111000 [
1+
#148160000
0+
#148180000
b1 r
b0 m
0$
b101111111011110111 [
0^
0a
1+
#148200000
0+
#148220000
b101111111011110110 [
b1 m
1%
0#
1+
#148240000
0+
#148260000
0%
b101111111011110101 [
1+
#148280000
0+
#148300000
b101111111011110100 [
b10 m
1%
1+
#148320000
0+
#148340000
0%
b101111111011110011 [
1+
#148360000
0+
#148380000
b101111111011110010 [
b11 m
1%
1+
#148400000
0+
#148420000
0%
b101111111011110001 [
1+
#148440000
0+
#148460000
b101111111011110000 [
b100 m
1%
1+
#148480000
0+
#148500000
0%
b101111111011101111 [
1+
#148520000
0+
#148540000
b101111111011101110 [
b101 m
1%
1+
#148560000
0+
#148580000
0%
b101111111011101101 [
1+
#148600000
0+
#148620000
b101111111011101100 [
b110 m
1%
1+
#148640000
0+
#148660000
0%
b101111111011101011 [
1+
#148680000
0+
#148700000
b101111111011101010 [
b111 m
1%
1+
#148720000
0+
#148740000
b0 r
1;
1$
0%
b101111111011101001 [
1+
#148760000
0+
#148780000
b11010100 \
b11010100 X
0_
b101111111011101000 [
1#
0;
1+
#148800000
0+
#148820000
1_
1a
1^
b101111111011100111 [
1+
#148840000
0+
#148860000
b101111111011100110 [
0^
0a
b1 r
b0 m
0$
1+
#148880000
0+
#148900000
b1 m
1%
0#
b101111111011100101 [
1+
#148920000
0+
#148940000
b101111111011100100 [
0%
1+
#148960000
0+
#148980000
b10 m
1%
b101111111011100011 [
1+
#149000000
0+
#149020000
b101111111011100010 [
0%
1+
#149040000
0+
#149060000
b11 m
1%
b101111111011100001 [
1+
#149080000
0+
#149100000
b101111111011100000 [
0%
1+
#149120000
0+
#149140000
b100 m
1%
b101111111011011111 [
1+
#149160000
0+
#149180000
b101111111011011110 [
0%
1+
#149200000
0+
#149220000
b101 m
1%
b101111111011011101 [
1+
#149240000
0+
#149260000
b101111111011011100 [
0%
1+
#149280000
0+
#149300000
b110 m
1%
b101111111011011011 [
1+
#149320000
0+
#149340000
b101111111011011010 [
0%
1+
#149360000
0+
#149380000
b111 m
1%
b101111111011011001 [
1+
#149400000
0+
#149420000
b101111111011011000 [
b0 r
1;
1$
0%
1+
#149440000
0+
#149460000
1#
0;
b11010101 \
b11010101 X
0_
b101111111011010111 [
1+
#149480000
0+
#149500000
1_
1a
1^
b101111111011010110 [
1+
#149520000
0+
#149540000
b1 r
b0 m
0$
b101111111011010101 [
0^
0a
1+
#149560000
0+
#149580000
b101111111011010100 [
b1 m
1%
0#
1+
#149600000
0+
#149620000
0%
b101111111011010011 [
1+
#149640000
0+
#149660000
b101111111011010010 [
b10 m
1%
1+
#149680000
0+
#149700000
0%
b101111111011010001 [
1+
#149720000
0+
#149740000
b101111111011010000 [
b11 m
1%
1+
#149760000
0+
#149780000
0%
b101111111011001111 [
1+
#149800000
0+
#149820000
b101111111011001110 [
b100 m
1%
1+
#149840000
0+
#149860000
0%
b101111111011001101 [
1+
#149880000
0+
#149900000
b101111111011001100 [
b101 m
1%
1+
#149920000
0+
#149940000
0%
b101111111011001011 [
1+
#149960000
0+
#149980000
b101111111011001010 [
b110 m
1%
1+
#150000000
0+
#150020000
0%
b101111111011001001 [
1+
#150040000
0+
#150060000
b101111111011001000 [
b111 m
1%
1+
#150080000
0+
#150100000
b0 r
1;
1$
0%
b101111111011000111 [
1+
#150120000
0+
#150140000
b11010110 \
b11010110 X
0_
b101111111011000110 [
1#
0;
1+
#150160000
0+
#150180000
1_
1a
1^
b101111111011000101 [
1+
#150200000
0+
#150220000
b101111111011000100 [
0^
0a
b1 r
b0 m
0$
1+
#150240000
0+
#150260000
b1 m
1%
0#
b101111111011000011 [
1+
#150280000
0+
#150300000
b101111111011000010 [
0%
1+
#150320000
0+
#150340000
b10 m
1%
b101111111011000001 [
1+
#150360000
0+
#150380000
b101111111011000000 [
0%
1+
#150400000
0+
#150420000
b11 m
1%
b101111111010111111 [
1+
#150440000
0+
#150460000
b101111111010111110 [
0%
1+
#150480000
0+
#150500000
b100 m
1%
b101111111010111101 [
1+
#150520000
0+
#150540000
b101111111010111100 [
0%
1+
#150560000
0+
#150580000
b101 m
1%
b101111111010111011 [
1+
#150600000
0+
#150620000
b101111111010111010 [
0%
1+
#150640000
0+
#150660000
b110 m
1%
b101111111010111001 [
1+
#150680000
0+
#150700000
b101111111010111000 [
0%
1+
#150720000
0+
#150740000
b111 m
1%
b101111111010110111 [
1+
#150760000
0+
#150780000
b101111111010110110 [
b0 r
1;
1$
0%
1+
#150800000
0+
#150820000
1#
0;
b11010111 \
b11010111 X
0_
b101111111010110101 [
1+
#150840000
0+
#150860000
1_
1a
1^
b101111111010110100 [
1+
#150880000
0+
#150900000
b1 r
b0 m
0$
b101111111010110011 [
0^
0a
1+
#150920000
0+
#150940000
b101111111010110010 [
b1 m
1%
0#
1+
#150960000
0+
#150980000
0%
b101111111010110001 [
1+
#151000000
0+
#151020000
b101111111010110000 [
b10 m
1%
1+
#151040000
0+
#151060000
0%
b101111111010101111 [
1+
#151080000
0+
#151100000
b101111111010101110 [
b11 m
1%
1+
#151120000
0+
#151140000
0%
b101111111010101101 [
1+
#151160000
0+
#151180000
b101111111010101100 [
b100 m
1%
1+
#151200000
0+
#151220000
0%
b101111111010101011 [
1+
#151240000
0+
#151260000
b101111111010101010 [
b101 m
1%
1+
#151280000
0+
#151300000
0%
b101111111010101001 [
1+
#151320000
0+
#151340000
b101111111010101000 [
b110 m
1%
1+
#151360000
0+
#151380000
0%
b101111111010100111 [
1+
#151400000
0+
#151420000
b101111111010100110 [
b111 m
1%
1+
#151440000
0+
#151460000
b0 r
1;
1$
0%
b101111111010100101 [
1+
#151480000
0+
#151500000
b11011000 \
b11011000 X
0_
b101111111010100100 [
1#
0;
1+
#151520000
0+
#151540000
1_
1a
1^
b101111111010100011 [
1+
#151560000
0+
#151580000
b101111111010100010 [
0^
0a
b1 r
b0 m
0$
1+
#151600000
0+
#151620000
b1 m
1%
0#
b101111111010100001 [
1+
#151640000
0+
#151660000
b101111111010100000 [
0%
1+
#151680000
0+
#151700000
b10 m
1%
b101111111010011111 [
1+
#151720000
0+
#151740000
b101111111010011110 [
0%
1+
#151760000
0+
#151780000
b11 m
1%
b101111111010011101 [
1+
#151800000
0+
#151820000
b101111111010011100 [
0%
1+
#151840000
0+
#151860000
b100 m
1%
b101111111010011011 [
1+
#151880000
0+
#151900000
b101111111010011010 [
0%
1+
#151920000
0+
#151940000
b101 m
1%
b101111111010011001 [
1+
#151960000
0+
#151980000
b101111111010011000 [
0%
1+
#152000000
0+
#152020000
b110 m
1%
b101111111010010111 [
1+
#152040000
0+
#152060000
b101111111010010110 [
0%
1+
#152080000
0+
#152100000
b111 m
1%
b101111111010010101 [
1+
#152120000
0+
#152140000
b101111111010010100 [
b0 r
1;
1$
0%
1+
#152160000
0+
#152180000
1#
0;
b11011001 \
b11011001 X
0_
b101111111010010011 [
1+
#152200000
0+
#152220000
1_
1a
1^
b101111111010010010 [
1+
#152240000
0+
#152260000
b1 r
b0 m
0$
b101111111010010001 [
0^
0a
1+
#152280000
0+
#152300000
b101111111010010000 [
b1 m
1%
0#
1+
#152320000
0+
#152340000
0%
b101111111010001111 [
1+
#152360000
0+
#152380000
b101111111010001110 [
b10 m
1%
1+
#152400000
0+
#152420000
0%
b101111111010001101 [
1+
#152440000
0+
#152460000
b101111111010001100 [
b11 m
1%
1+
#152480000
0+
#152500000
0%
b101111111010001011 [
1+
#152520000
0+
#152540000
b101111111010001010 [
b100 m
1%
1+
#152560000
0+
#152580000
0%
b101111111010001001 [
1+
#152600000
0+
#152620000
b101111111010001000 [
b101 m
1%
1+
#152640000
0+
#152660000
0%
b101111111010000111 [
1+
#152680000
0+
#152700000
b101111111010000110 [
b110 m
1%
1+
#152720000
0+
#152740000
0%
b101111111010000101 [
1+
#152760000
0+
#152780000
b101111111010000100 [
b111 m
1%
1+
#152800000
0+
#152820000
b0 r
1;
1$
0%
b101111111010000011 [
1+
#152840000
0+
#152860000
b11011010 \
b11011010 X
0_
b101111111010000010 [
1#
0;
1+
#152880000
0+
#152900000
1_
1a
1^
b101111111010000001 [
1+
#152920000
0+
#152940000
b101111111010000000 [
0^
0a
b1 r
b0 m
0$
1+
#152960000
0+
#152980000
b1 m
1%
0#
b101111111001111111 [
1+
#153000000
0+
#153020000
b101111111001111110 [
0%
1+
#153040000
0+
#153060000
b10 m
1%
b101111111001111101 [
1+
#153080000
0+
#153100000
b101111111001111100 [
0%
1+
#153120000
0+
#153140000
b11 m
1%
b101111111001111011 [
1+
#153160000
0+
#153180000
b101111111001111010 [
0%
1+
#153200000
0+
#153220000
b100 m
1%
b101111111001111001 [
1+
#153240000
0+
#153260000
b101111111001111000 [
0%
1+
#153280000
0+
#153300000
b101 m
1%
b101111111001110111 [
1+
#153320000
0+
#153340000
b101111111001110110 [
0%
1+
#153360000
0+
#153380000
b110 m
1%
b101111111001110101 [
1+
#153400000
0+
#153420000
b101111111001110100 [
0%
1+
#153440000
0+
#153460000
b111 m
1%
b101111111001110011 [
1+
#153480000
0+
#153500000
b101111111001110010 [
b0 r
1;
1$
0%
1+
#153520000
0+
#153540000
1#
0;
b11011011 \
b11011011 X
0_
b101111111001110001 [
1+
#153560000
0+
#153580000
1_
1a
1^
b101111111001110000 [
1+
#153600000
0+
#153620000
b1 r
b0 m
0$
b101111111001101111 [
0^
0a
1+
#153640000
0+
#153660000
b101111111001101110 [
b1 m
1%
0#
1+
#153680000
0+
#153700000
0%
b101111111001101101 [
1+
#153720000
0+
#153740000
b101111111001101100 [
b10 m
1%
1+
#153760000
0+
#153780000
0%
b101111111001101011 [
1+
#153800000
0+
#153820000
b101111111001101010 [
b11 m
1%
1+
#153840000
0+
#153860000
0%
b101111111001101001 [
1+
#153880000
0+
#153900000
b101111111001101000 [
b100 m
1%
1+
#153920000
0+
#153940000
0%
b101111111001100111 [
1+
#153960000
0+
#153980000
b101111111001100110 [
b101 m
1%
1+
#154000000
0+
#154020000
0%
b101111111001100101 [
1+
#154040000
0+
#154060000
b101111111001100100 [
b110 m
1%
1+
#154080000
0+
#154100000
0%
b101111111001100011 [
1+
#154120000
0+
#154140000
b101111111001100010 [
b111 m
1%
1+
#154160000
0+
#154180000
b0 r
1;
1$
0%
b101111111001100001 [
1+
#154200000
0+
#154220000
b11011100 \
b11011100 X
0_
b101111111001100000 [
1#
0;
1+
#154240000
0+
#154260000
1_
1a
1^
b101111111001011111 [
1+
#154280000
0+
#154300000
b101111111001011110 [
0^
0a
b1 r
b0 m
0$
1+
#154320000
0+
#154340000
b1 m
1%
0#
b101111111001011101 [
1+
#154360000
0+
#154380000
b101111111001011100 [
0%
1+
#154400000
0+
#154420000
b10 m
1%
b101111111001011011 [
1+
#154440000
0+
#154460000
b101111111001011010 [
0%
1+
#154480000
0+
#154500000
b11 m
1%
b101111111001011001 [
1+
#154520000
0+
#154540000
b101111111001011000 [
0%
1+
#154560000
0+
#154580000
b100 m
1%
b101111111001010111 [
1+
#154600000
0+
#154620000
b101111111001010110 [
0%
1+
#154640000
0+
#154660000
b101 m
1%
b101111111001010101 [
1+
#154680000
0+
#154700000
b101111111001010100 [
0%
1+
#154720000
0+
#154740000
b110 m
1%
b101111111001010011 [
1+
#154760000
0+
#154780000
b101111111001010010 [
0%
1+
#154800000
0+
#154820000
b111 m
1%
b101111111001010001 [
1+
#154840000
0+
#154860000
b101111111001010000 [
b0 r
1;
1$
0%
1+
#154880000
0+
#154900000
1#
0;
b11011101 \
b11011101 X
0_
b101111111001001111 [
1+
#154920000
0+
#154940000
1_
1a
1^
b101111111001001110 [
1+
#154960000
0+
#154980000
b1 r
b0 m
0$
b101111111001001101 [
0^
0a
1+
#155000000
0+
#155020000
b101111111001001100 [
b1 m
1%
0#
1+
#155040000
0+
#155060000
0%
b101111111001001011 [
1+
#155080000
0+
#155100000
b101111111001001010 [
b10 m
1%
1+
#155120000
0+
#155140000
0%
b101111111001001001 [
1+
#155160000
0+
#155180000
b101111111001001000 [
b11 m
1%
1+
#155200000
0+
#155220000
0%
b101111111001000111 [
1+
#155240000
0+
#155260000
b101111111001000110 [
b100 m
1%
1+
#155280000
0+
#155300000
0%
b101111111001000101 [
1+
#155320000
0+
#155340000
b101111111001000100 [
b101 m
1%
1+
#155360000
0+
#155380000
0%
b101111111001000011 [
1+
#155400000
0+
#155420000
b101111111001000010 [
b110 m
1%
1+
#155440000
0+
#155460000
0%
b101111111001000001 [
1+
#155480000
0+
#155500000
b101111111001000000 [
b111 m
1%
1+
#155520000
0+
#155540000
b0 r
1;
1$
0%
b101111111000111111 [
1+
#155560000
0+
#155580000
b11011110 \
b11011110 X
0_
b101111111000111110 [
1#
0;
1+
#155600000
0+
#155620000
1_
1a
1^
b101111111000111101 [
1+
#155640000
0+
#155660000
b101111111000111100 [
0^
0a
b1 r
b0 m
0$
1+
#155680000
0+
#155700000
b1 m
1%
0#
b101111111000111011 [
1+
#155720000
0+
#155740000
b101111111000111010 [
0%
1+
#155760000
0+
#155780000
b10 m
1%
b101111111000111001 [
1+
#155800000
0+
#155820000
b101111111000111000 [
0%
1+
#155840000
0+
#155860000
b11 m
1%
b101111111000110111 [
1+
#155880000
0+
#155900000
b101111111000110110 [
0%
1+
#155920000
0+
#155940000
b100 m
1%
b101111111000110101 [
1+
#155960000
0+
#155980000
b101111111000110100 [
0%
1+
#156000000
0+
#156020000
b101 m
1%
b101111111000110011 [
1+
#156040000
0+
#156060000
b101111111000110010 [
0%
1+
#156080000
0+
#156100000
b110 m
1%
b101111111000110001 [
1+
#156120000
0+
#156140000
b101111111000110000 [
0%
1+
#156160000
0+
#156180000
b111 m
1%
b101111111000101111 [
1+
#156200000
0+
#156220000
b101111111000101110 [
b0 r
1;
1$
0%
1+
#156240000
0+
#156260000
1#
0;
b11011111 \
b11011111 X
0_
b101111111000101101 [
1+
#156280000
0+
#156300000
1_
1a
1^
b101111111000101100 [
1+
#156320000
0+
#156340000
b1 r
b0 m
0$
b101111111000101011 [
0^
0a
1+
#156360000
0+
#156380000
b101111111000101010 [
b1 m
1%
0#
1+
#156400000
0+
#156420000
0%
b101111111000101001 [
1+
#156440000
0+
#156460000
b101111111000101000 [
b10 m
1%
1+
#156480000
0+
#156500000
0%
b101111111000100111 [
1+
#156520000
0+
#156540000
b101111111000100110 [
b11 m
1%
1+
#156560000
0+
#156580000
0%
b101111111000100101 [
1+
#156600000
0+
#156620000
b101111111000100100 [
b100 m
1%
1+
#156640000
0+
#156660000
0%
b101111111000100011 [
1+
#156680000
0+
#156700000
b101111111000100010 [
b101 m
1%
1+
#156720000
0+
#156740000
0%
b101111111000100001 [
1+
#156760000
0+
#156780000
b101111111000100000 [
b110 m
1%
1+
#156800000
0+
#156820000
0%
b101111111000011111 [
1+
#156840000
0+
#156860000
b101111111000011110 [
b111 m
1%
1+
#156880000
0+
#156900000
b0 r
1;
1$
0%
b101111111000011101 [
1+
#156920000
0+
#156940000
b11100000 \
b11100000 X
0_
b101111111000011100 [
1#
0;
1+
#156960000
0+
#156980000
1_
1a
1^
b101111111000011011 [
1+
#157000000
0+
#157020000
b101111111000011010 [
0^
0a
b1 r
b0 m
0$
1+
#157040000
0+
#157060000
b1 m
1%
0#
b101111111000011001 [
1+
#157080000
0+
#157100000
b101111111000011000 [
0%
1+
#157120000
0+
#157140000
b10 m
1%
b101111111000010111 [
1+
#157160000
0+
#157180000
b101111111000010110 [
0%
1+
#157200000
0+
#157220000
b11 m
1%
b101111111000010101 [
1+
#157240000
0+
#157260000
b101111111000010100 [
0%
1+
#157280000
0+
#157300000
b100 m
1%
b101111111000010011 [
1+
#157320000
0+
#157340000
b101111111000010010 [
0%
1+
#157360000
0+
#157380000
b101 m
1%
b101111111000010001 [
1+
#157400000
0+
#157420000
b101111111000010000 [
0%
1+
#157440000
0+
#157460000
b110 m
1%
b101111111000001111 [
1+
#157480000
0+
#157500000
b101111111000001110 [
0%
1+
#157520000
0+
#157540000
b111 m
1%
b101111111000001101 [
1+
#157560000
0+
#157580000
b101111111000001100 [
b0 r
1;
1$
0%
1+
#157600000
0+
#157620000
1#
0;
b11100001 \
b11100001 X
0_
b101111111000001011 [
1+
#157640000
0+
#157660000
1_
1a
1^
b101111111000001010 [
1+
#157680000
0+
#157700000
b1 r
b0 m
0$
b101111111000001001 [
0^
0a
1+
#157720000
0+
#157740000
b101111111000001000 [
b1 m
1%
0#
1+
#157760000
0+
#157780000
0%
b101111111000000111 [
1+
#157800000
0+
#157820000
b101111111000000110 [
b10 m
1%
1+
#157840000
0+
#157860000
0%
b101111111000000101 [
1+
#157880000
0+
#157900000
b101111111000000100 [
b11 m
1%
1+
#157920000
0+
#157940000
0%
b101111111000000011 [
1+
#157960000
0+
#157980000
b101111111000000010 [
b100 m
1%
1+
#158000000
0+
#158020000
0%
b101111111000000001 [
1+
#158040000
0+
#158060000
b101111111000000000 [
b101 m
1%
1+
#158080000
0+
#158100000
0%
b101111110111111111 [
1+
#158120000
0+
#158140000
b101111110111111110 [
b110 m
1%
1+
#158160000
0+
#158180000
0%
b101111110111111101 [
1+
#158200000
0+
#158220000
b101111110111111100 [
b111 m
1%
1+
#158240000
0+
#158260000
b0 r
1;
1$
0%
b101111110111111011 [
1+
#158280000
0+
#158300000
b11100010 \
b11100010 X
0_
b101111110111111010 [
1#
0;
1+
#158320000
0+
#158340000
1_
1a
1^
b101111110111111001 [
1+
#158360000
0+
#158380000
b101111110111111000 [
0^
0a
b1 r
b0 m
0$
1+
#158400000
0+
#158420000
b1 m
1%
0#
b101111110111110111 [
1+
#158440000
0+
#158460000
b101111110111110110 [
0%
1+
#158480000
0+
#158500000
b10 m
1%
b101111110111110101 [
1+
#158520000
0+
#158540000
b101111110111110100 [
0%
1+
#158560000
0+
#158580000
b11 m
1%
b101111110111110011 [
1+
#158600000
0+
#158620000
b101111110111110010 [
0%
1+
#158640000
0+
#158660000
b100 m
1%
b101111110111110001 [
1+
#158680000
0+
#158700000
b101111110111110000 [
0%
1+
#158720000
0+
#158740000
b101 m
1%
b101111110111101111 [
1+
#158760000
0+
#158780000
b101111110111101110 [
0%
1+
#158800000
0+
#158820000
b110 m
1%
b101111110111101101 [
1+
#158840000
0+
#158860000
b101111110111101100 [
0%
1+
#158880000
0+
#158900000
b111 m
1%
b101111110111101011 [
1+
#158920000
0+
#158940000
b101111110111101010 [
b0 r
1;
1$
0%
1+
#158960000
0+
#158980000
1#
0;
b11100011 \
b11100011 X
0_
b101111110111101001 [
1+
#159000000
0+
#159020000
1_
1a
1^
b101111110111101000 [
1+
#159040000
0+
#159060000
b1 r
b0 m
0$
b101111110111100111 [
0^
0a
1+
#159080000
0+
#159100000
b101111110111100110 [
b1 m
1%
0#
1+
#159120000
0+
#159140000
0%
b101111110111100101 [
1+
#159160000
0+
#159180000
b101111110111100100 [
b10 m
1%
1+
#159200000
0+
#159220000
0%
b101111110111100011 [
1+
#159240000
0+
#159260000
b101111110111100010 [
b11 m
1%
1+
#159280000
0+
#159300000
0%
b101111110111100001 [
1+
#159320000
0+
#159340000
b101111110111100000 [
b100 m
1%
1+
#159360000
0+
#159380000
0%
b101111110111011111 [
1+
#159400000
0+
#159420000
b101111110111011110 [
b101 m
1%
1+
#159440000
0+
#159460000
0%
b101111110111011101 [
1+
#159480000
0+
#159500000
b101111110111011100 [
b110 m
1%
1+
#159520000
0+
#159540000
0%
b101111110111011011 [
1+
#159560000
0+
#159580000
b101111110111011010 [
b111 m
1%
1+
#159600000
0+
#159620000
b0 r
1;
1$
0%
b101111110111011001 [
1+
#159640000
0+
#159660000
b11100100 \
b11100100 X
0_
b101111110111011000 [
1#
0;
1+
#159680000
0+
#159700000
1_
1a
1^
b101111110111010111 [
1+
#159720000
0+
#159740000
b101111110111010110 [
0^
0a
b1 r
b0 m
0$
1+
#159760000
0+
#159780000
b1 m
1%
0#
b101111110111010101 [
1+
#159800000
0+
#159820000
b101111110111010100 [
0%
1+
#159840000
0+
#159860000
b10 m
1%
b101111110111010011 [
1+
#159880000
0+
#159900000
b101111110111010010 [
0%
1+
#159920000
0+
#159940000
b11 m
1%
b101111110111010001 [
1+
#159960000
0+
#159980000
b101111110111010000 [
0%
1+
#160000000
0+
#160020000
b100 m
1%
b101111110111001111 [
1+
#160040000
0+
#160060000
b101111110111001110 [
0%
1+
#160080000
0+
#160100000
b101 m
1%
b101111110111001101 [
1+
#160120000
0+
#160140000
b101111110111001100 [
0%
1+
#160160000
0+
#160180000
b110 m
1%
b101111110111001011 [
1+
#160200000
0+
#160220000
b101111110111001010 [
0%
1+
#160240000
0+
#160260000
b111 m
1%
b101111110111001001 [
1+
#160280000
0+
#160300000
b101111110111001000 [
b0 r
1;
1$
0%
1+
#160320000
0+
#160340000
1#
0;
b11100101 \
b11100101 X
0_
b101111110111000111 [
1+
#160360000
0+
#160380000
1_
1a
1^
b101111110111000110 [
1+
#160400000
0+
#160420000
b1 r
b0 m
0$
b101111110111000101 [
0^
0a
1+
#160440000
0+
#160460000
b101111110111000100 [
b1 m
1%
0#
1+
#160480000
0+
#160500000
0%
b101111110111000011 [
1+
#160520000
0+
#160540000
b101111110111000010 [
b10 m
1%
1+
#160560000
0+
#160580000
0%
b101111110111000001 [
1+
#160600000
0+
#160620000
b101111110111000000 [
b11 m
1%
1+
#160640000
0+
#160660000
0%
b101111110110111111 [
1+
#160680000
0+
#160700000
b101111110110111110 [
b100 m
1%
1+
#160720000
0+
#160740000
0%
b101111110110111101 [
1+
#160760000
0+
#160780000
b101111110110111100 [
b101 m
1%
1+
#160800000
0+
#160820000
0%
b101111110110111011 [
1+
#160840000
0+
#160860000
b101111110110111010 [
b110 m
1%
1+
#160880000
0+
#160900000
0%
b101111110110111001 [
1+
#160920000
0+
#160940000
b101111110110111000 [
b111 m
1%
1+
#160960000
0+
#160980000
b0 r
1;
1$
0%
b101111110110110111 [
1+
#161000000
0+
#161020000
b11100110 \
b11100110 X
0_
b101111110110110110 [
1#
0;
1+
#161040000
0+
#161060000
1_
1a
1^
b101111110110110101 [
1+
#161080000
0+
#161100000
b101111110110110100 [
0^
0a
b1 r
b0 m
0$
1+
#161120000
0+
#161140000
b1 m
1%
0#
b101111110110110011 [
1+
#161160000
0+
#161180000
b101111110110110010 [
0%
1+
#161200000
0+
#161220000
b10 m
1%
b101111110110110001 [
1+
#161240000
0+
#161260000
b101111110110110000 [
0%
1+
#161280000
0+
#161300000
b11 m
1%
b101111110110101111 [
1+
#161320000
0+
#161340000
b101111110110101110 [
0%
1+
#161360000
0+
#161380000
b100 m
1%
b101111110110101101 [
1+
#161400000
0+
#161420000
b101111110110101100 [
0%
1+
#161440000
0+
#161460000
b101 m
1%
b101111110110101011 [
1+
#161480000
0+
#161500000
b101111110110101010 [
0%
1+
#161520000
0+
#161540000
b110 m
1%
b101111110110101001 [
1+
#161560000
0+
#161580000
b101111110110101000 [
0%
1+
#161600000
0+
#161620000
b111 m
1%
b101111110110100111 [
1+
#161640000
0+
#161660000
b101111110110100110 [
b0 r
1;
1$
0%
1+
#161680000
0+
#161700000
1#
0;
b11100111 \
b11100111 X
0_
b101111110110100101 [
1+
#161720000
0+
#161740000
1_
1a
1^
b101111110110100100 [
1+
#161760000
0+
#161780000
b1 r
b0 m
0$
b101111110110100011 [
0^
0a
1+
#161800000
0+
#161820000
b101111110110100010 [
b1 m
1%
0#
1+
#161840000
0+
#161860000
0%
b101111110110100001 [
1+
#161880000
0+
#161900000
b101111110110100000 [
b10 m
1%
1+
#161920000
0+
#161940000
0%
b101111110110011111 [
1+
#161960000
0+
#161980000
b101111110110011110 [
b11 m
1%
1+
#162000000
0+
#162020000
0%
b101111110110011101 [
1+
#162040000
0+
#162060000
b101111110110011100 [
b100 m
1%
1+
#162080000
0+
#162100000
0%
b101111110110011011 [
1+
#162120000
0+
#162140000
b101111110110011010 [
b101 m
1%
1+
#162160000
0+
#162180000
0%
b101111110110011001 [
1+
#162200000
0+
#162220000
b101111110110011000 [
b110 m
1%
1+
#162240000
0+
#162260000
0%
b101111110110010111 [
1+
#162280000
0+
#162300000
b101111110110010110 [
b111 m
1%
1+
#162320000
0+
#162340000
b0 r
1;
1$
0%
b101111110110010101 [
1+
#162360000
0+
#162380000
b11101000 \
b11101000 X
0_
b101111110110010100 [
1#
0;
1+
#162400000
0+
#162420000
1_
1a
1^
b101111110110010011 [
1+
#162440000
0+
#162460000
b101111110110010010 [
0^
0a
b1 r
b0 m
0$
1+
#162480000
0+
#162500000
b1 m
1%
0#
b101111110110010001 [
1+
#162520000
0+
#162540000
b101111110110010000 [
0%
1+
#162560000
0+
#162580000
b10 m
1%
b101111110110001111 [
1+
#162600000
0+
#162620000
b101111110110001110 [
0%
1+
#162640000
0+
#162660000
b11 m
1%
b101111110110001101 [
1+
#162680000
0+
#162700000
b101111110110001100 [
0%
1+
#162720000
0+
#162740000
b100 m
1%
b101111110110001011 [
1+
#162760000
0+
#162780000
b101111110110001010 [
0%
1+
#162800000
0+
#162820000
b101 m
1%
b101111110110001001 [
1+
#162840000
0+
#162860000
b101111110110001000 [
0%
1+
#162880000
0+
#162900000
b110 m
1%
b101111110110000111 [
1+
#162920000
0+
#162940000
b101111110110000110 [
0%
1+
#162960000
0+
#162980000
b111 m
1%
b101111110110000101 [
1+
#163000000
0+
#163020000
b101111110110000100 [
b0 r
1;
1$
0%
1+
#163040000
0+
#163060000
1#
0;
b11101001 \
b11101001 X
0_
b101111110110000011 [
1+
#163080000
0+
#163100000
1_
1a
1^
b101111110110000010 [
1+
#163120000
0+
#163140000
b1 r
b0 m
0$
b101111110110000001 [
0^
0a
1+
#163160000
0+
#163180000
b101111110110000000 [
b1 m
1%
0#
1+
#163200000
0+
#163220000
0%
b101111110101111111 [
1+
#163240000
0+
#163260000
b101111110101111110 [
b10 m
1%
1+
#163280000
0+
#163300000
0%
b101111110101111101 [
1+
#163320000
0+
#163340000
b101111110101111100 [
b11 m
1%
1+
#163360000
0+
#163380000
0%
b101111110101111011 [
1+
#163400000
0+
#163420000
b101111110101111010 [
b100 m
1%
1+
#163440000
0+
#163460000
0%
b101111110101111001 [
1+
#163480000
0+
#163500000
b101111110101111000 [
b101 m
1%
1+
#163520000
0+
#163540000
0%
b101111110101110111 [
1+
#163560000
0+
#163580000
b101111110101110110 [
b110 m
1%
1+
#163600000
0+
#163620000
0%
b101111110101110101 [
1+
#163640000
0+
#163660000
b101111110101110100 [
b111 m
1%
1+
#163680000
0+
#163700000
b0 r
1;
1$
0%
b101111110101110011 [
1+
#163720000
0+
#163740000
b11101010 \
b11101010 X
0_
b101111110101110010 [
1#
0;
1+
#163760000
0+
#163780000
1_
1a
1^
b101111110101110001 [
1+
#163800000
0+
#163820000
b101111110101110000 [
0^
0a
b1 r
b0 m
0$
1+
#163840000
0+
#163860000
b1 m
1%
0#
b101111110101101111 [
1+
#163880000
0+
#163900000
b101111110101101110 [
0%
1+
#163920000
0+
#163940000
b10 m
1%
b101111110101101101 [
1+
#163960000
0+
#163980000
b101111110101101100 [
0%
1+
#164000000
0+
#164020000
b11 m
1%
b101111110101101011 [
1+
#164040000
0+
#164060000
b101111110101101010 [
0%
1+
#164080000
0+
#164100000
b100 m
1%
b101111110101101001 [
1+
#164120000
0+
#164140000
b101111110101101000 [
0%
1+
#164160000
0+
#164180000
b101 m
1%
b101111110101100111 [
1+
#164200000
0+
#164220000
b101111110101100110 [
0%
1+
#164240000
0+
#164260000
b110 m
1%
b101111110101100101 [
1+
#164280000
0+
#164300000
b101111110101100100 [
0%
1+
#164320000
0+
#164340000
b111 m
1%
b101111110101100011 [
1+
#164360000
0+
#164380000
b101111110101100010 [
b0 r
1;
1$
0%
1+
#164400000
0+
#164420000
1#
0;
b11101011 \
b11101011 X
0_
b101111110101100001 [
1+
#164440000
0+
#164460000
1_
1a
1^
b101111110101100000 [
1+
#164480000
0+
#164500000
b1 r
b0 m
0$
b101111110101011111 [
0^
0a
1+
#164520000
0+
#164540000
b101111110101011110 [
b1 m
1%
0#
1+
#164560000
0+
#164580000
0%
b101111110101011101 [
1+
#164600000
0+
#164620000
b101111110101011100 [
b10 m
1%
1+
#164640000
0+
#164660000
0%
b101111110101011011 [
1+
#164680000
0+
#164700000
b101111110101011010 [
b11 m
1%
1+
#164720000
0+
#164740000
0%
b101111110101011001 [
1+
#164760000
0+
#164780000
b101111110101011000 [
b100 m
1%
1+
#164800000
0+
#164820000
0%
b101111110101010111 [
1+
#164840000
0+
#164860000
b101111110101010110 [
b101 m
1%
1+
#164880000
0+
#164900000
0%
b101111110101010101 [
1+
#164920000
0+
#164940000
b101111110101010100 [
b110 m
1%
1+
#164960000
0+
#164980000
0%
b101111110101010011 [
1+
#165000000
0+
#165020000
b101111110101010010 [
b111 m
1%
1+
#165040000
0+
#165060000
b0 r
1;
1$
0%
b101111110101010001 [
1+
#165080000
0+
#165100000
b11101100 \
b11101100 X
0_
b101111110101010000 [
1#
0;
1+
#165120000
0+
#165140000
1_
1a
1^
b101111110101001111 [
1+
#165160000
0+
#165180000
b101111110101001110 [
0^
0a
b1 r
b0 m
0$
1+
#165200000
0+
#165220000
b1 m
1%
0#
b101111110101001101 [
1+
#165240000
0+
#165260000
b101111110101001100 [
0%
1+
#165280000
0+
#165300000
b10 m
1%
b101111110101001011 [
1+
#165320000
0+
#165340000
b101111110101001010 [
0%
1+
#165360000
0+
#165380000
b11 m
1%
b101111110101001001 [
1+
#165400000
0+
#165420000
b101111110101001000 [
0%
1+
#165440000
0+
#165460000
b100 m
1%
b101111110101000111 [
1+
#165480000
0+
#165500000
b101111110101000110 [
0%
1+
#165520000
0+
#165540000
b101 m
1%
b101111110101000101 [
1+
#165560000
0+
#165580000
b101111110101000100 [
0%
1+
#165600000
0+
#165620000
b110 m
1%
b101111110101000011 [
1+
#165640000
0+
#165660000
b101111110101000010 [
0%
1+
#165680000
0+
#165700000
b111 m
1%
b101111110101000001 [
1+
#165720000
0+
#165740000
b101111110101000000 [
b0 r
1;
1$
0%
1+
#165760000
0+
#165780000
1#
0;
b11101101 \
b11101101 X
0_
b101111110100111111 [
1+
#165800000
0+
#165820000
1_
1a
1^
b101111110100111110 [
1+
#165840000
0+
#165860000
b1 r
b0 m
0$
b101111110100111101 [
0^
0a
1+
#165880000
0+
#165900000
b101111110100111100 [
b1 m
1%
0#
1+
#165920000
0+
#165940000
0%
b101111110100111011 [
1+
#165960000
0+
#165980000
b101111110100111010 [
b10 m
1%
1+
#166000000
0+
#166020000
0%
b101111110100111001 [
1+
#166040000
0+
#166060000
b101111110100111000 [
b11 m
1%
1+
#166080000
0+
#166100000
0%
b101111110100110111 [
1+
#166120000
0+
#166140000
b101111110100110110 [
b100 m
1%
1+
#166160000
0+
#166180000
0%
b101111110100110101 [
1+
#166200000
0+
#166220000
b101111110100110100 [
b101 m
1%
1+
#166240000
0+
#166260000
0%
b101111110100110011 [
1+
#166280000
0+
#166300000
b101111110100110010 [
b110 m
1%
1+
#166320000
0+
#166340000
0%
b101111110100110001 [
1+
#166360000
0+
#166380000
b101111110100110000 [
b111 m
1%
1+
#166400000
0+
#166420000
b0 r
1;
1$
0%
b101111110100101111 [
1+
#166440000
0+
#166460000
b11101110 \
b11101110 X
0_
b101111110100101110 [
1#
0;
1+
#166480000
0+
#166500000
1_
1a
1^
b101111110100101101 [
1+
#166520000
0+
#166540000
b101111110100101100 [
0^
0a
b1 r
b0 m
0$
1+
#166560000
0+
#166580000
b1 m
1%
0#
b101111110100101011 [
1+
#166600000
0+
#166620000
b101111110100101010 [
0%
1+
#166640000
0+
#166660000
b10 m
1%
b101111110100101001 [
1+
#166680000
0+
#166700000
b101111110100101000 [
0%
1+
#166720000
0+
#166740000
b11 m
1%
b101111110100100111 [
1+
#166760000
0+
#166780000
b101111110100100110 [
0%
1+
#166800000
0+
#166820000
b100 m
1%
b101111110100100101 [
1+
#166840000
0+
#166860000
b101111110100100100 [
0%
1+
#166880000
0+
#166900000
b101 m
1%
b101111110100100011 [
1+
#166920000
0+
#166940000
b101111110100100010 [
0%
1+
#166960000
0+
#166980000
b110 m
1%
b101111110100100001 [
1+
#167000000
0+
#167020000
b101111110100100000 [
0%
1+
#167040000
0+
#167060000
b111 m
1%
b101111110100011111 [
1+
#167080000
0+
#167100000
b101111110100011110 [
b0 r
1;
1$
0%
1+
#167120000
0+
#167140000
1#
0;
b11101111 \
b11101111 X
0_
b101111110100011101 [
1+
#167160000
0+
#167180000
1_
1a
1^
b101111110100011100 [
1+
#167200000
0+
#167220000
b1 r
b0 m
0$
b101111110100011011 [
0^
0a
1+
#167240000
0+
#167260000
b101111110100011010 [
b1 m
1%
0#
1+
#167280000
0+
#167300000
0%
b101111110100011001 [
1+
#167320000
0+
#167340000
b101111110100011000 [
b10 m
1%
1+
#167360000
0+
#167380000
0%
b101111110100010111 [
1+
#167400000
0+
#167420000
b101111110100010110 [
b11 m
1%
1+
#167440000
0+
#167460000
0%
b101111110100010101 [
1+
#167480000
0+
#167500000
b101111110100010100 [
b100 m
1%
1+
#167520000
0+
#167540000
0%
b101111110100010011 [
1+
#167560000
0+
#167580000
b101111110100010010 [
b101 m
1%
1+
#167600000
0+
#167620000
0%
b101111110100010001 [
1+
#167640000
0+
#167660000
b101111110100010000 [
b110 m
1%
1+
#167680000
0+
#167700000
0%
b101111110100001111 [
1+
#167720000
0+
#167740000
b101111110100001110 [
b111 m
1%
1+
#167760000
0+
#167780000
b0 r
1;
1$
0%
b101111110100001101 [
1+
#167800000
0+
#167820000
b11110000 \
b11110000 X
0_
b101111110100001100 [
1#
0;
1+
#167840000
0+
#167860000
1_
1a
1^
b101111110100001011 [
1+
#167880000
0+
#167900000
b101111110100001010 [
0^
0a
b1 r
b0 m
0$
1+
#167920000
0+
#167940000
b1 m
1%
0#
b101111110100001001 [
1+
#167960000
0+
#167980000
b101111110100001000 [
0%
1+
#168000000
0+
#168020000
b10 m
1%
b101111110100000111 [
1+
#168040000
0+
#168060000
b101111110100000110 [
0%
1+
#168080000
0+
#168100000
b11 m
1%
b101111110100000101 [
1+
#168120000
0+
#168140000
b101111110100000100 [
0%
1+
#168160000
0+
#168180000
b100 m
1%
b101111110100000011 [
1+
#168200000
0+
#168220000
b101111110100000010 [
0%
1+
#168240000
0+
#168260000
b101 m
1%
b101111110100000001 [
1+
#168280000
0+
#168300000
b101111110100000000 [
0%
1+
#168320000
0+
#168340000
b110 m
1%
b101111110011111111 [
1+
#168360000
0+
#168380000
b101111110011111110 [
0%
1+
#168400000
0+
#168420000
b111 m
1%
b101111110011111101 [
1+
#168440000
0+
#168460000
b101111110011111100 [
b0 r
1;
1$
0%
1+
#168480000
0+
#168500000
1#
0;
b11110001 \
b11110001 X
0_
b101111110011111011 [
1+
#168520000
0+
#168540000
1_
1a
1^
b101111110011111010 [
1+
#168560000
0+
#168580000
b1 r
b0 m
0$
b101111110011111001 [
0^
0a
1+
#168600000
0+
#168620000
b101111110011111000 [
b1 m
1%
0#
1+
#168640000
0+
#168660000
0%
b101111110011110111 [
1+
#168680000
0+
#168700000
b101111110011110110 [
b10 m
1%
1+
#168720000
0+
#168740000
0%
b101111110011110101 [
1+
#168760000
0+
#168780000
b101111110011110100 [
b11 m
1%
1+
#168800000
0+
#168820000
0%
b101111110011110011 [
1+
#168840000
0+
#168860000
b101111110011110010 [
b100 m
1%
1+
#168880000
0+
#168900000
0%
b101111110011110001 [
1+
#168920000
0+
#168940000
b101111110011110000 [
b101 m
1%
1+
#168960000
0+
#168980000
0%
b101111110011101111 [
1+
#169000000
0+
#169020000
b101111110011101110 [
b110 m
1%
1+
#169040000
0+
#169060000
0%
b101111110011101101 [
1+
#169080000
0+
#169100000
b101111110011101100 [
b111 m
1%
1+
#169120000
0+
#169140000
b0 r
1;
1$
0%
b101111110011101011 [
1+
#169160000
0+
#169180000
b11110010 \
b11110010 X
0_
b101111110011101010 [
1#
0;
1+
#169200000
0+
#169220000
1_
1a
1^
b101111110011101001 [
1+
#169240000
0+
#169260000
b101111110011101000 [
0^
0a
b1 r
b0 m
0$
1+
#169280000
0+
#169300000
b1 m
1%
0#
b101111110011100111 [
1+
#169320000
0+
#169340000
b101111110011100110 [
0%
1+
#169360000
0+
#169380000
b10 m
1%
b101111110011100101 [
1+
#169400000
0+
#169420000
b101111110011100100 [
0%
1+
#169440000
0+
#169460000
b11 m
1%
b101111110011100011 [
1+
#169480000
0+
#169500000
b101111110011100010 [
0%
1+
#169520000
0+
#169540000
b100 m
1%
b101111110011100001 [
1+
#169560000
0+
#169580000
b101111110011100000 [
0%
1+
#169600000
0+
#169620000
b101 m
1%
b101111110011011111 [
1+
#169640000
0+
#169660000
b101111110011011110 [
0%
1+
#169680000
0+
#169700000
b110 m
1%
b101111110011011101 [
1+
#169720000
0+
#169740000
b101111110011011100 [
0%
1+
#169760000
0+
#169780000
b111 m
1%
b101111110011011011 [
1+
#169800000
0+
#169820000
b101111110011011010 [
b0 r
1;
1$
0%
1+
#169840000
0+
#169860000
1#
0;
b11110011 \
b11110011 X
0_
b101111110011011001 [
1+
#169880000
0+
#169900000
1_
1a
1^
b101111110011011000 [
1+
#169920000
0+
#169940000
b1 r
b0 m
0$
b101111110011010111 [
0^
0a
1+
#169960000
0+
#169980000
b101111110011010110 [
b1 m
1%
0#
1+
#170000000
0+
#170020000
0%
b101111110011010101 [
1+
#170040000
0+
#170060000
b101111110011010100 [
b10 m
1%
1+
#170080000
0+
#170100000
0%
b101111110011010011 [
1+
#170120000
0+
#170140000
b101111110011010010 [
b11 m
1%
1+
#170160000
0+
#170180000
0%
b101111110011010001 [
1+
#170200000
0+
#170220000
b101111110011010000 [
b100 m
1%
1+
#170240000
0+
#170260000
0%
b101111110011001111 [
1+
#170280000
0+
#170300000
b101111110011001110 [
b101 m
1%
1+
#170320000
0+
#170340000
0%
b101111110011001101 [
1+
#170360000
0+
#170380000
b101111110011001100 [
b110 m
1%
1+
#170400000
0+
#170420000
0%
b101111110011001011 [
1+
#170440000
0+
#170460000
b101111110011001010 [
b111 m
1%
1+
#170480000
0+
#170500000
b0 r
1;
1$
0%
b101111110011001001 [
1+
#170520000
0+
#170540000
b11110100 \
b11110100 X
0_
b101111110011001000 [
1#
0;
1+
#170560000
0+
#170580000
1_
1a
1^
b101111110011000111 [
1+
#170600000
0+
#170620000
b101111110011000110 [
0^
0a
b1 r
b0 m
0$
1+
#170640000
0+
#170660000
b1 m
1%
0#
b101111110011000101 [
1+
#170680000
0+
#170700000
b101111110011000100 [
0%
1+
#170720000
0+
#170740000
b10 m
1%
b101111110011000011 [
1+
#170760000
0+
#170780000
b101111110011000010 [
0%
1+
#170800000
0+
#170820000
b11 m
1%
b101111110011000001 [
1+
#170840000
0+
#170860000
b101111110011000000 [
0%
1+
#170880000
0+
#170900000
b100 m
1%
b101111110010111111 [
1+
#170920000
0+
#170940000
b101111110010111110 [
0%
1+
#170960000
0+
#170980000
b101 m
1%
b101111110010111101 [
1+
#171000000
0+
#171020000
b101111110010111100 [
0%
1+
#171040000
0+
#171060000
b110 m
1%
b101111110010111011 [
1+
#171080000
0+
#171100000
b101111110010111010 [
0%
1+
#171120000
0+
#171140000
b111 m
1%
b101111110010111001 [
1+
#171160000
0+
#171180000
b101111110010111000 [
b0 r
1;
1$
0%
1+
#171200000
0+
#171220000
1#
0;
b11110101 \
b11110101 X
0_
b101111110010110111 [
1+
#171240000
0+
#171260000
1_
1a
1^
b101111110010110110 [
1+
#171280000
0+
#171300000
b1 r
b0 m
0$
b101111110010110101 [
0^
0a
1+
#171320000
0+
#171340000
b101111110010110100 [
b1 m
1%
0#
1+
#171360000
0+
#171380000
0%
b101111110010110011 [
1+
#171400000
0+
#171420000
b101111110010110010 [
b10 m
1%
1+
#171440000
0+
#171460000
0%
b101111110010110001 [
1+
#171480000
0+
#171500000
b101111110010110000 [
b11 m
1%
1+
#171520000
0+
#171540000
0%
b101111110010101111 [
1+
#171560000
0+
#171580000
b101111110010101110 [
b100 m
1%
1+
#171600000
0+
#171620000
0%
b101111110010101101 [
1+
#171640000
0+
#171660000
b101111110010101100 [
b101 m
1%
1+
#171680000
0+
#171700000
0%
b101111110010101011 [
1+
#171720000
0+
#171740000
b101111110010101010 [
b110 m
1%
1+
#171760000
0+
#171780000
0%
b101111110010101001 [
1+
#171800000
0+
#171820000
b101111110010101000 [
b111 m
1%
1+
#171840000
0+
#171860000
b0 r
1;
1$
0%
b101111110010100111 [
1+
#171880000
0+
#171900000
b11110110 \
b11110110 X
0_
b101111110010100110 [
1#
0;
1+
#171920000
0+
#171940000
1_
1a
1^
b101111110010100101 [
1+
#171960000
0+
#171980000
b101111110010100100 [
0^
0a
b1 r
b0 m
0$
1+
#172000000
0+
#172020000
b1 m
1%
0#
b101111110010100011 [
1+
#172040000
0+
#172060000
b101111110010100010 [
0%
1+
#172080000
0+
#172100000
b10 m
1%
b101111110010100001 [
1+
#172120000
0+
#172140000
b101111110010100000 [
0%
1+
#172160000
0+
#172180000
b11 m
1%
b101111110010011111 [
1+
#172200000
0+
#172220000
b101111110010011110 [
0%
1+
#172240000
0+
#172260000
b100 m
1%
b101111110010011101 [
1+
#172280000
0+
#172300000
b101111110010011100 [
0%
1+
#172320000
0+
#172340000
b101 m
1%
b101111110010011011 [
1+
#172360000
0+
#172380000
b101111110010011010 [
0%
1+
#172400000
0+
#172420000
b110 m
1%
b101111110010011001 [
1+
#172440000
0+
#172460000
b101111110010011000 [
0%
1+
#172480000
0+
#172500000
b111 m
1%
b101111110010010111 [
1+
#172520000
0+
#172540000
b101111110010010110 [
b0 r
1;
1$
0%
1+
#172560000
0+
#172580000
1#
0;
b11110111 \
b11110111 X
0_
b101111110010010101 [
1+
#172600000
0+
#172620000
1_
1a
1^
b101111110010010100 [
1+
#172640000
0+
#172660000
b1 r
b0 m
0$
b101111110010010011 [
0^
0a
1+
#172680000
0+
#172700000
b101111110010010010 [
b1 m
1%
0#
1+
#172720000
0+
#172740000
0%
b101111110010010001 [
1+
#172760000
0+
#172780000
b101111110010010000 [
b10 m
1%
1+
#172800000
0+
#172820000
0%
b101111110010001111 [
1+
#172840000
0+
#172860000
b101111110010001110 [
b11 m
1%
1+
#172880000
0+
#172900000
0%
b101111110010001101 [
1+
#172920000
0+
#172940000
b101111110010001100 [
b100 m
1%
1+
#172960000
0+
#172980000
0%
b101111110010001011 [
1+
#173000000
0+
#173020000
b101111110010001010 [
b101 m
1%
1+
#173040000
0+
#173060000
0%
b101111110010001001 [
1+
#173080000
0+
#173100000
b101111110010001000 [
b110 m
1%
1+
#173120000
0+
#173140000
0%
b101111110010000111 [
1+
#173160000
0+
#173180000
b101111110010000110 [
b111 m
1%
1+
#173200000
0+
#173220000
b0 r
1;
1$
0%
b101111110010000101 [
1+
#173240000
0+
#173260000
b11111000 \
b11111000 X
0_
b101111110010000100 [
1#
0;
1+
#173280000
0+
#173300000
1_
1a
1^
b101111110010000011 [
1+
#173320000
0+
#173340000
b101111110010000010 [
0^
0a
b1 r
b0 m
0$
1+
#173360000
0+
#173380000
b1 m
1%
0#
b101111110010000001 [
1+
#173400000
0+
#173420000
b101111110010000000 [
0%
1+
#173440000
0+
#173460000
b10 m
1%
b101111110001111111 [
1+
#173480000
0+
#173500000
b101111110001111110 [
0%
1+
#173520000
0+
#173540000
b11 m
1%
b101111110001111101 [
1+
#173560000
0+
#173580000
b101111110001111100 [
0%
1+
#173600000
0+
#173620000
b100 m
1%
b101111110001111011 [
1+
#173640000
0+
#173660000
b101111110001111010 [
0%
1+
#173680000
0+
#173700000
b101 m
1%
b101111110001111001 [
1+
#173720000
0+
#173740000
b101111110001111000 [
0%
1+
#173760000
0+
#173780000
b110 m
1%
b101111110001110111 [
1+
#173800000
0+
#173820000
b101111110001110110 [
0%
1+
#173840000
0+
#173860000
b111 m
1%
b101111110001110101 [
1+
#173880000
0+
#173900000
b101111110001110100 [
b0 r
1;
1$
0%
1+
#173920000
0+
#173940000
1#
0;
b11111001 \
b11111001 X
0_
b101111110001110011 [
1+
#173960000
0+
#173980000
1_
1a
1^
b101111110001110010 [
1+
#174000000
0+
#174020000
b1 r
b0 m
0$
b101111110001110001 [
0^
0a
1+
#174040000
0+
#174060000
b101111110001110000 [
b1 m
1%
0#
1+
#174080000
0+
#174100000
0%
b101111110001101111 [
1+
#174120000
0+
#174140000
b101111110001101110 [
b10 m
1%
1+
#174160000
0+
#174180000
0%
b101111110001101101 [
1+
#174200000
0+
#174220000
b101111110001101100 [
b11 m
1%
1+
#174240000
0+
#174260000
0%
b101111110001101011 [
1+
#174280000
0+
#174300000
b101111110001101010 [
b100 m
1%
1+
#174320000
0+
#174340000
0%
b101111110001101001 [
1+
#174360000
0+
#174380000
b101111110001101000 [
b101 m
1%
1+
#174400000
0+
#174420000
0%
b101111110001100111 [
1+
#174440000
0+
#174460000
b101111110001100110 [
b110 m
1%
1+
#174480000
0+
#174500000
0%
b101111110001100101 [
1+
#174520000
0+
#174540000
b101111110001100100 [
b111 m
1%
1+
#174560000
0+
#174580000
b0 r
1;
1$
0%
b101111110001100011 [
1+
#174600000
0+
#174620000
b11111010 \
b11111010 X
0_
b101111110001100010 [
1#
0;
1+
#174640000
0+
#174660000
1_
1a
1^
b101111110001100001 [
1+
#174680000
0+
#174700000
b101111110001100000 [
0^
0a
b1 r
b0 m
0$
1+
#174720000
0+
#174740000
b1 m
1%
0#
b101111110001011111 [
1+
#174760000
0+
#174780000
b101111110001011110 [
0%
1+
#174800000
0+
#174820000
b10 m
1%
b101111110001011101 [
1+
#174840000
0+
#174860000
b101111110001011100 [
0%
1+
#174880000
0+
#174900000
b11 m
1%
b101111110001011011 [
1+
#174920000
0+
#174940000
b101111110001011010 [
0%
1+
#174960000
0+
#174980000
b100 m
1%
b101111110001011001 [
1+
#175000000
0+
#175020000
b101111110001011000 [
0%
1+
#175040000
0+
#175060000
b101 m
1%
b101111110001010111 [
1+
#175080000
0+
#175100000
b101111110001010110 [
0%
1+
#175120000
0+
#175140000
b110 m
1%
b101111110001010101 [
1+
#175160000
0+
#175180000
b101111110001010100 [
0%
1+
#175200000
0+
#175220000
b111 m
1%
b101111110001010011 [
1+
#175240000
0+
#175260000
b101111110001010010 [
b0 r
1;
1$
0%
1+
#175280000
0+
#175300000
1#
0;
b11111011 \
b11111011 X
0_
b101111110001010001 [
1+
#175320000
0+
#175340000
1_
1a
1^
b101111110001010000 [
1+
#175360000
0+
#175380000
b1 r
b0 m
0$
b101111110001001111 [
0^
0a
1+
#175400000
0+
#175420000
b101111110001001110 [
b1 m
1%
0#
1+
#175440000
0+
#175460000
0%
b101111110001001101 [
1+
#175480000
0+
#175500000
b101111110001001100 [
b10 m
1%
1+
#175520000
0+
#175540000
0%
b101111110001001011 [
1+
#175560000
0+
#175580000
b101111110001001010 [
b11 m
1%
1+
#175600000
0+
#175620000
0%
b101111110001001001 [
1+
#175640000
0+
#175660000
b101111110001001000 [
b100 m
1%
1+
#175680000
0+
#175700000
0%
b101111110001000111 [
1+
#175720000
0+
#175740000
b101111110001000110 [
b101 m
1%
1+
#175760000
0+
#175780000
0%
b101111110001000101 [
1+
#175800000
0+
#175820000
b101111110001000100 [
b110 m
1%
1+
#175840000
0+
#175860000
0%
b101111110001000011 [
1+
#175880000
0+
#175900000
b101111110001000010 [
b111 m
1%
1+
#175920000
0+
#175940000
b0 r
1;
1$
0%
b101111110001000001 [
1+
#175960000
0+
#175980000
b11111100 \
b11111100 X
0_
b101111110001000000 [
1#
0;
1+
#176000000
0+
#176020000
1_
1a
1^
b101111110000111111 [
1+
#176040000
0+
#176060000
b101111110000111110 [
0^
0a
b1 r
b0 m
0$
1+
#176080000
0+
#176100000
b1 m
1%
0#
b101111110000111101 [
1+
#176120000
0+
#176140000
b101111110000111100 [
0%
1+
#176160000
0+
#176180000
b10 m
1%
b101111110000111011 [
1+
#176200000
0+
#176220000
b101111110000111010 [
0%
1+
#176240000
0+
#176260000
b11 m
1%
b101111110000111001 [
1+
#176280000
0+
#176300000
b101111110000111000 [
0%
1+
#176320000
0+
#176340000
b100 m
1%
b101111110000110111 [
1+
#176360000
0+
#176380000
b101111110000110110 [
0%
1+
#176400000
0+
#176420000
b101 m
1%
b101111110000110101 [
1+
#176440000
0+
#176460000
b101111110000110100 [
0%
1+
#176480000
0+
#176500000
b110 m
1%
b101111110000110011 [
1+
#176520000
0+
#176540000
b101111110000110010 [
0%
1+
#176560000
0+
#176580000
b111 m
1%
b101111110000110001 [
1+
#176600000
0+
#176620000
b101111110000110000 [
b0 r
1;
1$
0%
1+
#176640000
0+
#176660000
1#
0;
b11111101 \
b11111101 X
0_
b101111110000101111 [
1+
#176680000
0+
#176700000
1_
1a
1^
b101111110000101110 [
1+
#176720000
0+
#176740000
b1 r
b0 m
0$
b101111110000101101 [
0^
0a
1+
#176760000
0+
#176780000
b101111110000101100 [
b1 m
1%
0#
1+
#176800000
0+
#176820000
0%
b101111110000101011 [
1+
#176840000
0+
#176860000
b101111110000101010 [
b10 m
1%
1+
#176880000
0+
#176900000
0%
b101111110000101001 [
1+
#176920000
0+
#176940000
b101111110000101000 [
b11 m
1%
1+
#176960000
0+
#176980000
0%
b101111110000100111 [
1+
#177000000
0+
#177020000
b101111110000100110 [
b100 m
1%
1+
#177040000
0+
#177060000
0%
b101111110000100101 [
1+
#177080000
0+
#177100000
b101111110000100100 [
b101 m
1%
1+
#177120000
0+
#177140000
0%
b101111110000100011 [
1+
#177160000
0+
#177180000
b101111110000100010 [
b110 m
1%
1+
#177200000
0+
#177220000
0%
b101111110000100001 [
1+
#177240000
0+
#177260000
b101111110000100000 [
b111 m
1%
1+
#177280000
0+
#177300000
b0 r
1;
1$
0%
b101111110000011111 [
1+
#177320000
0+
#177340000
b11111110 \
b11111110 X
0_
b101111110000011110 [
1#
0;
1+
#177360000
0+
#177380000
1_
1a
1^
b101111110000011101 [
1+
#177400000
0+
#177420000
b101111110000011100 [
0^
0a
b1 r
b0 m
0$
1+
#177440000
0+
#177460000
b1 m
1%
0#
b101111110000011011 [
1+
#177480000
0+
#177500000
b101111110000011010 [
0%
1+
#177520000
0+
#177540000
b10 m
1%
b101111110000011001 [
1+
#177560000
0+
#177580000
b101111110000011000 [
0%
1+
#177600000
0+
#177620000
b11 m
1%
b101111110000010111 [
1+
#177640000
0+
#177660000
b101111110000010110 [
0%
1+
#177680000
0+
#177700000
b100 m
1%
b101111110000010101 [
1+
#177720000
0+
#177740000
b101111110000010100 [
0%
1+
#177760000
0+
#177780000
b101 m
1%
b101111110000010011 [
1+
#177800000
0+
#177820000
b101111110000010010 [
0%
1+
#177840000
0+
#177860000
b110 m
1%
b101111110000010001 [
1+
#177880000
0+
#177900000
b101111110000010000 [
0%
1+
#177920000
0+
#177940000
b111 m
1%
b101111110000001111 [
1+
#177960000
0+
#177980000
b101111110000001110 [
b0 r
1;
1$
0%
1+
#178000000
0+
#178020000
1#
0;
b11111111 \
b11111111 X
0_
b101111110000001101 [
1+
#178040000
0+
#178060000
b11111111 .
1_
1a
b101111110000001100 [
1+
#178080000
0+
#178100000
b1 r
b0 m
0$
b101111110000001011 [
0a
1+
#178120000
0+
#178140000
b101111110000001010 [
b1 m
1%
0#
1+
#178160000
0+
#178180000
0%
b101111110000001001 [
1+
#178200000
0+
#178220000
b101111110000001000 [
b10 m
1%
1+
#178240000
0+
#178260000
0%
b101111110000000111 [
1+
#178280000
0+
#178300000
b101111110000000110 [
b11 m
1%
1+
#178320000
0+
#178340000
0%
b101111110000000101 [
1+
#178360000
0+
#178380000
b101111110000000100 [
b100 m
1%
1+
#178400000
0+
#178420000
0%
b101111110000000011 [
1+
#178440000
0+
#178460000
b101111110000000010 [
b101 m
1%
1+
#178480000
0+
#178500000
0%
b101111110000000001 [
1+
#178520000
0+
#178540000
b101111110000000000 [
b110 m
1%
1+
#178560000
0+
#178580000
0%
b101111101111111111 [
1+
#178600000
0+
#178620000
b101111101111111110 [
b111 m
1%
1+
#178640000
0+
#178660000
b0 r
1;
1$
0%
b101111101111111101 [
1+
#178680000
0+
#178700000
b0 \
b100000000 X
0_
b101111101111111100 [
1#
0;
1+
#178720000
0+
#178740000
b0 b
0W
b101111101111111011 [
b100000000 .
1+
#178760000
0+
#178780000
b0 /
16
1+
#178800000
0+
#178820000
1:
1>
b1000 =
13
1,
14
b10000000000000111000000001000 *
b10000000000000111000000001000 7
1+
#178840000
0+
#178860000
1'
1+
#178880000
0+
#178900000
1'
1+
#178920000
0+
#178940000
0>
b0 =
0:
b0 *
b0 7
04
03
0,
1'
b0 5
1+
#178960000
0+
#178980000
1:
1>
b1100 =
0'
13
1,
14
b10000000000000111000000001100 *
b10000000000000111000000001100 7
1+
#179000000
0+
#179020000
0>
b0 =
0:
b0 *
b0 7
04
03
0,
1'
b1 \
b1 5
1+
#179040000
0+
#179060000
1:
1>
b1100 =
0'
13
1,
14
b1 -
b1 8
b10000000000000111000000001100 *
b10000000000000111000000001100 7
1+
#179080000
0+
#179100000
0>
b0 =
0:
b0 -
b0 8
b0 *
b0 7
04
03
0,
1'
b10 \
b10 5
1+
#179120000
0+
#179140000
1:
1>
b1100 =
0'
13
1,
14
b10 -
b10 8
b10000000000000111000000001100 *
b10000000000000111000000001100 7
1+
#179160000
0+
#179180000
0>
b0 =
0:
b0 -
b0 8
b0 *
b0 7
04
03
0,
1'
b11 \
b11 5
1+
#179200000
0+
#179220000
1:
1>
b1100 =
0'
13
1,
14
b11 -
b11 8
b10000000000000111000000001100 *
b10000000000000111000000001100 7
1+
#179240000
0+
#179260000
0>
b0 =
0:
b0 -
b0 8
b0 *
b0 7
04
03
0,
1'
b100 \
b100 5
1+
#179280000
0+
#179300000
1:
1>
b1100 =
0'
13
1,
14
b100 -
b100 8
b10000000000000111000000001100 *
b10000000000000111000000001100 7
1+
#179320000
0+
#179340000
0>
b0 =
0:
b0 -
b0 8
b0 *
b0 7
04
03
0,
1'
b101 \
b101 5
1+
#179360000
0+
#179380000
1:
1>
b1100 =
0'
13
1,
14
b101 -
b101 8
b10000000000000111000000001100 *
b10000000000000111000000001100 7
1+
#179400000
0+
#179420000
0>
b0 =
0:
b0 -
b0 8
b0 *
b0 7
04
03
0,
1'
b110 \
b110 5
1+
#179440000
0+
#179460000
1:
1>
b1100 =
0'
13
1,
14
b110 -
b110 8
b10000000000000111000000001100 *
b10000000000000111000000001100 7
1+
#179480000
0+
#179500000
0>
b0 =
0:
b0 -
b0 8
b0 *
b0 7
04
03
0,
1'
b111 \
b111 5
1+
#179520000
0+
#179540000
1:
1>
b1100 =
0'
13
1,
14
b111 -
b111 8
b10000000000000111000000001100 *
b10000000000000111000000001100 7
1+
#179560000
0+
#179580000
0>
b0 =
0:
b0 -
b0 8
b0 *
b0 7
04
03
0,
1'
b1000 \
b1000 5
1+
#179600000
0+
#179620000
1:
1>
b1100 =
0'
13
1,
14
b1000 -
b1000 8
b10000000000000111000000001100 *
b10000000000000111000000001100 7
1+
#179640000
0+
#179660000
0>
b0 =
0:
b0 -
b0 8
b0 *
b0 7
04
03
0,
1'
b1001 \
b1001 5
1+
#179680000
0+
#179700000
1:
1>
b1100 =
0'
13
1,
14
b1001 -
b1001 8
b10000000000000111000000001100 *
b10000000000000111000000001100 7
1+
#179720000
0+
#179740000
0>
b0 =
0:
b0 -
b0 8
b0 *
b0 7
04
03
0,
1'
b1010 \
b1010 5
1+
#179760000
0+
#179780000
1:
1>
b1100 =
0'
13
1,
14
b1010 -
b1010 8
b10000000000000111000000001100 *
b10000000000000111000000001100 7
1+
#179800000
0+
#179820000
0>
b0 =
0:
b0 -
b0 8
b0 *
b0 7
04
03
0,
1'
b1011 \
b1011 5
1+
#179840000
0+
#179860000
1:
1>
b1100 =
0'
13
1,
14
b1011 -
b1011 8
b10000000000000111000000001100 *
b10000000000000111000000001100 7
1+
#179880000
0+
#179900000
0>
b0 =
0:
b0 -
b0 8
b0 *
b0 7
04
03
0,
1'
b1100 \
b1100 5
1+
#179920000
0+
#179940000
1:
1>
b1100 =
0'
13
1,
14
b1100 -
b1100 8
b10000000000000111000000001100 *
b10000000000000111000000001100 7
1+
#179960000
0+
#179980000
0>
b0 =
0:
b0 -
b0 8
b0 *
b0 7
04
03
0,
1'
b1101 \
b1101 5
1+
#180000000
0+
#180020000
1:
1>
b1100 =
0'
13
1,
14
b1101 -
b1101 8
b10000000000000111000000001100 *
b10000000000000111000000001100 7
1+
#180040000
0+
#180060000
0>
b0 =
0:
b0 -
b0 8
b0 *
b0 7
04
03
0,
1'
b1110 \
b1110 5
1+
#180080000
0+
#180100000
1:
1>
b1100 =
0'
13
1,
14
b1110 -
b1110 8
b10000000000000111000000001100 *
b10000000000000111000000001100 7
1+
#180120000
0+
#180140000
0>
b0 =
0:
b0 -
b0 8
b0 *
b0 7
04
03
0,
1'
b1111 \
b1111 5
1+
#180160000
0+
#180180000
1:
1>
b1100 =
0'
13
1,
14
b1111 -
b1111 8
b10000000000000111000000001100 *
b10000000000000111000000001100 7
1+
#180200000
0+
#180220000
0>
b0 =
0:
b0 -
b0 8
b0 *
b0 7
04
03
0,
1'
b10000 \
b10000 5
1+
#180240000
0+
#180260000
1:
1>
b1100 =
0'
13
1,
14
b10000 -
b10000 8
b10000000000000111000000001100 *
b10000000000000111000000001100 7
1+
#180280000
0+
#180300000
0>
b0 =
0:
b0 -
b0 8
b0 *
b0 7
04
03
0,
1'
b10001 \
b10001 5
1+
#180320000
0+
#180340000
1:
1>
b1100 =
0'
13
1,
14
b10001 -
b10001 8
b10000000000000111000000001100 *
b10000000000000111000000001100 7
1+
#180360000
0+
#180380000
0>
b0 =
0:
b0 -
b0 8
b0 *
b0 7
04
03
0,
1'
b10010 \
b10010 5
1+
#180400000
0+
#180420000
1:
1>
b1100 =
0'
13
1,
14
b10010 -
b10010 8
b10000000000000111000000001100 *
b10000000000000111000000001100 7
1+
#180440000
0+
#180460000
0>
b0 =
0:
b0 -
b0 8
b0 *
b0 7
04
03
0,
1'
b10011 \
b10011 5
1+
#180480000
0+
#180500000
1:
1>
b1100 =
0'
13
1,
14
b10011 -
b10011 8
b10000000000000111000000001100 *
b10000000000000111000000001100 7
1+
#180520000
0+
#180540000
0>
b0 =
0:
b0 -
b0 8
b0 *
b0 7
04
03
0,
1'
b10100 \
b10100 5
1+
#180560000
0+
#180580000
1:
1>
b1100 =
0'
13
1,
14
b10100 -
b10100 8
b10000000000000111000000001100 *
b10000000000000111000000001100 7
1+
#180600000
0+
#180620000
0>
b0 =
0:
b0 -
b0 8
b0 *
b0 7
04
03
0,
1'
b10101 \
b10101 5
1+
#180640000
0+
#180660000
1:
1>
b1100 =
0'
13
1,
14
b10101 -
b10101 8
b10000000000000111000000001100 *
b10000000000000111000000001100 7
1+
#180680000
0+
#180700000
0>
b0 =
0:
b0 -
b0 8
b0 *
b0 7
04
03
0,
1'
b10110 \
b10110 5
1+
#180720000
0+
#180740000
1:
1>
b1100 =
0'
13
1,
14
b10110 -
b10110 8
b10000000000000111000000001100 *
b10000000000000111000000001100 7
1+
#180760000
0+
#180780000
0>
b0 =
0:
b0 -
b0 8
b0 *
b0 7
04
03
0,
1'
b10111 \
b10111 5
1+
#180800000
0+
#180820000
1:
1>
b1100 =
0'
13
1,
14
b10111 -
b10111 8
b10000000000000111000000001100 *
b10000000000000111000000001100 7
1+
#180840000
0+
#180860000
0>
b0 =
0:
b0 -
b0 8
b0 *
b0 7
04
03
0,
1'
b11000 \
b11000 5
1+
#180880000
0+
#180900000
1:
1>
b1100 =
0'
13
1,
14
b11000 -
b11000 8
b10000000000000111000000001100 *
b10000000000000111000000001100 7
1+
#180920000
0+
#180940000
0>
b0 =
0:
b0 -
b0 8
b0 *
b0 7
04
03
0,
1'
b11001 \
b11001 5
1+
#180960000
0+
#180980000
1:
1>
b1100 =
0'
13
1,
14
b11001 -
b11001 8
b10000000000000111000000001100 *
b10000000000000111000000001100 7
1+
#181000000
0+
#181020000
0>
b0 =
0:
b0 -
b0 8
b0 *
b0 7
04
03
0,
1'
b11010 \
b11010 5
1+
#181040000
0+
#181060000
1:
1>
b1100 =
0'
13
1,
14
b11010 -
b11010 8
b10000000000000111000000001100 *
b10000000000000111000000001100 7
1+
#181080000
0+
#181100000
0>
b0 =
0:
b0 -
b0 8
b0 *
b0 7
04
03
0,
1'
b11011 \
b11011 5
1+
#181120000
0+
#181140000
1:
1>
b1100 =
0'
13
1,
14
b11011 -
b11011 8
b10000000000000111000000001100 *
b10000000000000111000000001100 7
1+
#181160000
0+
#181180000
0>
b0 =
0:
b0 -
b0 8
b0 *
b0 7
04
03
0,
1'
b11100 \
b11100 5
1+
#181200000
0+
#181220000
1:
1>
b1100 =
0'
13
1,
14
b11100 -
b11100 8
b10000000000000111000000001100 *
b10000000000000111000000001100 7
1+
#181240000
0+
#181260000
0>
b0 =
0:
b0 -
b0 8
b0 *
b0 7
04
03
0,
1'
b11101 \
b11101 5
1+
#181280000
0+
#181300000
1:
1>
b1100 =
0'
13
1,
14
b11101 -
b11101 8
b10000000000000111000000001100 *
b10000000000000111000000001100 7
1+
#181320000
0+
#181340000
0>
b0 =
0:
b0 -
b0 8
b0 *
b0 7
04
03
0,
1'
b11110 \
b11110 5
1+
#181360000
0+
#181380000
1:
1>
b1100 =
0'
13
1,
14
b11110 -
b11110 8
b10000000000000111000000001100 *
b10000000000000111000000001100 7
1+
#181400000
0+
#181420000
0>
b0 =
0:
b0 -
b0 8
b0 *
b0 7
04
03
0,
1'
b11111 \
b11111 5
1+
#181440000
0+
#181460000
1:
1>
b1100 =
0'
13
1,
14
b11111 -
b11111 8
b10000000000000111000000001100 *
b10000000000000111000000001100 7
1+
#181480000
0+
#181500000
0>
b0 =
0:
b0 -
b0 8
b0 *
b0 7
04
03
0,
1'
b100000 \
b100000 5
1+
#181520000
0+
#181540000
1:
1>
b1100 =
0'
13
1,
14
b100000 -
b100000 8
b10000000000000111000000001100 *
b10000000000000111000000001100 7
1+
#181560000
0+
#181580000
0>
b0 =
0:
b0 -
b0 8
b0 *
b0 7
04
03
0,
1'
b100001 \
b100001 5
1+
#181600000
0+
#181620000
1:
1>
b1100 =
0'
13
1,
14
b100001 -
b100001 8
b10000000000000111000000001100 *
b10000000000000111000000001100 7
1+
#181640000
0+
#181660000
0>
b0 =
0:
b0 -
b0 8
b0 *
b0 7
04
03
0,
1'
b100010 \
b100010 5
1+
#181680000
0+
#181700000
1:
1>
b1100 =
0'
13
1,
14
b100010 -
b100010 8
b10000000000000111000000001100 *
b10000000000000111000000001100 7
1+
#181720000
0+
#181740000
0>
b0 =
0:
b0 -
b0 8
b0 *
b0 7
04
03
0,
1'
b100011 \
b100011 5
1+
#181760000
0+
#181780000
1:
1>
b1100 =
0'
13
1,
14
b100011 -
b100011 8
b10000000000000111000000001100 *
b10000000000000111000000001100 7
1+
#181800000
0+
#181820000
0>
b0 =
0:
b0 -
b0 8
b0 *
b0 7
04
03
0,
1'
b100100 \
b100100 5
1+
#181840000
0+
#181860000
1:
1>
b1100 =
0'
13
1,
14
b100100 -
b100100 8
b10000000000000111000000001100 *
b10000000000000111000000001100 7
1+
#181880000
0+
#181900000
0>
b0 =
0:
b0 -
b0 8
b0 *
b0 7
04
03
0,
1'
b100101 \
b100101 5
1+
#181920000
0+
#181940000
1:
1>
b1100 =
0'
13
1,
14
b100101 -
b100101 8
b10000000000000111000000001100 *
b10000000000000111000000001100 7
1+
#181960000
0+
#181980000
0>
b0 =
0:
b0 -
b0 8
b0 *
b0 7
04
03
0,
1'
b100110 \
b100110 5
1+
#182000000
0+
#182020000
1:
1>
b1100 =
0'
13
1,
14
b100110 -
b100110 8
b10000000000000111000000001100 *
b10000000000000111000000001100 7
1+
#182040000
0+
#182060000
0>
b0 =
0:
b0 -
b0 8
b0 *
b0 7
04
03
0,
1'
b100111 \
b100111 5
1+
#182080000
0+
#182100000
1:
1>
b1100 =
0'
13
1,
14
b100111 -
b100111 8
b10000000000000111000000001100 *
b10000000000000111000000001100 7
1+
#182120000
0+
#182140000
0>
b0 =
0:
b0 -
b0 8
b0 *
b0 7
04
03
0,
1'
b101000 \
b101000 5
1+
#182160000
0+
#182180000
1:
1>
b1100 =
0'
13
1,
14
b101000 -
b101000 8
b10000000000000111000000001100 *
b10000000000000111000000001100 7
1+
#182200000
0+
#182220000
0>
b0 =
0:
b0 -
b0 8
b0 *
b0 7
04
03
0,
1'
b101001 \
b101001 5
1+
#182240000
0+
#182260000
1:
1>
b1100 =
0'
13
1,
14
b101001 -
b101001 8
b10000000000000111000000001100 *
b10000000000000111000000001100 7
1+
#182280000
0+
#182300000
0>
b0 =
0:
b0 -
b0 8
b0 *
b0 7
04
03
0,
1'
b101010 \
b101010 5
1+
#182320000
0+
#182340000
1:
1>
b1100 =
0'
13
1,
14
b101010 -
b101010 8
b10000000000000111000000001100 *
b10000000000000111000000001100 7
1+
#182360000
0+
#182380000
0>
b0 =
0:
b0 -
b0 8
b0 *
b0 7
04
03
0,
1'
b101011 \
b101011 5
1+
#182400000
0+
#182420000
1:
1>
b1100 =
0'
13
1,
14
b101011 -
b101011 8
b10000000000000111000000001100 *
b10000000000000111000000001100 7
1+
#182440000
0+
#182460000
0>
b0 =
0:
b0 -
b0 8
b0 *
b0 7
04
03
0,
1'
b101100 \
b101100 5
1+
#182480000
0+
#182500000
1:
1>
b1100 =
0'
13
1,
14
b101100 -
b101100 8
b10000000000000111000000001100 *
b10000000000000111000000001100 7
1+
#182520000
0+
#182540000
0>
b0 =
0:
b0 -
b0 8
b0 *
b0 7
04
03
0,
1'
b101101 \
b101101 5
1+
#182560000
0+
#182580000
1:
1>
b1100 =
0'
13
1,
14
b101101 -
b101101 8
b10000000000000111000000001100 *
b10000000000000111000000001100 7
1+
#182600000
0+
#182620000
0>
b0 =
0:
b0 -
b0 8
b0 *
b0 7
04
03
0,
1'
b101110 \
b101110 5
1+
#182640000
0+
#182660000
1:
1>
b1100 =
0'
13
1,
14
b101110 -
b101110 8
b10000000000000111000000001100 *
b10000000000000111000000001100 7
1+
#182680000
0+
#182700000
0>
b0 =
0:
b0 -
b0 8
b0 *
b0 7
04
03
0,
1'
b101111 \
b101111 5
1+
#182720000
0+
#182740000
1:
1>
b1100 =
0'
13
1,
14
b101111 -
b101111 8
b10000000000000111000000001100 *
b10000000000000111000000001100 7
1+
#182760000
0+
#182780000
0>
b0 =
0:
b0 -
b0 8
b0 *
b0 7
04
03
0,
1'
b110000 \
b110000 5
1+
#182800000
0+
#182820000
1:
1>
b1100 =
0'
13
1,
14
b110000 -
b110000 8
b10000000000000111000000001100 *
b10000000000000111000000001100 7
1+
#182840000
0+
#182860000
0>
b0 =
0:
b0 -
b0 8
b0 *
b0 7
04
03
0,
1'
b110001 \
b110001 5
1+
#182880000
0+
#182900000
1:
1>
b1100 =
0'
13
1,
14
b110001 -
b110001 8
b10000000000000111000000001100 *
b10000000000000111000000001100 7
1+
#182920000
0+
#182940000
0>
b0 =
0:
b0 -
b0 8
b0 *
b0 7
04
03
0,
1'
b110010 \
b110010 5
1+
#182960000
0+
#182980000
1:
1>
b1100 =
0'
13
1,
14
b110010 -
b110010 8
b10000000000000111000000001100 *
b10000000000000111000000001100 7
1+
#183000000
0+
#183020000
0>
b0 =
0:
b0 -
b0 8
b0 *
b0 7
04
03
0,
1'
b110011 \
b110011 5
1+
#183040000
0+
#183060000
1:
1>
b1100 =
0'
13
1,
14
b110011 -
b110011 8
b10000000000000111000000001100 *
b10000000000000111000000001100 7
1+
#183080000
0+
#183100000
0>
b0 =
0:
b0 -
b0 8
b0 *
b0 7
04
03
0,
1'
b110100 \
b110100 5
1+
#183120000
0+
#183140000
1:
1>
b1100 =
0'
13
1,
14
b110100 -
b110100 8
b10000000000000111000000001100 *
b10000000000000111000000001100 7
1+
#183160000
0+
#183180000
0>
b0 =
0:
b0 -
b0 8
b0 *
b0 7
04
03
0,
1'
b110101 \
b110101 5
1+
#183200000
0+
#183220000
1:
1>
b1100 =
0'
13
1,
14
b110101 -
b110101 8
b10000000000000111000000001100 *
b10000000000000111000000001100 7
1+
#183240000
0+
#183260000
0>
b0 =
0:
b0 -
b0 8
b0 *
b0 7
04
03
0,
1'
b110110 \
b110110 5
1+
#183280000
0+
#183300000
1:
1>
b1100 =
0'
13
1,
14
b110110 -
b110110 8
b10000000000000111000000001100 *
b10000000000000111000000001100 7
1+
#183320000
0+
#183340000
0>
b0 =
0:
b0 -
b0 8
b0 *
b0 7
04
03
0,
1'
b110111 \
b110111 5
1+
#183360000
0+
#183380000
1:
1>
b1100 =
0'
13
1,
14
b110111 -
b110111 8
b10000000000000111000000001100 *
b10000000000000111000000001100 7
1+
#183400000
0+
#183420000
0>
b0 =
0:
b0 -
b0 8
b0 *
b0 7
04
03
0,
1'
b111000 \
b111000 5
1+
#183440000
0+
#183460000
1:
1>
b1100 =
0'
13
1,
14
b111000 -
b111000 8
b10000000000000111000000001100 *
b10000000000000111000000001100 7
1+
#183480000
0+
#183500000
0>
b0 =
0:
b0 -
b0 8
b0 *
b0 7
04
03
0,
1'
b111001 \
b111001 5
1+
#183520000
0+
#183540000
1:
1>
b1100 =
0'
13
1,
14
b111001 -
b111001 8
b10000000000000111000000001100 *
b10000000000000111000000001100 7
1+
#183560000
0+
#183580000
0>
b0 =
0:
b0 -
b0 8
b0 *
b0 7
04
03
0,
1'
b111010 \
b111010 5
1+
#183600000
0+
#183620000
1:
1>
b1100 =
0'
13
1,
14
b111010 -
b111010 8
b10000000000000111000000001100 *
b10000000000000111000000001100 7
1+
#183640000
0+
#183660000
0>
b0 =
0:
b0 -
b0 8
b0 *
b0 7
04
03
0,
1'
b111011 \
b111011 5
1+
#183680000
0+
#183700000
1:
1>
b1100 =
0'
13
1,
14
b111011 -
b111011 8
b10000000000000111000000001100 *
b10000000000000111000000001100 7
1+
#183720000
0+
#183740000
0>
b0 =
0:
b0 -
b0 8
b0 *
b0 7
04
03
0,
1'
b111100 \
b111100 5
1+
#183760000
0+
#183780000
1:
1>
b1100 =
0'
13
1,
14
b111100 -
b111100 8
b10000000000000111000000001100 *
b10000000000000111000000001100 7
1+
#183800000
0+
#183820000
0>
b0 =
0:
b0 -
b0 8
b0 *
b0 7
04
03
0,
1'
b111101 \
b111101 5
1+
#183840000
0+
#183860000
1:
1>
b1100 =
0'
13
1,
14
b111101 -
b111101 8
b10000000000000111000000001100 *
b10000000000000111000000001100 7
1+
#183880000
0+
#183900000
0>
b0 =
0:
b0 -
b0 8
b0 *
b0 7
04
03
0,
1'
b111110 \
b111110 5
1+
#183920000
0+
#183940000
1:
1>
b1100 =
0'
13
1,
14
b111110 -
b111110 8
b10000000000000111000000001100 *
b10000000000000111000000001100 7
1+
#183960000
0+
#183980000
0>
b0 =
0:
b0 -
b0 8
b0 *
b0 7
04
03
0,
1'
b111111 \
b111111 5
1+
#184000000
0+
#184020000
1:
1>
b1100 =
0'
13
1,
14
b111111 -
b111111 8
b10000000000000111000000001100 *
b10000000000000111000000001100 7
1+
#184040000
0+
#184060000
0>
b0 =
0:
b0 -
b0 8
b0 *
b0 7
04
03
0,
1'
b1000000 \
b1000000 5
1+
#184080000
0+
#184100000
1:
1>
b1100 =
0'
13
1,
14
b1000000 -
b1000000 8
b10000000000000111000000001100 *
b10000000000000111000000001100 7
1+
#184120000
0+
#184140000
0>
b0 =
0:
b0 -
b0 8
b0 *
b0 7
04
03
0,
1'
b1000001 \
b1000001 5
1+
#184160000
0+
#184180000
1:
1>
b1100 =
0'
13
1,
14
b1000001 -
b1000001 8
b10000000000000111000000001100 *
b10000000000000111000000001100 7
1+
#184200000
0+
#184220000
0>
b0 =
0:
b0 -
b0 8
b0 *
b0 7
04
03
0,
1'
b1000010 \
b1000010 5
1+
#184240000
0+
#184260000
1:
1>
b1100 =
0'
13
1,
14
b1000010 -
b1000010 8
b10000000000000111000000001100 *
b10000000000000111000000001100 7
1+
#184280000
0+
#184300000
0>
b0 =
0:
b0 -
b0 8
b0 *
b0 7
04
03
0,
1'
b1000011 \
b1000011 5
1+
#184320000
0+
#184340000
1:
1>
b1100 =
0'
13
1,
14
b1000011 -
b1000011 8
b10000000000000111000000001100 *
b10000000000000111000000001100 7
1+
#184360000
0+
#184380000
0>
b0 =
0:
b0 -
b0 8
b0 *
b0 7
04
03
0,
1'
b1000100 \
b1000100 5
1+
#184400000
0+
#184420000
1:
1>
b1100 =
0'
13
1,
14
b1000100 -
b1000100 8
b10000000000000111000000001100 *
b10000000000000111000000001100 7
1+
#184440000
0+
#184460000
0>
b0 =
0:
b0 -
b0 8
b0 *
b0 7
04
03
0,
1'
b1000101 \
b1000101 5
1+
#184480000
0+
#184500000
1:
1>
b1100 =
0'
13
1,
14
b1000101 -
b1000101 8
b10000000000000111000000001100 *
b10000000000000111000000001100 7
1+
#184520000
0+
#184540000
0>
b0 =
0:
b0 -
b0 8
b0 *
b0 7
04
03
0,
1'
b1000110 \
b1000110 5
1+
#184560000
0+
#184580000
1:
1>
b1100 =
0'
13
1,
14
b1000110 -
b1000110 8
b10000000000000111000000001100 *
b10000000000000111000000001100 7
1+
#184600000
0+
#184620000
0>
b0 =
0:
b0 -
b0 8
b0 *
b0 7
04
03
0,
1'
b1000111 \
b1000111 5
1+
#184640000
0+
#184660000
1:
1>
b1100 =
0'
13
1,
14
b1000111 -
b1000111 8
b10000000000000111000000001100 *
b10000000000000111000000001100 7
1+
#184680000
0+
#184700000
0>
b0 =
0:
b0 -
b0 8
b0 *
b0 7
04
03
0,
1'
b1001000 \
b1001000 5
1+
#184720000
0+
#184740000
1:
1>
b1100 =
0'
13
1,
14
b1001000 -
b1001000 8
b10000000000000111000000001100 *
b10000000000000111000000001100 7
1+
#184760000
0+
#184780000
0>
b0 =
0:
b0 -
b0 8
b0 *
b0 7
04
03
0,
1'
b1001001 \
b1001001 5
1+
#184800000
0+
#184820000
1:
1>
b1100 =
0'
13
1,
14
b1001001 -
b1001001 8
b10000000000000111000000001100 *
b10000000000000111000000001100 7
1+
#184840000
0+
#184860000
0>
b0 =
0:
b0 -
b0 8
b0 *
b0 7
04
03
0,
1'
b1001010 \
b1001010 5
1+
#184880000
0+
#184900000
1:
1>
b1100 =
0'
13
1,
14
b1001010 -
b1001010 8
b10000000000000111000000001100 *
b10000000000000111000000001100 7
1+
#184920000
0+
#184940000
0>
b0 =
0:
b0 -
b0 8
b0 *
b0 7
04
03
0,
1'
b1001011 \
b1001011 5
1+
#184960000
0+
#184980000
1:
1>
b1100 =
0'
13
1,
14
b1001011 -
b1001011 8
b10000000000000111000000001100 *
b10000000000000111000000001100 7
1+
#185000000
0+
#185020000
0>
b0 =
0:
b0 -
b0 8
b0 *
b0 7
04
03
0,
1'
b1001100 \
b1001100 5
1+
#185040000
0+
#185060000
1:
1>
b1100 =
0'
13
1,
14
b1001100 -
b1001100 8
b10000000000000111000000001100 *
b10000000000000111000000001100 7
1+
#185080000
0+
#185100000
0>
b0 =
0:
b0 -
b0 8
b0 *
b0 7
04
03
0,
1'
b1001101 \
b1001101 5
1+
#185120000
0+
#185140000
1:
1>
b1100 =
0'
13
1,
14
b1001101 -
b1001101 8
b10000000000000111000000001100 *
b10000000000000111000000001100 7
1+
#185160000
0+
#185180000
0>
b0 =
0:
b0 -
b0 8
b0 *
b0 7
04
03
0,
1'
b1001110 \
b1001110 5
1+
#185200000
0+
#185220000
1:
1>
b1100 =
0'
13
1,
14
b1001110 -
b1001110 8
b10000000000000111000000001100 *
b10000000000000111000000001100 7
1+
#185240000
0+
#185260000
0>
b0 =
0:
b0 -
b0 8
b0 *
b0 7
04
03
0,
1'
b1001111 \
b1001111 5
1+
#185280000
0+
#185300000
1:
1>
b1100 =
0'
13
1,
14
b1001111 -
b1001111 8
b10000000000000111000000001100 *
b10000000000000111000000001100 7
1+
#185320000
0+
#185340000
0>
b0 =
0:
b0 -
b0 8
b0 *
b0 7
04
03
0,
1'
b1010000 \
b1010000 5
1+
#185360000
0+
#185380000
1:
1>
b1100 =
0'
13
1,
14
b1010000 -
b1010000 8
b10000000000000111000000001100 *
b10000000000000111000000001100 7
1+
#185400000
0+
#185420000
0>
b0 =
0:
b0 -
b0 8
b0 *
b0 7
04
03
0,
1'
b1010001 \
b1010001 5
1+
#185440000
0+
#185460000
1:
1>
b1100 =
0'
13
1,
14
b1010001 -
b1010001 8
b10000000000000111000000001100 *
b10000000000000111000000001100 7
1+
#185480000
0+
#185500000
0>
b0 =
0:
b0 -
b0 8
b0 *
b0 7
04
03
0,
1'
b1010010 \
b1010010 5
1+
#185520000
0+
#185540000
1:
1>
b1100 =
0'
13
1,
14
b1010010 -
b1010010 8
b10000000000000111000000001100 *
b10000000000000111000000001100 7
1+
#185560000
0+
#185580000
0>
b0 =
0:
b0 -
b0 8
b0 *
b0 7
04
03
0,
1'
b1010011 \
b1010011 5
1+
#185600000
0+
#185620000
1:
1>
b1100 =
0'
13
1,
14
b1010011 -
b1010011 8
b10000000000000111000000001100 *
b10000000000000111000000001100 7
1+
#185640000
0+
#185660000
0>
b0 =
0:
b0 -
b0 8
b0 *
b0 7
04
03
0,
1'
b1010100 \
b1010100 5
1+
#185680000
0+
#185700000
1:
1>
b1100 =
0'
13
1,
14
b1010100 -
b1010100 8
b10000000000000111000000001100 *
b10000000000000111000000001100 7
1+
#185720000
0+
#185740000
0>
b0 =
0:
b0 -
b0 8
b0 *
b0 7
04
03
0,
1'
b1010101 \
b1010101 5
1+
#185760000
0+
#185780000
1:
1>
b1100 =
0'
13
1,
14
b1010101 -
b1010101 8
b10000000000000111000000001100 *
b10000000000000111000000001100 7
1+
#185800000
0+
#185820000
0>
b0 =
0:
b0 -
b0 8
b0 *
b0 7
04
03
0,
1'
b1010110 \
b1010110 5
1+
#185840000
0+
#185860000
1:
1>
b1100 =
0'
13
1,
14
b1010110 -
b1010110 8
b10000000000000111000000001100 *
b10000000000000111000000001100 7
1+
#185880000
0+
#185900000
0>
b0 =
0:
b0 -
b0 8
b0 *
b0 7
04
03
0,
1'
b1010111 \
b1010111 5
1+
#185920000
0+
#185940000
1:
1>
b1100 =
0'
13
1,
14
b1010111 -
b1010111 8
b10000000000000111000000001100 *
b10000000000000111000000001100 7
1+
#185960000
0+
#185980000
0>
b0 =
0:
b0 -
b0 8
b0 *
b0 7
04
03
0,
1'
b1011000 \
b1011000 5
1+
#186000000
0+
#186020000
1:
1>
b1100 =
0'
13
1,
14
b1011000 -
b1011000 8
b10000000000000111000000001100 *
b10000000000000111000000001100 7
1+
#186040000
0+
#186060000
0>
b0 =
0:
b0 -
b0 8
b0 *
b0 7
04
03
0,
1'
b1011001 \
b1011001 5
1+
#186080000
0+
#186100000
1:
1>
b1100 =
0'
13
1,
14
b1011001 -
b1011001 8
b10000000000000111000000001100 *
b10000000000000111000000001100 7
1+
#186120000
0+
#186140000
0>
b0 =
0:
b0 -
b0 8
b0 *
b0 7
04
03
0,
1'
b1011010 \
b1011010 5
1+
#186160000
0+
#186180000
1:
1>
b1100 =
0'
13
1,
14
b1011010 -
b1011010 8
b10000000000000111000000001100 *
b10000000000000111000000001100 7
1+
#186200000
0+
#186220000
0>
b0 =
0:
b0 -
b0 8
b0 *
b0 7
04
03
0,
1'
b1011011 \
b1011011 5
1+
#186240000
0+
#186260000
1:
1>
b1100 =
0'
13
1,
14
b1011011 -
b1011011 8
b10000000000000111000000001100 *
b10000000000000111000000001100 7
1+
#186280000
0+
#186300000
0>
b0 =
0:
b0 -
b0 8
b0 *
b0 7
04
03
0,
1'
b1011100 \
b1011100 5
1+
#186320000
0+
#186340000
1:
1>
b1100 =
0'
13
1,
14
b1011100 -
b1011100 8
b10000000000000111000000001100 *
b10000000000000111000000001100 7
1+
#186360000
0+
#186380000
0>
b0 =
0:
b0 -
b0 8
b0 *
b0 7
04
03
0,
1'
b1011101 \
b1011101 5
1+
#186400000
0+
#186420000
1:
1>
b1100 =
0'
13
1,
14
b1011101 -
b1011101 8
b10000000000000111000000001100 *
b10000000000000111000000001100 7
1+
#186440000
0+
#186460000
0>
b0 =
0:
b0 -
b0 8
b0 *
b0 7
04
03
0,
1'
b1011110 \
b1011110 5
1+
#186480000
0+
#186500000
1:
1>
b1100 =
0'
13
1,
14
b1011110 -
b1011110 8
b10000000000000111000000001100 *
b10000000000000111000000001100 7
1+
#186520000
0+
#186540000
0>
b0 =
0:
b0 -
b0 8
b0 *
b0 7
04
03
0,
1'
b1011111 \
b1011111 5
1+
#186560000
0+
#186580000
1:
1>
b1100 =
0'
13
1,
14
b1011111 -
b1011111 8
b10000000000000111000000001100 *
b10000000000000111000000001100 7
1+
#186600000
0+
#186620000
0>
b0 =
0:
b0 -
b0 8
b0 *
b0 7
04
03
0,
1'
b1100000 \
b1100000 5
1+
#186640000
0+
#186660000
1:
1>
b1100 =
0'
13
1,
14
b1100000 -
b1100000 8
b10000000000000111000000001100 *
b10000000000000111000000001100 7
1+
#186680000
0+
#186700000
0>
b0 =
0:
b0 -
b0 8
b0 *
b0 7
04
03
0,
1'
b1100001 \
b1100001 5
1+
#186720000
0+
#186740000
1:
1>
b1100 =
0'
13
1,
14
b1100001 -
b1100001 8
b10000000000000111000000001100 *
b10000000000000111000000001100 7
1+
#186760000
0+
#186780000
0>
b0 =
0:
b0 -
b0 8
b0 *
b0 7
04
03
0,
1'
b1100010 \
b1100010 5
1+
#186800000
0+
#186820000
1:
1>
b1100 =
0'
13
1,
14
b1100010 -
b1100010 8
b10000000000000111000000001100 *
b10000000000000111000000001100 7
1+
#186840000
0+
#186860000
0>
b0 =
0:
b0 -
b0 8
b0 *
b0 7
04
03
0,
1'
b1100011 \
b1100011 5
1+
#186880000
0+
#186900000
1:
1>
b1100 =
0'
13
1,
14
b1100011 -
b1100011 8
b10000000000000111000000001100 *
b10000000000000111000000001100 7
1+
#186920000
0+
#186940000
0>
b0 =
0:
b0 -
b0 8
b0 *
b0 7
04
03
0,
1'
b1100100 \
b1100100 5
1+
#186960000
0+
#186980000
1:
1>
b1100 =
0'
13
1,
14
b1100100 -
b1100100 8
b10000000000000111000000001100 *
b10000000000000111000000001100 7
1+
#187000000
0+
#187020000
0>
b0 =
0:
b0 -
b0 8
b0 *
b0 7
04
03
0,
1'
b1100101 \
b1100101 5
1+
#187040000
0+
#187060000
1:
1>
b1100 =
0'
13
1,
14
b1100101 -
b1100101 8
b10000000000000111000000001100 *
b10000000000000111000000001100 7
1+
#187080000
0+
#187100000
0>
b0 =
0:
b0 -
b0 8
b0 *
b0 7
04
03
0,
1'
b1100110 \
b1100110 5
1+
#187120000
0+
#187140000
1:
1>
b1100 =
0'
13
1,
14
b1100110 -
b1100110 8
b10000000000000111000000001100 *
b10000000000000111000000001100 7
1+
#187160000
0+
#187180000
0>
b0 =
0:
b0 -
b0 8
b0 *
b0 7
04
03
0,
1'
b1100111 \
b1100111 5
1+
#187200000
0+
#187220000
1:
1>
b1100 =
0'
13
1,
14
b1100111 -
b1100111 8
b10000000000000111000000001100 *
b10000000000000111000000001100 7
1+
#187240000
0+
#187260000
0>
b0 =
0:
b0 -
b0 8
b0 *
b0 7
04
03
0,
1'
b1101000 \
b1101000 5
1+
#187280000
0+
#187300000
1:
1>
b1100 =
0'
13
1,
14
b1101000 -
b1101000 8
b10000000000000111000000001100 *
b10000000000000111000000001100 7
1+
#187320000
0+
#187340000
0>
b0 =
0:
b0 -
b0 8
b0 *
b0 7
04
03
0,
1'
b1101001 \
b1101001 5
1+
#187360000
0+
#187380000
1:
1>
b1100 =
0'
13
1,
14
b1101001 -
b1101001 8
b10000000000000111000000001100 *
b10000000000000111000000001100 7
1+
#187400000
0+
#187420000
0>
b0 =
0:
b0 -
b0 8
b0 *
b0 7
04
03
0,
1'
b1101010 \
b1101010 5
1+
#187440000
0+
#187460000
1:
1>
b1100 =
0'
13
1,
14
b1101010 -
b1101010 8
b10000000000000111000000001100 *
b10000000000000111000000001100 7
1+
#187480000
0+
#187500000
0>
b0 =
0:
b0 -
b0 8
b0 *
b0 7
04
03
0,
1'
b1101011 \
b1101011 5
1+
#187520000
0+
#187540000
1:
1>
b1100 =
0'
13
1,
14
b1101011 -
b1101011 8
b10000000000000111000000001100 *
b10000000000000111000000001100 7
1+
#187560000
0+
#187580000
0>
b0 =
0:
b0 -
b0 8
b0 *
b0 7
04
03
0,
1'
b1101100 \
b1101100 5
1+
#187600000
0+
#187620000
1:
1>
b1100 =
0'
13
1,
14
b1101100 -
b1101100 8
b10000000000000111000000001100 *
b10000000000000111000000001100 7
1+
#187640000
0+
#187660000
0>
b0 =
0:
b0 -
b0 8
b0 *
b0 7
04
03
0,
1'
b1101101 \
b1101101 5
1+
#187680000
0+
#187700000
1:
1>
b1100 =
0'
13
1,
14
b1101101 -
b1101101 8
b10000000000000111000000001100 *
b10000000000000111000000001100 7
1+
#187720000
0+
#187740000
0>
b0 =
0:
b0 -
b0 8
b0 *
b0 7
04
03
0,
1'
b1101110 \
b1101110 5
1+
#187760000
0+
#187780000
1:
1>
b1100 =
0'
13
1,
14
b1101110 -
b1101110 8
b10000000000000111000000001100 *
b10000000000000111000000001100 7
1+
#187800000
0+
#187820000
0>
b0 =
0:
b0 -
b0 8
b0 *
b0 7
04
03
0,
1'
b1101111 \
b1101111 5
1+
#187840000
0+
#187860000
1:
1>
b1100 =
0'
13
1,
14
b1101111 -
b1101111 8
b10000000000000111000000001100 *
b10000000000000111000000001100 7
1+
#187880000
0+
#187900000
0>
b0 =
0:
b0 -
b0 8
b0 *
b0 7
04
03
0,
1'
b1110000 \
b1110000 5
1+
#187920000
0+
#187940000
1:
1>
b1100 =
0'
13
1,
14
b1110000 -
b1110000 8
b10000000000000111000000001100 *
b10000000000000111000000001100 7
1+
#187960000
0+
#187980000
0>
b0 =
0:
b0 -
b0 8
b0 *
b0 7
04
03
0,
1'
b1110001 \
b1110001 5
1+
#188000000
0+
#188020000
1:
1>
b1100 =
0'
13
1,
14
b1110001 -
b1110001 8
b10000000000000111000000001100 *
b10000000000000111000000001100 7
1+
#188040000
0+
#188060000
0>
b0 =
0:
b0 -
b0 8
b0 *
b0 7
04
03
0,
1'
b1110010 \
b1110010 5
1+
#188080000
0+
#188100000
1:
1>
b1100 =
0'
13
1,
14
b1110010 -
b1110010 8
b10000000000000111000000001100 *
b10000000000000111000000001100 7
1+
#188120000
0+
#188140000
0>
b0 =
0:
b0 -
b0 8
b0 *
b0 7
04
03
0,
1'
b1110011 \
b1110011 5
1+
#188160000
0+
#188180000
1:
1>
b1100 =
0'
13
1,
14
b1110011 -
b1110011 8
b10000000000000111000000001100 *
b10000000000000111000000001100 7
1+
#188200000
0+
#188220000
0>
b0 =
0:
b0 -
b0 8
b0 *
b0 7
04
03
0,
1'
b1110100 \
b1110100 5
1+
#188240000
0+
#188260000
1:
1>
b1100 =
0'
13
1,
14
b1110100 -
b1110100 8
b10000000000000111000000001100 *
b10000000000000111000000001100 7
1+
#188280000
0+
#188300000
0>
b0 =
0:
b0 -
b0 8
b0 *
b0 7
04
03
0,
1'
b1110101 \
b1110101 5
1+
#188320000
0+
#188340000
1:
1>
b1100 =
0'
13
1,
14
b1110101 -
b1110101 8
b10000000000000111000000001100 *
b10000000000000111000000001100 7
1+
#188360000
0+
#188380000
0>
b0 =
0:
b0 -
b0 8
b0 *
b0 7
04
03
0,
1'
b1110110 \
b1110110 5
1+
#188400000
0+
#188420000
1:
1>
b1100 =
0'
13
1,
14
b1110110 -
b1110110 8
b10000000000000111000000001100 *
b10000000000000111000000001100 7
1+
#188440000
0+
#188460000
0>
b0 =
0:
b0 -
b0 8
b0 *
b0 7
04
03
0,
1'
b1110111 \
b1110111 5
1+
#188480000
0+
#188500000
1:
1>
b1100 =
0'
13
1,
14
b1110111 -
b1110111 8
b10000000000000111000000001100 *
b10000000000000111000000001100 7
1+
#188520000
0+
#188540000
0>
b0 =
0:
b0 -
b0 8
b0 *
b0 7
04
03
0,
1'
b1111000 \
b1111000 5
1+
#188560000
0+
#188580000
1:
1>
b1100 =
0'
13
1,
14
b1111000 -
b1111000 8
b10000000000000111000000001100 *
b10000000000000111000000001100 7
1+
#188600000
0+
#188620000
0>
b0 =
0:
b0 -
b0 8
b0 *
b0 7
04
03
0,
1'
b1111001 \
b1111001 5
1+
#188640000
0+
#188660000
1:
1>
b1100 =
0'
13
1,
14
b1111001 -
b1111001 8
b10000000000000111000000001100 *
b10000000000000111000000001100 7
1+
#188680000
0+
#188700000
0>
b0 =
0:
b0 -
b0 8
b0 *
b0 7
04
03
0,
1'
b1111010 \
b1111010 5
1+
#188720000
0+
#188740000
1:
1>
b1100 =
0'
13
1,
14
b1111010 -
b1111010 8
b10000000000000111000000001100 *
b10000000000000111000000001100 7
1+
#188760000
0+
#188780000
0>
b0 =
0:
b0 -
b0 8
b0 *
b0 7
04
03
0,
1'
b1111011 \
b1111011 5
1+
#188800000
0+
#188820000
1:
1>
b1100 =
0'
13
1,
14
b1111011 -
b1111011 8
b10000000000000111000000001100 *
b10000000000000111000000001100 7
1+
#188840000
0+
#188860000
0>
b0 =
0:
b0 -
b0 8
b0 *
b0 7
04
03
0,
1'
b1111100 \
b1111100 5
1+
#188880000
0+
#188900000
1:
1>
b1100 =
0'
13
1,
14
b1111100 -
b1111100 8
b10000000000000111000000001100 *
b10000000000000111000000001100 7
1+
#188920000
0+
#188940000
0>
b0 =
0:
b0 -
b0 8
b0 *
b0 7
04
03
0,
1'
b1111101 \
b1111101 5
1+
#188960000
0+
#188980000
1:
1>
b1100 =
0'
13
1,
14
b1111101 -
b1111101 8
b10000000000000111000000001100 *
b10000000000000111000000001100 7
1+
#189000000
0+
#189020000
0>
b0 =
0:
b0 -
b0 8
b0 *
b0 7
04
03
0,
1'
b1111110 \
b1111110 5
1+
#189040000
0+
#189060000
1:
1>
b1100 =
0'
13
1,
14
b1111110 -
b1111110 8
b10000000000000111000000001100 *
b10000000000000111000000001100 7
1+
#189080000
0+
#189100000
0>
b0 =
0:
b0 -
b0 8
b0 *
b0 7
04
03
0,
1'
b1111111 \
b1111111 5
1+
#189120000
0+
#189140000
1:
1>
b1100 =
0'
13
1,
14
b1111111 -
b1111111 8
b10000000000000111000000001100 *
b10000000000000111000000001100 7
1+
#189160000
0+
#189180000
0>
b0 =
0:
b0 -
b0 8
b0 *
b0 7
04
03
0,
1'
b10000000 \
b10000000 5
1+
#189200000
0+
#189220000
1:
1>
b1100 =
0'
13
1,
14
b10000000 -
b10000000 8
b10000000000000111000000001100 *
b10000000000000111000000001100 7
1+
#189240000
0+
#189260000
0>
b0 =
0:
b0 -
b0 8
b0 *
b0 7
04
03
0,
1'
b10000001 \
b10000001 5
1+
#189280000
0+
#189300000
1:
1>
b1100 =
0'
13
1,
14
b10000001 -
b10000001 8
b10000000000000111000000001100 *
b10000000000000111000000001100 7
1+
#189320000
0+
#189340000
0>
b0 =
0:
b0 -
b0 8
b0 *
b0 7
04
03
0,
1'
b10000010 \
b10000010 5
1+
#189360000
0+
#189380000
1:
1>
b1100 =
0'
13
1,
14
b10000010 -
b10000010 8
b10000000000000111000000001100 *
b10000000000000111000000001100 7
1+
#189400000
0+
#189420000
0>
b0 =
0:
b0 -
b0 8
b0 *
b0 7
04
03
0,
1'
b10000011 \
b10000011 5
1+
#189440000
0+
#189460000
1:
1>
b1100 =
0'
13
1,
14
b10000011 -
b10000011 8
b10000000000000111000000001100 *
b10000000000000111000000001100 7
1+
#189480000
0+
#189500000
0>
b0 =
0:
b0 -
b0 8
b0 *
b0 7
04
03
0,
1'
b10000100 \
b10000100 5
1+
#189520000
0+
#189540000
1:
1>
b1100 =
0'
13
1,
14
b10000100 -
b10000100 8
b10000000000000111000000001100 *
b10000000000000111000000001100 7
1+
#189560000
0+
#189580000
0>
b0 =
0:
b0 -
b0 8
b0 *
b0 7
04
03
0,
1'
b10000101 \
b10000101 5
1+
#189600000
0+
#189620000
1:
1>
b1100 =
0'
13
1,
14
b10000101 -
b10000101 8
b10000000000000111000000001100 *
b10000000000000111000000001100 7
1+
#189640000
0+
#189660000
0>
b0 =
0:
b0 -
b0 8
b0 *
b0 7
04
03
0,
1'
b10000110 \
b10000110 5
1+
#189680000
0+
#189700000
1:
1>
b1100 =
0'
13
1,
14
b10000110 -
b10000110 8
b10000000000000111000000001100 *
b10000000000000111000000001100 7
1+
#189720000
0+
#189740000
0>
b0 =
0:
b0 -
b0 8
b0 *
b0 7
04
03
0,
1'
b10000111 \
b10000111 5
1+
#189760000
0+
#189780000
1:
1>
b1100 =
0'
13
1,
14
b10000111 -
b10000111 8
b10000000000000111000000001100 *
b10000000000000111000000001100 7
1+
#189800000
0+
#189820000
0>
b0 =
0:
b0 -
b0 8
b0 *
b0 7
04
03
0,
1'
b10001000 \
b10001000 5
1+
#189840000
0+
#189860000
1:
1>
b1100 =
0'
13
1,
14
b10001000 -
b10001000 8
b10000000000000111000000001100 *
b10000000000000111000000001100 7
1+
#189880000
0+
#189900000
0>
b0 =
0:
b0 -
b0 8
b0 *
b0 7
04
03
0,
1'
b10001001 \
b10001001 5
1+
#189920000
0+
#189940000
1:
1>
b1100 =
0'
13
1,
14
b10001001 -
b10001001 8
b10000000000000111000000001100 *
b10000000000000111000000001100 7
1+
#189960000
0+
#189980000
0>
b0 =
0:
b0 -
b0 8
b0 *
b0 7
04
03
0,
1'
b10001010 \
b10001010 5
1+
#190000000
0+
#190020000
1:
1>
b1100 =
0'
13
1,
14
b10001010 -
b10001010 8
b10000000000000111000000001100 *
b10000000000000111000000001100 7
1+
#190040000
0+
#190060000
0>
b0 =
0:
b0 -
b0 8
b0 *
b0 7
04
03
0,
1'
b10001011 \
b10001011 5
1+
#190080000
0+
#190100000
1:
1>
b1100 =
0'
13
1,
14
b10001011 -
b10001011 8
b10000000000000111000000001100 *
b10000000000000111000000001100 7
1+
#190120000
0+
#190140000
0>
b0 =
0:
b0 -
b0 8
b0 *
b0 7
04
03
0,
1'
b10001100 \
b10001100 5
1+
#190160000
0+
#190180000
1:
1>
b1100 =
0'
13
1,
14
b10001100 -
b10001100 8
b10000000000000111000000001100 *
b10000000000000111000000001100 7
1+
#190200000
0+
#190220000
0>
b0 =
0:
b0 -
b0 8
b0 *
b0 7
04
03
0,
1'
b10001101 \
b10001101 5
1+
#190240000
0+
#190260000
1:
1>
b1100 =
0'
13
1,
14
b10001101 -
b10001101 8
b10000000000000111000000001100 *
b10000000000000111000000001100 7
1+
#190280000
0+
#190300000
0>
b0 =
0:
b0 -
b0 8
b0 *
b0 7
04
03
0,
1'
b10001110 \
b10001110 5
1+
#190320000
0+
#190340000
1:
1>
b1100 =
0'
13
1,
14
b10001110 -
b10001110 8
b10000000000000111000000001100 *
b10000000000000111000000001100 7
1+
#190360000
0+
#190380000
0>
b0 =
0:
b0 -
b0 8
b0 *
b0 7
04
03
0,
1'
b10001111 \
b10001111 5
1+
#190400000
0+
#190420000
1:
1>
b1100 =
0'
13
1,
14
b10001111 -
b10001111 8
b10000000000000111000000001100 *
b10000000000000111000000001100 7
1+
#190440000
0+
#190460000
0>
b0 =
0:
b0 -
b0 8
b0 *
b0 7
04
03
0,
1'
b10010000 \
b10010000 5
1+
#190480000
0+
#190500000
1:
1>
b1100 =
0'
13
1,
14
b10010000 -
b10010000 8
b10000000000000111000000001100 *
b10000000000000111000000001100 7
1+
#190520000
0+
#190540000
0>
b0 =
0:
b0 -
b0 8
b0 *
b0 7
04
03
0,
1'
b10010001 \
b10010001 5
1+
#190560000
0+
#190580000
1:
1>
b1100 =
0'
13
1,
14
b10010001 -
b10010001 8
b10000000000000111000000001100 *
b10000000000000111000000001100 7
1+
#190600000
0+
#190620000
0>
b0 =
0:
b0 -
b0 8
b0 *
b0 7
04
03
0,
1'
b10010010 \
b10010010 5
1+
#190640000
0+
#190660000
1:
1>
b1100 =
0'
13
1,
14
b10010010 -
b10010010 8
b10000000000000111000000001100 *
b10000000000000111000000001100 7
1+
#190680000
0+
#190700000
0>
b0 =
0:
b0 -
b0 8
b0 *
b0 7
04
03
0,
1'
b10010011 \
b10010011 5
1+
#190720000
0+
#190740000
1:
1>
b1100 =
0'
13
1,
14
b10010011 -
b10010011 8
b10000000000000111000000001100 *
b10000000000000111000000001100 7
1+
#190760000
0+
#190780000
0>
b0 =
0:
b0 -
b0 8
b0 *
b0 7
04
03
0,
1'
b10010100 \
b10010100 5
1+
#190800000
0+
#190820000
1:
1>
b1100 =
0'
13
1,
14
b10010100 -
b10010100 8
b10000000000000111000000001100 *
b10000000000000111000000001100 7
1+
#190840000
0+
#190860000
0>
b0 =
0:
b0 -
b0 8
b0 *
b0 7
04
03
0,
1'
b10010101 \
b10010101 5
1+
#190880000
0+
#190900000
1:
1>
b1100 =
0'
13
1,
14
b10010101 -
b10010101 8
b10000000000000111000000001100 *
b10000000000000111000000001100 7
1+
#190920000
0+
#190940000
0>
b0 =
0:
b0 -
b0 8
b0 *
b0 7
04
03
0,
1'
b10010110 \
b10010110 5
1+
#190960000
0+
#190980000
1:
1>
b1100 =
0'
13
1,
14
b10010110 -
b10010110 8
b10000000000000111000000001100 *
b10000000000000111000000001100 7
1+
#191000000
0+
#191020000
0>
b0 =
0:
b0 -
b0 8
b0 *
b0 7
04
03
0,
1'
b10010111 \
b10010111 5
1+
#191040000
0+
#191060000
1:
1>
b1100 =
0'
13
1,
14
b10010111 -
b10010111 8
b10000000000000111000000001100 *
b10000000000000111000000001100 7
1+
#191080000
0+
#191100000
0>
b0 =
0:
b0 -
b0 8
b0 *
b0 7
04
03
0,
1'
b10011000 \
b10011000 5
1+
#191120000
0+
#191140000
1:
1>
b1100 =
0'
13
1,
14
b10011000 -
b10011000 8
b10000000000000111000000001100 *
b10000000000000111000000001100 7
1+
#191160000
0+
#191180000
0>
b0 =
0:
b0 -
b0 8
b0 *
b0 7
04
03
0,
1'
b10011001 \
b10011001 5
1+
#191200000
0+
#191220000
1:
1>
b1100 =
0'
13
1,
14
b10011001 -
b10011001 8
b10000000000000111000000001100 *
b10000000000000111000000001100 7
1+
#191240000
0+
#191260000
0>
b0 =
0:
b0 -
b0 8
b0 *
b0 7
04
03
0,
1'
b10011010 \
b10011010 5
1+
#191280000
0+
#191300000
1:
1>
b1100 =
0'
13
1,
14
b10011010 -
b10011010 8
b10000000000000111000000001100 *
b10000000000000111000000001100 7
1+
#191320000
0+
#191340000
0>
b0 =
0:
b0 -
b0 8
b0 *
b0 7
04
03
0,
1'
b10011011 \
b10011011 5
1+
#191360000
0+
#191380000
1:
1>
b1100 =
0'
13
1,
14
b10011011 -
b10011011 8
b10000000000000111000000001100 *
b10000000000000111000000001100 7
1+
#191400000
0+
#191420000
0>
b0 =
0:
b0 -
b0 8
b0 *
b0 7
04
03
0,
1'
b10011100 \
b10011100 5
1+
#191440000
0+
#191460000
1:
1>
b1100 =
0'
13
1,
14
b10011100 -
b10011100 8
b10000000000000111000000001100 *
b10000000000000111000000001100 7
1+
#191480000
0+
#191500000
0>
b0 =
0:
b0 -
b0 8
b0 *
b0 7
04
03
0,
1'
b10011101 \
b10011101 5
1+
#191520000
0+
#191540000
1:
1>
b1100 =
0'
13
1,
14
b10011101 -
b10011101 8
b10000000000000111000000001100 *
b10000000000000111000000001100 7
1+
#191560000
0+
#191580000
0>
b0 =
0:
b0 -
b0 8
b0 *
b0 7
04
03
0,
1'
b10011110 \
b10011110 5
1+
#191600000
0+
#191620000
1:
1>
b1100 =
0'
13
1,
14
b10011110 -
b10011110 8
b10000000000000111000000001100 *
b10000000000000111000000001100 7
1+
#191640000
0+
#191660000
0>
b0 =
0:
b0 -
b0 8
b0 *
b0 7
04
03
0,
1'
b10011111 \
b10011111 5
1+
#191680000
0+
#191700000
1:
1>
b1100 =
0'
13
1,
14
b10011111 -
b10011111 8
b10000000000000111000000001100 *
b10000000000000111000000001100 7
1+
#191720000
0+
#191740000
0>
b0 =
0:
b0 -
b0 8
b0 *
b0 7
04
03
0,
1'
b10100000 \
b10100000 5
1+
#191760000
0+
#191780000
1:
1>
b1100 =
0'
13
1,
14
b10100000 -
b10100000 8
b10000000000000111000000001100 *
b10000000000000111000000001100 7
1+
#191800000
0+
#191820000
0>
b0 =
0:
b0 -
b0 8
b0 *
b0 7
04
03
0,
1'
b10100001 \
b10100001 5
1+
#191840000
0+
#191860000
1:
1>
b1100 =
0'
13
1,
14
b10100001 -
b10100001 8
b10000000000000111000000001100 *
b10000000000000111000000001100 7
1+
#191880000
0+
#191900000
0>
b0 =
0:
b0 -
b0 8
b0 *
b0 7
04
03
0,
1'
b10100010 \
b10100010 5
1+
#191920000
0+
#191940000
1:
1>
b1100 =
0'
13
1,
14
b10100010 -
b10100010 8
b10000000000000111000000001100 *
b10000000000000111000000001100 7
1+
#191960000
0+
#191980000
0>
b0 =
0:
b0 -
b0 8
b0 *
b0 7
04
03
0,
1'
b10100011 \
b10100011 5
1+
#192000000
0+
#192020000
1:
1>
b1100 =
0'
13
1,
14
b10100011 -
b10100011 8
b10000000000000111000000001100 *
b10000000000000111000000001100 7
1+
#192040000
0+
#192060000
0>
b0 =
0:
b0 -
b0 8
b0 *
b0 7
04
03
0,
1'
b10100100 \
b10100100 5
1+
#192080000
0+
#192100000
1:
1>
b1100 =
0'
13
1,
14
b10100100 -
b10100100 8
b10000000000000111000000001100 *
b10000000000000111000000001100 7
1+
#192120000
0+
#192140000
0>
b0 =
0:
b0 -
b0 8
b0 *
b0 7
04
03
0,
1'
b10100101 \
b10100101 5
1+
#192160000
0+
#192180000
1:
1>
b1100 =
0'
13
1,
14
b10100101 -
b10100101 8
b10000000000000111000000001100 *
b10000000000000111000000001100 7
1+
#192200000
0+
#192220000
0>
b0 =
0:
b0 -
b0 8
b0 *
b0 7
04
03
0,
1'
b10100110 \
b10100110 5
1+
#192240000
0+
#192260000
1:
1>
b1100 =
0'
13
1,
14
b10100110 -
b10100110 8
b10000000000000111000000001100 *
b10000000000000111000000001100 7
1+
#192280000
0+
#192300000
0>
b0 =
0:
b0 -
b0 8
b0 *
b0 7
04
03
0,
1'
b10100111 \
b10100111 5
1+
#192320000
0+
#192340000
1:
1>
b1100 =
0'
13
1,
14
b10100111 -
b10100111 8
b10000000000000111000000001100 *
b10000000000000111000000001100 7
1+
#192360000
0+
#192380000
0>
b0 =
0:
b0 -
b0 8
b0 *
b0 7
04
03
0,
1'
b10101000 \
b10101000 5
1+
#192400000
0+
#192420000
1:
1>
b1100 =
0'
13
1,
14
b10101000 -
b10101000 8
b10000000000000111000000001100 *
b10000000000000111000000001100 7
1+
#192440000
0+
#192460000
0>
b0 =
0:
b0 -
b0 8
b0 *
b0 7
04
03
0,
1'
b10101001 \
b10101001 5
1+
#192480000
0+
#192500000
1:
1>
b1100 =
0'
13
1,
14
b10101001 -
b10101001 8
b10000000000000111000000001100 *
b10000000000000111000000001100 7
1+
#192520000
0+
#192540000
0>
b0 =
0:
b0 -
b0 8
b0 *
b0 7
04
03
0,
1'
b10101010 \
b10101010 5
1+
#192560000
0+
#192580000
1:
1>
b1100 =
0'
13
1,
14
b10101010 -
b10101010 8
b10000000000000111000000001100 *
b10000000000000111000000001100 7
1+
#192600000
0+
#192620000
0>
b0 =
0:
b0 -
b0 8
b0 *
b0 7
04
03
0,
1'
b10101011 \
b10101011 5
1+
#192640000
0+
#192660000
1:
1>
b1100 =
0'
13
1,
14
b10101011 -
b10101011 8
b10000000000000111000000001100 *
b10000000000000111000000001100 7
1+
#192680000
0+
#192700000
0>
b0 =
0:
b0 -
b0 8
b0 *
b0 7
04
03
0,
1'
b10101100 \
b10101100 5
1+
#192720000
0+
#192740000
1:
1>
b1100 =
0'
13
1,
14
b10101100 -
b10101100 8
b10000000000000111000000001100 *
b10000000000000111000000001100 7
1+
#192760000
0+
#192780000
0>
b0 =
0:
b0 -
b0 8
b0 *
b0 7
04
03
0,
1'
b10101101 \
b10101101 5
1+
#192800000
0+
#192820000
1:
1>
b1100 =
0'
13
1,
14
b10101101 -
b10101101 8
b10000000000000111000000001100 *
b10000000000000111000000001100 7
1+
#192840000
0+
#192860000
0>
b0 =
0:
b0 -
b0 8
b0 *
b0 7
04
03
0,
1'
b10101110 \
b10101110 5
1+
#192880000
0+
#192900000
1:
1>
b1100 =
0'
13
1,
14
b10101110 -
b10101110 8
b10000000000000111000000001100 *
b10000000000000111000000001100 7
1+
#192920000
0+
#192940000
0>
b0 =
0:
b0 -
b0 8
b0 *
b0 7
04
03
0,
1'
b10101111 \
b10101111 5
1+
#192960000
0+
#192980000
1:
1>
b1100 =
0'
13
1,
14
b10101111 -
b10101111 8
b10000000000000111000000001100 *
b10000000000000111000000001100 7
1+
#193000000
0+
#193020000
0>
b0 =
0:
b0 -
b0 8
b0 *
b0 7
04
03
0,
1'
b10110000 \
b10110000 5
1+
#193040000
0+
#193060000
1:
1>
b1100 =
0'
13
1,
14
b10110000 -
b10110000 8
b10000000000000111000000001100 *
b10000000000000111000000001100 7
1+
#193080000
0+
#193100000
0>
b0 =
0:
b0 -
b0 8
b0 *
b0 7
04
03
0,
1'
b10110001 \
b10110001 5
1+
#193120000
0+
#193140000
1:
1>
b1100 =
0'
13
1,
14
b10110001 -
b10110001 8
b10000000000000111000000001100 *
b10000000000000111000000001100 7
1+
#193160000
0+
#193180000
0>
b0 =
0:
b0 -
b0 8
b0 *
b0 7
04
03
0,
1'
b10110010 \
b10110010 5
1+
#193200000
0+
#193220000
1:
1>
b1100 =
0'
13
1,
14
b10110010 -
b10110010 8
b10000000000000111000000001100 *
b10000000000000111000000001100 7
1+
#193240000
0+
#193260000
0>
b0 =
0:
b0 -
b0 8
b0 *
b0 7
04
03
0,
1'
b10110011 \
b10110011 5
1+
#193280000
0+
#193300000
1:
1>
b1100 =
0'
13
1,
14
b10110011 -
b10110011 8
b10000000000000111000000001100 *
b10000000000000111000000001100 7
1+
#193320000
0+
#193340000
0>
b0 =
0:
b0 -
b0 8
b0 *
b0 7
04
03
0,
1'
b10110100 \
b10110100 5
1+
#193360000
0+
#193380000
1:
1>
b1100 =
0'
13
1,
14
b10110100 -
b10110100 8
b10000000000000111000000001100 *
b10000000000000111000000001100 7
1+
#193400000
0+
#193420000
0>
b0 =
0:
b0 -
b0 8
b0 *
b0 7
04
03
0,
1'
b10110101 \
b10110101 5
1+
#193440000
0+
#193460000
1:
1>
b1100 =
0'
13
1,
14
b10110101 -
b10110101 8
b10000000000000111000000001100 *
b10000000000000111000000001100 7
1+
#193480000
0+
#193500000
0>
b0 =
0:
b0 -
b0 8
b0 *
b0 7
04
03
0,
1'
b10110110 \
b10110110 5
1+
#193520000
0+
#193540000
1:
1>
b1100 =
0'
13
1,
14
b10110110 -
b10110110 8
b10000000000000111000000001100 *
b10000000000000111000000001100 7
1+
#193560000
0+
#193580000
0>
b0 =
0:
b0 -
b0 8
b0 *
b0 7
04
03
0,
1'
b10110111 \
b10110111 5
1+
#193600000
0+
#193620000
1:
1>
b1100 =
0'
13
1,
14
b10110111 -
b10110111 8
b10000000000000111000000001100 *
b10000000000000111000000001100 7
1+
#193640000
0+
#193660000
0>
b0 =
0:
b0 -
b0 8
b0 *
b0 7
04
03
0,
1'
b10111000 \
b10111000 5
1+
#193680000
0+
#193700000
1:
1>
b1100 =
0'
13
1,
14
b10111000 -
b10111000 8
b10000000000000111000000001100 *
b10000000000000111000000001100 7
1+
#193720000
0+
#193740000
0>
b0 =
0:
b0 -
b0 8
b0 *
b0 7
04
03
0,
1'
b10111001 \
b10111001 5
1+
#193760000
0+
#193780000
1:
1>
b1100 =
0'
13
1,
14
b10111001 -
b10111001 8
b10000000000000111000000001100 *
b10000000000000111000000001100 7
1+
#193800000
0+
#193820000
0>
b0 =
0:
b0 -
b0 8
b0 *
b0 7
04
03
0,
1'
b10111010 \
b10111010 5
1+
#193840000
0+
#193860000
1:
1>
b1100 =
0'
13
1,
14
b10111010 -
b10111010 8
b10000000000000111000000001100 *
b10000000000000111000000001100 7
1+
#193880000
0+
#193900000
0>
b0 =
0:
b0 -
b0 8
b0 *
b0 7
04
03
0,
1'
b10111011 \
b10111011 5
1+
#193920000
0+
#193940000
1:
1>
b1100 =
0'
13
1,
14
b10111011 -
b10111011 8
b10000000000000111000000001100 *
b10000000000000111000000001100 7
1+
#193960000
0+
#193980000
0>
b0 =
0:
b0 -
b0 8
b0 *
b0 7
04
03
0,
1'
b10111100 \
b10111100 5
1+
#194000000
0+
#194020000
1:
1>
b1100 =
0'
13
1,
14
b10111100 -
b10111100 8
b10000000000000111000000001100 *
b10000000000000111000000001100 7
1+
#194040000
0+
#194060000
0>
b0 =
0:
b0 -
b0 8
b0 *
b0 7
04
03
0,
1'
b10111101 \
b10111101 5
1+
#194080000
0+
#194100000
1:
1>
b1100 =
0'
13
1,
14
b10111101 -
b10111101 8
b10000000000000111000000001100 *
b10000000000000111000000001100 7
1+
#194120000
0+
#194140000
0>
b0 =
0:
b0 -
b0 8
b0 *
b0 7
04
03
0,
1'
b10111110 \
b10111110 5
1+
#194160000
0+
#194180000
1:
1>
b1100 =
0'
13
1,
14
b10111110 -
b10111110 8
b10000000000000111000000001100 *
b10000000000000111000000001100 7
1+
#194200000
0+
#194220000
0>
b0 =
0:
b0 -
b0 8
b0 *
b0 7
04
03
0,
1'
b10111111 \
b10111111 5
1+
#194240000
0+
#194260000
1:
1>
b1100 =
0'
13
1,
14
b10111111 -
b10111111 8
b10000000000000111000000001100 *
b10000000000000111000000001100 7
1+
#194280000
0+
#194300000
0>
b0 =
0:
b0 -
b0 8
b0 *
b0 7
04
03
0,
1'
b11000000 \
b11000000 5
1+
#194320000
0+
#194340000
1:
1>
b1100 =
0'
13
1,
14
b11000000 -
b11000000 8
b10000000000000111000000001100 *
b10000000000000111000000001100 7
1+
#194360000
0+
#194380000
0>
b0 =
0:
b0 -
b0 8
b0 *
b0 7
04
03
0,
1'
b11000001 \
b11000001 5
1+
#194400000
0+
#194420000
1:
1>
b1100 =
0'
13
1,
14
b11000001 -
b11000001 8
b10000000000000111000000001100 *
b10000000000000111000000001100 7
1+
#194440000
0+
#194460000
0>
b0 =
0:
b0 -
b0 8
b0 *
b0 7
04
03
0,
1'
b11000010 \
b11000010 5
1+
#194480000
0+
#194500000
1:
1>
b1100 =
0'
13
1,
14
b11000010 -
b11000010 8
b10000000000000111000000001100 *
b10000000000000111000000001100 7
1+
#194520000
0+
#194540000
0>
b0 =
0:
b0 -
b0 8
b0 *
b0 7
04
03
0,
1'
b11000011 \
b11000011 5
1+
#194560000
0+
#194580000
1:
1>
b1100 =
0'
13
1,
14
b11000011 -
b11000011 8
b10000000000000111000000001100 *
b10000000000000111000000001100 7
1+
#194600000
0+
#194620000
0>
b0 =
0:
b0 -
b0 8
b0 *
b0 7
04
03
0,
1'
b11000100 \
b11000100 5
1+
#194640000
0+
#194660000
1:
1>
b1100 =
0'
13
1,
14
b11000100 -
b11000100 8
b10000000000000111000000001100 *
b10000000000000111000000001100 7
1+
#194680000
0+
#194700000
0>
b0 =
0:
b0 -
b0 8
b0 *
b0 7
04
03
0,
1'
b11000101 \
b11000101 5
1+
#194720000
0+
#194740000
1:
1>
b1100 =
0'
13
1,
14
b11000101 -
b11000101 8
b10000000000000111000000001100 *
b10000000000000111000000001100 7
1+
#194760000
0+
#194780000
0>
b0 =
0:
b0 -
b0 8
b0 *
b0 7
04
03
0,
1'
b11000110 \
b11000110 5
1+
#194800000
0+
#194820000
1:
1>
b1100 =
0'
13
1,
14
b11000110 -
b11000110 8
b10000000000000111000000001100 *
b10000000000000111000000001100 7
1+
#194840000
0+
#194860000
0>
b0 =
0:
b0 -
b0 8
b0 *
b0 7
04
03
0,
1'
b11000111 \
b11000111 5
1+
#194880000
0+
#194900000
1:
1>
b1100 =
0'
13
1,
14
b11000111 -
b11000111 8
b10000000000000111000000001100 *
b10000000000000111000000001100 7
1+
#194920000
0+
#194940000
0>
b0 =
0:
b0 -
b0 8
b0 *
b0 7
04
03
0,
1'
b11001000 \
b11001000 5
1+
#194960000
0+
#194980000
1:
1>
b1100 =
0'
13
1,
14
b11001000 -
b11001000 8
b10000000000000111000000001100 *
b10000000000000111000000001100 7
1+
#195000000
0+
#195020000
0>
b0 =
0:
b0 -
b0 8
b0 *
b0 7
04
03
0,
1'
b11001001 \
b11001001 5
1+
#195040000
0+
#195060000
1:
1>
b1100 =
0'
13
1,
14
b11001001 -
b11001001 8
b10000000000000111000000001100 *
b10000000000000111000000001100 7
1+
#195080000
0+
#195100000
0>
b0 =
0:
b0 -
b0 8
b0 *
b0 7
04
03
0,
1'
b11001010 \
b11001010 5
1+
#195120000
0+
#195140000
1:
1>
b1100 =
0'
13
1,
14
b11001010 -
b11001010 8
b10000000000000111000000001100 *
b10000000000000111000000001100 7
1+
#195160000
0+
#195180000
0>
b0 =
0:
b0 -
b0 8
b0 *
b0 7
04
03
0,
1'
b11001011 \
b11001011 5
1+
#195200000
0+
#195220000
1:
1>
b1100 =
0'
13
1,
14
b11001011 -
b11001011 8
b10000000000000111000000001100 *
b10000000000000111000000001100 7
1+
#195240000
0+
#195260000
0>
b0 =
0:
b0 -
b0 8
b0 *
b0 7
04
03
0,
1'
b11001100 \
b11001100 5
1+
#195280000
0+
#195300000
1:
1>
b1100 =
0'
13
1,
14
b11001100 -
b11001100 8
b10000000000000111000000001100 *
b10000000000000111000000001100 7
1+
#195320000
0+
#195340000
0>
b0 =
0:
b0 -
b0 8
b0 *
b0 7
04
03
0,
1'
b11001101 \
b11001101 5
1+
#195360000
0+
#195380000
1:
1>
b1100 =
0'
13
1,
14
b11001101 -
b11001101 8
b10000000000000111000000001100 *
b10000000000000111000000001100 7
1+
#195400000
0+
#195420000
0>
b0 =
0:
b0 -
b0 8
b0 *
b0 7
04
03
0,
1'
b11001110 \
b11001110 5
1+
#195440000
0+
#195460000
1:
1>
b1100 =
0'
13
1,
14
b11001110 -
b11001110 8
b10000000000000111000000001100 *
b10000000000000111000000001100 7
1+
#195480000
0+
#195500000
0>
b0 =
0:
b0 -
b0 8
b0 *
b0 7
04
03
0,
1'
b11001111 \
b11001111 5
1+
#195520000
0+
#195540000
1:
1>
b1100 =
0'
13
1,
14
b11001111 -
b11001111 8
b10000000000000111000000001100 *
b10000000000000111000000001100 7
1+
#195560000
0+
#195580000
0>
b0 =
0:
b0 -
b0 8
b0 *
b0 7
04
03
0,
1'
b11010000 \
b11010000 5
1+
#195600000
0+
#195620000
1:
1>
b1100 =
0'
13
1,
14
b11010000 -
b11010000 8
b10000000000000111000000001100 *
b10000000000000111000000001100 7
1+
#195640000
0+
#195660000
0>
b0 =
0:
b0 -
b0 8
b0 *
b0 7
04
03
0,
1'
b11010001 \
b11010001 5
1+
#195680000
0+
#195700000
1:
1>
b1100 =
0'
13
1,
14
b11010001 -
b11010001 8
b10000000000000111000000001100 *
b10000000000000111000000001100 7
1+
#195720000
0+
#195740000
0>
b0 =
0:
b0 -
b0 8
b0 *
b0 7
04
03
0,
1'
b11010010 \
b11010010 5
1+
#195760000
0+
#195780000
1:
1>
b1100 =
0'
13
1,
14
b11010010 -
b11010010 8
b10000000000000111000000001100 *
b10000000000000111000000001100 7
1+
#195800000
0+
#195820000
0>
b0 =
0:
b0 -
b0 8
b0 *
b0 7
04
03
0,
1'
b11010011 \
b11010011 5
1+
#195840000
0+
#195860000
1:
1>
b1100 =
0'
13
1,
14
b11010011 -
b11010011 8
b10000000000000111000000001100 *
b10000000000000111000000001100 7
1+
#195880000
0+
#195900000
0>
b0 =
0:
b0 -
b0 8
b0 *
b0 7
04
03
0,
1'
b11010100 \
b11010100 5
1+
#195920000
0+
#195940000
1:
1>
b1100 =
0'
13
1,
14
b11010100 -
b11010100 8
b10000000000000111000000001100 *
b10000000000000111000000001100 7
1+
#195960000
0+
#195980000
0>
b0 =
0:
b0 -
b0 8
b0 *
b0 7
04
03
0,
1'
b11010101 \
b11010101 5
1+
#196000000
0+
#196020000
1:
1>
b1100 =
0'
13
1,
14
b11010101 -
b11010101 8
b10000000000000111000000001100 *
b10000000000000111000000001100 7
1+
#196040000
0+
#196060000
0>
b0 =
0:
b0 -
b0 8
b0 *
b0 7
04
03
0,
1'
b11010110 \
b11010110 5
1+
#196080000
0+
#196100000
1:
1>
b1100 =
0'
13
1,
14
b11010110 -
b11010110 8
b10000000000000111000000001100 *
b10000000000000111000000001100 7
1+
#196120000
0+
#196140000
0>
b0 =
0:
b0 -
b0 8
b0 *
b0 7
04
03
0,
1'
b11010111 \
b11010111 5
1+
#196160000
0+
#196180000
1:
1>
b1100 =
0'
13
1,
14
b11010111 -
b11010111 8
b10000000000000111000000001100 *
b10000000000000111000000001100 7
1+
#196200000
0+
#196220000
0>
b0 =
0:
b0 -
b0 8
b0 *
b0 7
04
03
0,
1'
b11011000 \
b11011000 5
1+
#196240000
0+
#196260000
1:
1>
b1100 =
0'
13
1,
14
b11011000 -
b11011000 8
b10000000000000111000000001100 *
b10000000000000111000000001100 7
1+
#196280000
0+
#196300000
0>
b0 =
0:
b0 -
b0 8
b0 *
b0 7
04
03
0,
1'
b11011001 \
b11011001 5
1+
#196320000
0+
#196340000
1:
1>
b1100 =
0'
13
1,
14
b11011001 -
b11011001 8
b10000000000000111000000001100 *
b10000000000000111000000001100 7
1+
#196360000
0+
#196380000
0>
b0 =
0:
b0 -
b0 8
b0 *
b0 7
04
03
0,
1'
b11011010 \
b11011010 5
1+
#196400000
0+
#196420000
1:
1>
b1100 =
0'
13
1,
14
b11011010 -
b11011010 8
b10000000000000111000000001100 *
b10000000000000111000000001100 7
1+
#196440000
0+
#196460000
0>
b0 =
0:
b0 -
b0 8
b0 *
b0 7
04
03
0,
1'
b11011011 \
b11011011 5
1+
#196480000
0+
#196500000
1:
1>
b1100 =
0'
13
1,
14
b11011011 -
b11011011 8
b10000000000000111000000001100 *
b10000000000000111000000001100 7
1+
#196520000
0+
#196540000
0>
b0 =
0:
b0 -
b0 8
b0 *
b0 7
04
03
0,
1'
b11011100 \
b11011100 5
1+
#196560000
0+
#196580000
1:
1>
b1100 =
0'
13
1,
14
b11011100 -
b11011100 8
b10000000000000111000000001100 *
b10000000000000111000000001100 7
1+
#196600000
0+
#196620000
0>
b0 =
0:
b0 -
b0 8
b0 *
b0 7
04
03
0,
1'
b11011101 \
b11011101 5
1+
#196640000
0+
#196660000
1:
1>
b1100 =
0'
13
1,
14
b11011101 -
b11011101 8
b10000000000000111000000001100 *
b10000000000000111000000001100 7
1+
#196680000
0+
#196700000
0>
b0 =
0:
b0 -
b0 8
b0 *
b0 7
04
03
0,
1'
b11011110 \
b11011110 5
1+
#196720000
0+
#196740000
1:
1>
b1100 =
0'
13
1,
14
b11011110 -
b11011110 8
b10000000000000111000000001100 *
b10000000000000111000000001100 7
1+
#196760000
0+
#196780000
0>
b0 =
0:
b0 -
b0 8
b0 *
b0 7
04
03
0,
1'
b11011111 \
b11011111 5
1+
#196800000
0+
#196820000
1:
1>
b1100 =
0'
13
1,
14
b11011111 -
b11011111 8
b10000000000000111000000001100 *
b10000000000000111000000001100 7
1+
#196840000
0+
#196860000
0>
b0 =
0:
b0 -
b0 8
b0 *
b0 7
04
03
0,
1'
b11100000 \
b11100000 5
1+
#196880000
0+
#196900000
1:
1>
b1100 =
0'
13
1,
14
b11100000 -
b11100000 8
b10000000000000111000000001100 *
b10000000000000111000000001100 7
1+
#196920000
0+
#196940000
0>
b0 =
0:
b0 -
b0 8
b0 *
b0 7
04
03
0,
1'
b11100001 \
b11100001 5
1+
#196960000
0+
#196980000
1:
1>
b1100 =
0'
13
1,
14
b11100001 -
b11100001 8
b10000000000000111000000001100 *
b10000000000000111000000001100 7
1+
#197000000
0+
#197020000
0>
b0 =
0:
b0 -
b0 8
b0 *
b0 7
04
03
0,
1'
b11100010 \
b11100010 5
1+
#197040000
0+
#197060000
1:
1>
b1100 =
0'
13
1,
14
b11100010 -
b11100010 8
b10000000000000111000000001100 *
b10000000000000111000000001100 7
1+
#197080000
0+
#197100000
0>
b0 =
0:
b0 -
b0 8
b0 *
b0 7
04
03
0,
1'
b11100011 \
b11100011 5
1+
#197120000
0+
#197140000
1:
1>
b1100 =
0'
13
1,
14
b11100011 -
b11100011 8
b10000000000000111000000001100 *
b10000000000000111000000001100 7
1+
#197160000
0+
#197180000
0>
b0 =
0:
b0 -
b0 8
b0 *
b0 7
04
03
0,
1'
b11100100 \
b11100100 5
1+
#197200000
0+
#197220000
1:
1>
b1100 =
0'
13
1,
14
b11100100 -
b11100100 8
b10000000000000111000000001100 *
b10000000000000111000000001100 7
1+
#197240000
0+
#197260000
0>
b0 =
0:
b0 -
b0 8
b0 *
b0 7
04
03
0,
1'
b11100101 \
b11100101 5
1+
#197280000
0+
#197300000
1:
1>
b1100 =
0'
13
1,
14
b11100101 -
b11100101 8
b10000000000000111000000001100 *
b10000000000000111000000001100 7
1+
#197320000
0+
#197340000
0>
b0 =
0:
b0 -
b0 8
b0 *
b0 7
04
03
0,
1'
b11100110 \
b11100110 5
1+
#197360000
0+
#197380000
1:
1>
b1100 =
0'
13
1,
14
b11100110 -
b11100110 8
b10000000000000111000000001100 *
b10000000000000111000000001100 7
1+
#197400000
0+
#197420000
0>
b0 =
0:
b0 -
b0 8
b0 *
b0 7
04
03
0,
1'
b11100111 \
b11100111 5
1+
#197440000
0+
#197460000
1:
1>
b1100 =
0'
13
1,
14
b11100111 -
b11100111 8
b10000000000000111000000001100 *
b10000000000000111000000001100 7
1+
#197480000
0+
#197500000
0>
b0 =
0:
b0 -
b0 8
b0 *
b0 7
04
03
0,
1'
b11101000 \
b11101000 5
1+
#197520000
0+
#197540000
1:
1>
b1100 =
0'
13
1,
14
b11101000 -
b11101000 8
b10000000000000111000000001100 *
b10000000000000111000000001100 7
1+
#197560000
0+
#197580000
0>
b0 =
0:
b0 -
b0 8
b0 *
b0 7
04
03
0,
1'
b11101001 \
b11101001 5
1+
#197600000
0+
#197620000
1:
1>
b1100 =
0'
13
1,
14
b11101001 -
b11101001 8
b10000000000000111000000001100 *
b10000000000000111000000001100 7
1+
#197640000
0+
#197660000
0>
b0 =
0:
b0 -
b0 8
b0 *
b0 7
04
03
0,
1'
b11101010 \
b11101010 5
1+
#197680000
0+
#197700000
1:
1>
b1100 =
0'
13
1,
14
b11101010 -
b11101010 8
b10000000000000111000000001100 *
b10000000000000111000000001100 7
1+
#197720000
0+
#197740000
0>
b0 =
0:
b0 -
b0 8
b0 *
b0 7
04
03
0,
1'
b11101011 \
b11101011 5
1+
#197760000
0+
#197780000
1:
1>
b1100 =
0'
13
1,
14
b11101011 -
b11101011 8
b10000000000000111000000001100 *
b10000000000000111000000001100 7
1+
#197800000
0+
#197820000
0>
b0 =
0:
b0 -
b0 8
b0 *
b0 7
04
03
0,
1'
b11101100 \
b11101100 5
1+
#197840000
0+
#197860000
1:
1>
b1100 =
0'
13
1,
14
b11101100 -
b11101100 8
b10000000000000111000000001100 *
b10000000000000111000000001100 7
1+
#197880000
0+
#197900000
0>
b0 =
0:
b0 -
b0 8
b0 *
b0 7
04
03
0,
1'
b11101101 \
b11101101 5
1+
#197920000
0+
#197940000
1:
1>
b1100 =
0'
13
1,
14
b11101101 -
b11101101 8
b10000000000000111000000001100 *
b10000000000000111000000001100 7
1+
#197960000
0+
#197980000
0>
b0 =
0:
b0 -
b0 8
b0 *
b0 7
04
03
0,
1'
b11101110 \
b11101110 5
1+
#198000000
0+
#198020000
1:
1>
b1100 =
0'
13
1,
14
b11101110 -
b11101110 8
b10000000000000111000000001100 *
b10000000000000111000000001100 7
1+
#198040000
0+
#198060000
0>
b0 =
0:
b0 -
b0 8
b0 *
b0 7
04
03
0,
1'
b11101111 \
b11101111 5
1+
#198080000
0+
#198100000
1:
1>
b1100 =
0'
13
1,
14
b11101111 -
b11101111 8
b10000000000000111000000001100 *
b10000000000000111000000001100 7
1+
#198120000
0+
#198140000
0>
b0 =
0:
b0 -
b0 8
b0 *
b0 7
04
03
0,
1'
b11110000 \
b11110000 5
1+
#198160000
0+
#198180000
1:
1>
b1100 =
0'
13
1,
14
b11110000 -
b11110000 8
b10000000000000111000000001100 *
b10000000000000111000000001100 7
1+
#198200000
0+
#198220000
0>
b0 =
0:
b0 -
b0 8
b0 *
b0 7
04
03
0,
1'
b11110001 \
b11110001 5
1+
#198240000
0+
#198260000
1:
1>
b1100 =
0'
13
1,
14
b11110001 -
b11110001 8
b10000000000000111000000001100 *
b10000000000000111000000001100 7
1+
#198280000
0+
#198300000
0>
b0 =
0:
b0 -
b0 8
b0 *
b0 7
04
03
0,
1'
b11110010 \
b11110010 5
1+
#198320000
0+
#198340000
1:
1>
b1100 =
0'
13
1,
14
b11110010 -
b11110010 8
b10000000000000111000000001100 *
b10000000000000111000000001100 7
1+
#198360000
0+
#198380000
0>
b0 =
0:
b0 -
b0 8
b0 *
b0 7
04
03
0,
1'
b11110011 \
b11110011 5
1+
#198400000
0+
#198420000
1:
1>
b1100 =
0'
13
1,
14
b11110011 -
b11110011 8
b10000000000000111000000001100 *
b10000000000000111000000001100 7
1+
#198440000
0+
#198460000
0>
b0 =
0:
b0 -
b0 8
b0 *
b0 7
04
03
0,
1'
b11110100 \
b11110100 5
1+
#198480000
0+
#198500000
1:
1>
b1100 =
0'
13
1,
14
b11110100 -
b11110100 8
b10000000000000111000000001100 *
b10000000000000111000000001100 7
1+
#198520000
0+
#198540000
0>
b0 =
0:
b0 -
b0 8
b0 *
b0 7
04
03
0,
1'
b11110101 \
b11110101 5
1+
#198560000
0+
#198580000
1:
1>
b1100 =
0'
13
1,
14
b11110101 -
b11110101 8
b10000000000000111000000001100 *
b10000000000000111000000001100 7
1+
#198600000
0+
#198620000
0>
b0 =
0:
b0 -
b0 8
b0 *
b0 7
04
03
0,
1'
b11110110 \
b11110110 5
1+
#198640000
0+
#198660000
1:
1>
b1100 =
0'
13
1,
14
b11110110 -
b11110110 8
b10000000000000111000000001100 *
b10000000000000111000000001100 7
1+
#198680000
0+
#198700000
0>
b0 =
0:
b0 -
b0 8
b0 *
b0 7
04
03
0,
1'
b11110111 \
b11110111 5
1+
#198720000
0+
#198740000
1:
1>
b1100 =
0'
13
1,
14
b11110111 -
b11110111 8
b10000000000000111000000001100 *
b10000000000000111000000001100 7
1+
#198760000
0+
#198780000
0>
b0 =
0:
b0 -
b0 8
b0 *
b0 7
04
03
0,
1'
b11111000 \
b11111000 5
1+
#198800000
0+
#198820000
1:
1>
b1100 =
0'
13
1,
14
b11111000 -
b11111000 8
b10000000000000111000000001100 *
b10000000000000111000000001100 7
1+
#198840000
0+
#198860000
0>
b0 =
0:
b0 -
b0 8
b0 *
b0 7
04
03
0,
1'
b11111001 \
b11111001 5
1+
#198880000
0+
#198900000
1:
1>
b1100 =
0'
13
1,
14
b11111001 -
b11111001 8
b10000000000000111000000001100 *
b10000000000000111000000001100 7
1+
#198920000
0+
#198940000
0>
b0 =
0:
b0 -
b0 8
b0 *
b0 7
04
03
0,
1'
b11111010 \
b11111010 5
1+
#198960000
0+
#198980000
1:
1>
b1100 =
0'
13
1,
14
b11111010 -
b11111010 8
b10000000000000111000000001100 *
b10000000000000111000000001100 7
1+
#199000000
0+
#199020000
0>
b0 =
0:
b0 -
b0 8
b0 *
b0 7
04
03
0,
1'
b11111011 \
b11111011 5
1+
#199040000
0+
#199060000
1:
1>
b1100 =
0'
13
1,
14
b11111011 -
b11111011 8
b10000000000000111000000001100 *
b10000000000000111000000001100 7
1+
#199080000
0+
#199100000
0>
b0 =
0:
b0 -
b0 8
b0 *
b0 7
04
03
0,
1'
b11111100 \
b11111100 5
1+
#199120000
0+
#199140000
1:
1>
b1100 =
0'
13
1,
14
b11111100 -
b11111100 8
b10000000000000111000000001100 *
b10000000000000111000000001100 7
1+
#199160000
0+
#199180000
0>
b0 =
0:
b0 -
b0 8
b0 *
b0 7
04
03
0,
1'
b11111101 \
b11111101 5
1+
#199200000
0+
#199220000
1:
1>
b1100 =
0'
13
1,
14
b11111101 -
b11111101 8
b10000000000000111000000001100 *
b10000000000000111000000001100 7
1+
#199240000
0+
#199260000
0>
b0 =
0:
b0 -
b0 8
b0 *
b0 7
04
03
0,
1'
b11111110 \
b11111110 5
1+
#199280000
0+
#199300000
1:
1>
b1100 =
0'
13
1,
14
b11111110 -
b11111110 8
b10000000000000111000000001100 *
b10000000000000111000000001100 7
1+
#199320000
0+
#199340000
0>
b0 =
0:
b0 -
b0 8
b0 *
b0 7
04
03
0,
1'
b11111111 \
b11111111 5
1+
#199360000
0+
#199380000
1:
1>
b1100 =
0'
13
1,
14
b11111111 -
b11111111 8
b10000000000000111000000001100 *
b10000000000000111000000001100 7
1+
#199400000
0+
#199420000
0>
b0 =
0:
b0 -
b0 8
b0 *
b0 7
04
03
0,
1'
b0 \
b100000000 5
1+
#199440000
0+
#199460000
1:
1>
b100 =
0'
13
1,
14
b10 -
b10 8
b10000000000000111000000000100 *
b10000000000000111000000000100 7
1+
#199480000
0+
#199500000
0>
b0 =
0:
b0 -
b0 8
b0 *
b0 7
04
03
0,
1'
b0 X
b110000110101000000 [
1W
b100 b
1+
#199520000
0+
#199540000
1_
1a
b110 ]
b110 e
b110000110100111111 [
0'
b100 /
1+
#199560000
0+
#199580000
b110000110100111110 [
0a
b1 r
b0 m
0$
b110000000000000000000000000 q
1+
#199600000
0+
#199620000
b1 m
1%
b1100000000000000000000000000 q
0#
b110000110100111101 [
1+
#199640000
0+
#199660000
b110000110100111100 [
0%
1+
#199680000
0+
#199700000
b10 m
1%
b11000000000000000000000000000 q
b110000110100111011 [
1+
#199720000
0+
#199740000
b110000110100111010 [
0%
1+
#199760000
0+
#199780000
b11 m
1%
b110000000000000000000000000000 q
b110000110100111001 [
1+
#199800000
0+
#199820000
b110000110100111000 [
0%
1+
#199840000
0+
#199860000
b100 m
1%
b1100000000000000000000000000000 q
b110000110100110111 [
1+
#199880000
0+
#199900000
b110000110100110110 [
0%
1+
#199920000
0+
#199940000
b101 m
1%
b11000000000000000000000000000000 q
b110000110100110101 [
1+
#199960000
0+
#199980000
b110000110100110100 [
0%
1+
#200000000
0+
#200020000
b110 m
1%
b10000000000000000000000000000000 q
1#
b110000110100110011 [
1+
#200040000
0+
#200060000
b110000110100110010 [
0%
1+
#200080000
0+
#200100000
b111 m
1%
b0 q
b110000110100110001 [
1+
#200120000
0+
#200140000
b110000110100110000 [
b0 r
1;
1$
0%
1+
#200160000
0+
#200180000
0;
b101 b
0_
b110000110100101111 [
1+
#200200000
0+
#200220000
b101 /
1_
1a
1^
b10 ]
b10 e
b110000110100101110 [
1+
#200240000
0+
#200260000
b1 r
b0 m
0$
b10000000000000000000000000 q
b110000110100101101 [
0^
0a
1+
#200280000
0+
#200300000
b110000110100101100 [
b1 m
1%
b100000000000000000000000000 q
0#
1+
#200320000
0+
#200340000
0%
b110000110100101011 [
1+
#200360000
0+
#200380000
b110000110100101010 [
b10 m
1%
b1000000000000000000000000000 q
1+
#200400000
0+
#200420000
0%
b110000110100101001 [
1+
#200440000
0+
#200460000
b110000110100101000 [
b11 m
1%
b10000000000000000000000000000 q
1+
#200480000
0+
#200500000
0%
b110000110100100111 [
1+
#200520000
0+
#200540000
b110000110100100110 [
b100 m
1%
b100000000000000000000000000000 q
1+
#200560000
0+
#200580000
0%
b110000110100100101 [
1+
#200600000
0+
#200620000
b110000110100100100 [
b101 m
1%
b1000000000000000000000000000000 q
1+
#200640000
0+
#200660000
0%
b110000110100100011 [
1+
#200680000
0+
#200700000
b110000110100100010 [
b110 m
1%
b10000000000000000000000000000000 q
1+
#200720000
0+
#200740000
0%
b110000110100100001 [
1+
#200760000
0+
#200780000
b110000110100100000 [
b111 m
1%
b0 q
1#
1+
#200800000
0+
#200820000
b0 r
1;
1$
0%
b110000110100011111 [
1+
#200840000
0+
#200860000
b110 b
0_
b110000110100011110 [
0;
1+
#200880000
0+
#200900000
1_
1a
1^
b0 ]
b0 e
b110000110100011101 [
b110 /
1+
#200920000
0+
#200940000
b110000110100011100 [
0^
0a
b1 r
b0 m
0$
1+
#200960000
0+
#200980000
b1 m
1%
0#
b110000110100011011 [
1+
#201000000
0+
#201020000
b110000110100011010 [
0%
1+
#201040000
0+
#201060000
b10 m
1%
b110000110100011001 [
1+
#201080000
0+
#201100000
b110000110100011000 [
0%
1+
#201120000
0+
#201140000
b11 m
1%
b110000110100010111 [
1+
#201160000
0+
#201180000
b110000110100010110 [
0%
1+
#201200000
0+
#201220000
b100 m
1%
b110000110100010101 [
1+
#201240000
0+
#201260000
b110000110100010100 [
0%
1+
#201280000
0+
#201300000
b101 m
1%
b110000110100010011 [
1+
#201320000
0+
#201340000
b110000110100010010 [
0%
1+
#201360000
0+
#201380000
b110 m
1%
b110000110100010001 [
1+
#201400000
0+
#201420000
b110000110100010000 [
0%
1+
#201440000
0+
#201460000
b111 m
1%
b110000110100001111 [
1+
#201480000
0+
#201500000
b110000110100001110 [
b0 r
1;
1$
0%
1+
#201520000
0+
#201540000
1#
0;
b1 X
0_
b110000110100001101 [
1+
#201560000
0+
#201580000
1_
1a
1^
b110000110100001100 [
1+
#201600000
0+
#201620000
b1 r
b0 m
0$
b110000110100001011 [
0^
0a
1+
#201640000
0+
#201660000
b110000110100001010 [
b1 m
1%
0#
1+
#201680000
0+
#201700000
0%
b110000110100001001 [
1+
#201720000
0+
#201740000
b110000110100001000 [
b10 m
1%
1+
#201760000
0+
#201780000
0%
b110000110100000111 [
1+
#201800000
0+
#201820000
b110000110100000110 [
b11 m
1%
1+
#201840000
0+
#201860000
0%
b110000110100000101 [
1+
#201880000
0+
#201900000
b110000110100000100 [
b100 m
1%
1+
#201920000
0+
#201940000
0%
b110000110100000011 [
1+
#201960000
0+
#201980000
b110000110100000010 [
b101 m
1%
1+
#202000000
0+
#202020000
0%
b110000110100000001 [
1+
#202040000
0+
#202060000
b110000110100000000 [
b110 m
1%
1+
#202080000
0+
#202100000
0%
b110000110011111111 [
1+
#202120000
0+
#202140000
b110000110011111110 [
b111 m
1%
1+
#202160000
0+
#202180000
b0 r
1;
1$
0%
b110000110011111101 [
1+
#202200000
0+
#202220000
b10 X
0_
b110000110011111100 [
1#
0;
1+
#202240000
0+
#202260000
1_
1a
1^
b110000110011111011 [
1+
#202280000
0+
#202300000
b110000110011111010 [
0^
0a
b1 r
b0 m
0$
1+
#202320000
0+
#202340000
b1 m
1%
0#
b110000110011111001 [
1+
#202360000
0+
#202380000
b110000110011111000 [
0%
1+
#202400000
0+
#202420000
b10 m
1%
b110000110011110111 [
1+
#202440000
0+
#202460000
b110000110011110110 [
0%
1+
#202480000
0+
#202500000
b11 m
1%
b110000110011110101 [
1+
#202520000
0+
#202540000
b110000110011110100 [
0%
1+
#202560000
0+
#202580000
b100 m
1%
b110000110011110011 [
1+
#202600000
0+
#202620000
b110000110011110010 [
0%
1+
#202640000
0+
#202660000
b101 m
1%
b110000110011110001 [
1+
#202680000
0+
#202700000
b110000110011110000 [
0%
1+
#202720000
0+
#202740000
b110 m
1%
b110000110011101111 [
1+
#202760000
0+
#202780000
b110000110011101110 [
0%
1+
#202800000
0+
#202820000
b111 m
1%
b110000110011101101 [
1+
#202840000
0+
#202860000
b110000110011101100 [
b0 r
1;
1$
0%
1+
#202880000
0+
#202900000
1#
0;
b111 b
b0 X
0_
b110000110011101011 [
1+
#202920000
0+
#202940000
b111 /
1_
1a
1^
b110000110011101010 [
1+
#202960000
0+
#202980000
b1 r
b0 m
0$
b110000110011101001 [
0^
0a
1+
#203000000
0+
#203020000
b110000110011101000 [
b1 m
1%
0#
1+
#203040000
0+
#203060000
0%
b110000110011100111 [
1+
#203080000
0+
#203100000
b110000110011100110 [
b10 m
1%
1+
#203120000
0+
#203140000
0%
b110000110011100101 [
1+
#203160000
0+
#203180000
b110000110011100100 [
b11 m
1%
1+
#203200000
0+
#203220000
0%
b110000110011100011 [
1+
#203240000
0+
#203260000
b110000110011100010 [
b100 m
1%
1+
#203280000
0+
#203300000
0%
b110000110011100001 [
1+
#203320000
0+
#203340000
b110000110011100000 [
b101 m
1%
1+
#203360000
0+
#203380000
0%
b110000110011011111 [
1+
#203400000
0+
#203420000
b110000110011011110 [
b110 m
1%
1+
#203440000
0+
#203460000
0%
b110000110011011101 [
1+
#203480000
0+
#203500000
b110000110011011100 [
b111 m
1%
1+
#203520000
0+
#203540000
b0 r
1;
1$
0%
b110000110011011011 [
1+
#203560000
0+
#203580000
b1 X
0_
b110000110011011010 [
1#
0;
1+
#203600000
0+
#203620000
1_
1a
1^
b1 ]
b1 e
b110000110011011001 [
1+
#203640000
0+
#203660000
b110000110011011000 [
0^
0a
b1 r
b0 m
0$
b1000000000000000000000000 q
1+
#203680000
0+
#203700000
b1 m
1%
b10000000000000000000000000 q
0#
b110000110011010111 [
1+
#203720000
0+
#203740000
b110000110011010110 [
0%
1+
#203760000
0+
#203780000
b10 m
1%
b100000000000000000000000000 q
b110000110011010101 [
1+
#203800000
0+
#203820000
b110000110011010100 [
0%
1+
#203840000
0+
#203860000
b11 m
1%
b1000000000000000000000000000 q
b110000110011010011 [
1+
#203880000
0+
#203900000
b110000110011010010 [
0%
1+
#203920000
0+
#203940000
b100 m
1%
b10000000000000000000000000000 q
b110000110011010001 [
1+
#203960000
0+
#203980000
b110000110011010000 [
0%
1+
#204000000
0+
#204020000
b101 m
1%
b100000000000000000000000000000 q
b110000110011001111 [
1+
#204040000
0+
#204060000
b110000110011001110 [
0%
1+
#204080000
0+
#204100000
b110 m
1%
b1000000000000000000000000000000 q
b110000110011001101 [
1+
#204120000
0+
#204140000
b110000110011001100 [
0%
1+
#204160000
0+
#204180000
b111 m
1%
b10000000000000000000000000000000 q
b110000110011001011 [
1+
#204200000
0+
#204220000
b110000110011001010 [
b0 r
1;
1$
0%
1+
#204240000
0+
#204260000
1#
0;
b10 X
0_
b110000110011001001 [
1+
#204280000
0+
#204300000
1_
1a
1^
b10 ]
b10 e
b110000110011001000 [
1+
#204320000
0+
#204340000
b1 r
b0 m
0$
b10000000000000000000000000 q
b110000110011000111 [
0^
0a
1+
#204360000
0+
#204380000
b110000110011000110 [
b1 m
1%
b100000000000000000000000000 q
0#
1+
#204400000
0+
#204420000
0%
b110000110011000101 [
1+
#204440000
0+
#204460000
b110000110011000100 [
b10 m
1%
b1000000000000000000000000000 q
1+
#204480000
0+
#204500000
0%
b110000110011000011 [
1+
#204520000
0+
#204540000
b110000110011000010 [
b11 m
1%
b10000000000000000000000000000 q
1+
#204560000
0+
#204580000
0%
b110000110011000001 [
1+
#204600000
0+
#204620000
b110000110011000000 [
b100 m
1%
b100000000000000000000000000000 q
1+
#204640000
0+
#204660000
0%
b110000110010111111 [
1+
#204680000
0+
#204700000
b110000110010111110 [
b101 m
1%
b1000000000000000000000000000000 q
1+
#204720000
0+
#204740000
0%
b110000110010111101 [
1+
#204760000
0+
#204780000
b110000110010111100 [
b110 m
1%
b10000000000000000000000000000000 q
1+
#204800000
0+
#204820000
0%
b110000110010111011 [
1+
#204840000
0+
#204860000
b110000110010111010 [
b111 m
1%
b0 q
1#
1+
#204880000
0+
#204900000
b0 r
1;
1$
0%
b110000110010111001 [
1+
#204920000
0+
#204940000
b11 X
0_
b110000110010111000 [
0;
1+
#204960000
0+
#204980000
1_
1a
1^
b11 ]
b11 e
b110000110010110111 [
1+
#205000000
0+
#205020000
b110000110010110110 [
0^
0a
b1 r
b0 m
0$
b11000000000000000000000000 q
1+
#205040000
0+
#205060000
b1 m
1%
b110000000000000000000000000 q
0#
b110000110010110101 [
1+
#205080000
0+
#205100000
b110000110010110100 [
0%
1+
#205120000
0+
#205140000
b10 m
1%
b1100000000000000000000000000 q
b110000110010110011 [
1+
#205160000
0+
#205180000
b110000110010110010 [
0%
1+
#205200000
0+
#205220000
b11 m
1%
b11000000000000000000000000000 q
b110000110010110001 [
1+
#205240000
0+
#205260000
b110000110010110000 [
0%
1+
#205280000
0+
#205300000
b100 m
1%
b110000000000000000000000000000 q
b110000110010101111 [
1+
#205320000
0+
#205340000
b110000110010101110 [
0%
1+
#205360000
0+
#205380000
b101 m
1%
b1100000000000000000000000000000 q
b110000110010101101 [
1+
#205400000
0+
#205420000
b110000110010101100 [
0%
1+
#205440000
0+
#205460000
b110 m
1%
b11000000000000000000000000000000 q
b110000110010101011 [
1+
#205480000
0+
#205500000
b110000110010101010 [
0%
1+
#205520000
0+
#205540000
b111 m
1%
b10000000000000000000000000000000 q
1#
b110000110010101001 [
1+
#205560000
0+
#205580000
b110000110010101000 [
b0 r
1;
1$
0%
1+
#205600000
0+
#205620000
0;
b100 X
0_
b110000110010100111 [
1+
#205640000
0+
#205660000
1_
1a
1^
b100 ]
b100 e
b110000110010100110 [
1+
#205680000
0+
#205700000
b1 r
b0 m
0$
b100000000000000000000000000 q
b110000110010100101 [
0^
0a
1+
#205720000
0+
#205740000
b110000110010100100 [
b1 m
1%
b1000000000000000000000000000 q
0#
1+
#205760000
0+
#205780000
0%
b110000110010100011 [
1+
#205800000
0+
#205820000
b110000110010100010 [
b10 m
1%
b10000000000000000000000000000 q
1+
#205840000
0+
#205860000
0%
b110000110010100001 [
1+
#205880000
0+
#205900000
b110000110010100000 [
b11 m
1%
b100000000000000000000000000000 q
1+
#205920000
0+
#205940000
0%
b110000110010011111 [
1+
#205960000
0+
#205980000
b110000110010011110 [
b100 m
1%
b1000000000000000000000000000000 q
1+
#206000000
0+
#206020000
0%
b110000110010011101 [
1+
#206040000
0+
#206060000
b110000110010011100 [
b101 m
1%
b10000000000000000000000000000000 q
1+
#206080000
0+
#206100000
0%
b110000110010011011 [
1+
#206120000
0+
#206140000
b110000110010011010 [
b110 m
1%
b0 q
1#
1+
#206160000
0+
#206180000
0%
b110000110010011001 [
1+
#206200000
0+
#206220000
b110000110010011000 [
b111 m
1%
0#
1+
#206240000
0+
#206260000
b0 r
1;
1$
0%
b110000110010010111 [
1+
#206280000
0+
#206300000
b101 X
0_
b110000110010010110 [
1#
0;
1+
#206320000
0+
#206340000
1_
1a
1^
b101 ]
b101 e
b110000110010010101 [
1+
#206360000
0+
#206380000
b110000110010010100 [
0^
0a
b1 r
b0 m
0$
b101000000000000000000000000 q
1+
#206400000
0+
#206420000
b1 m
1%
b1010000000000000000000000000 q
0#
b110000110010010011 [
1+
#206440000
0+
#206460000
b110000110010010010 [
0%
1+
#206480000
0+
#206500000
b10 m
1%
b10100000000000000000000000000 q
b110000110010010001 [
1+
#206520000
0+
#206540000
b110000110010010000 [
0%
1+
#206560000
0+
#206580000
b11 m
1%
b101000000000000000000000000000 q
b110000110010001111 [
1+
#206600000
0+
#206620000
b110000110010001110 [
0%
1+
#206640000
0+
#206660000
b100 m
1%
b1010000000000000000000000000000 q
b110000110010001101 [
1+
#206680000
0+
#206700000
b110000110010001100 [
0%
1+
#206720000
0+
#206740000
b101 m
1%
b10100000000000000000000000000000 q
b110000110010001011 [
1+
#206760000
0+
#206780000
b110000110010001010 [
0%
1+
#206800000
0+
#206820000
b110 m
1%
b1000000000000000000000000000000 q
1#
b110000110010001001 [
1+
#206840000
0+
#206860000
b110000110010001000 [
0%
1+
#206880000
0+
#206900000
b111 m
1%
b10000000000000000000000000000000 q
0#
b110000110010000111 [
1+
#206920000
0+
#206940000
b110000110010000110 [
b0 r
1;
1$
0%
1+
#206960000
0+
#206980000
1#
0;
b110 X
0_
b110000110010000101 [
1+
#207000000
0+
#207020000
1_
1a
1^
b110 ]
b110 e
b110000110010000100 [
1+
#207040000
0+
#207060000
b1 r
b0 m
0$
b110000000000000000000000000 q
b110000110010000011 [
0^
0a
1+
#207080000
0+
#207100000
b110000110010000010 [
b1 m
1%
b1100000000000000000000000000 q
0#
1+
#207120000
0+
#207140000
0%
b110000110010000001 [
1+
#207160000
0+
#207180000
b110000110010000000 [
b10 m
1%
b11000000000000000000000000000 q
1+
#207200000
0+
#207220000
0%
b110000110001111111 [
1+
#207240000
0+
#207260000
b110000110001111110 [
b11 m
1%
b110000000000000000000000000000 q
1+
#207280000
0+
#207300000
0%
b110000110001111101 [
1+
#207320000
0+
#207340000
b110000110001111100 [
b100 m
1%
b1100000000000000000000000000000 q
1+
#207360000
0+
#207380000
0%
b110000110001111011 [
1+
#207400000
0+
#207420000
b110000110001111010 [
b101 m
1%
b11000000000000000000000000000000 q
1+
#207440000
0+
#207460000
0%
b110000110001111001 [
1+
#207480000
0+
#207500000
b110000110001111000 [
b110 m
1%
b10000000000000000000000000000000 q
1#
1+
#207520000
0+
#207540000
0%
b110000110001110111 [
1+
#207560000
0+
#207580000
b110000110001110110 [
b111 m
1%
b0 q
1+
#207600000
0+
#207620000
b0 r
1;
1$
0%
b110000110001110101 [
1+
#207640000
0+
#207660000
b111 X
0_
b110000110001110100 [
0;
1+
#207680000
0+
#207700000
1_
1a
1^
b111 ]
b111 e
b110000110001110011 [
1+
#207720000
0+
#207740000
b110000110001110010 [
0^
0a
b1 r
b0 m
0$
b111000000000000000000000000 q
1+
#207760000
0+
#207780000
b1 m
1%
b1110000000000000000000000000 q
0#
b110000110001110001 [
1+
#207800000
0+
#207820000
b110000110001110000 [
0%
1+
#207840000
0+
#207860000
b10 m
1%
b11100000000000000000000000000 q
b110000110001101111 [
1+
#207880000
0+
#207900000
b110000110001101110 [
0%
1+
#207920000
0+
#207940000
b11 m
1%
b111000000000000000000000000000 q
b110000110001101101 [
1+
#207960000
0+
#207980000
b110000110001101100 [
0%
1+
#208000000
0+
#208020000
b100 m
1%
b1110000000000000000000000000000 q
b110000110001101011 [
1+
#208040000
0+
#208060000
b110000110001101010 [
0%
1+
#208080000
0+
#208100000
b101 m
1%
b11100000000000000000000000000000 q
b110000110001101001 [
1+
#208120000
0+
#208140000
b110000110001101000 [
0%
1+
#208160000
0+
#208180000
b110 m
1%
b11000000000000000000000000000000 q
1#
b110000110001100111 [
1+
#208200000
0+
#208220000
b110000110001100110 [
0%
1+
#208240000
0+
#208260000
b111 m
1%
b10000000000000000000000000000000 q
b110000110001100101 [
1+
#208280000
0+
#208300000
b110000110001100100 [
b0 r
1;
1$
0%
1+
#208320000
0+
#208340000
0;
b1000 X
0_
b110000110001100011 [
1+
#208360000
0+
#208380000
1_
1a
1^
b1000 ]
b1000 e
b110000110001100010 [
1+
#208400000
0+
#208420000
b1 r
b0 m
0$
b1000000000000000000000000000 q
b110000110001100001 [
0^
0a
1+
#208440000
0+
#208460000
b110000110001100000 [
b1 m
1%
b10000000000000000000000000000 q
0#
1+
#208480000
0+
#208500000
0%
b110000110001011111 [
1+
#208520000
0+
#208540000
b110000110001011110 [
b10 m
1%
b100000000000000000000000000000 q
1+
#208560000
0+
#208580000
0%
b110000110001011101 [
1+
#208600000
0+
#208620000
b110000110001011100 [
b11 m
1%
b1000000000000000000000000000000 q
1+
#208640000
0+
#208660000
0%
b110000110001011011 [
1+
#208680000
0+
#208700000
b110000110001011010 [
b100 m
1%
b10000000000000000000000000000000 q
1+
#208720000
0+
#208740000
0%
b110000110001011001 [
1+
#208760000
0+
#208780000
b110000110001011000 [
b101 m
1%
b0 q
1#
1+
#208800000
0+
#208820000
0%
b110000110001010111 [
1+
#208840000
0+
#208860000
b110000110001010110 [
b110 m
1%
0#
1+
#208880000
0+
#208900000
0%
b110000110001010101 [
1+
#208920000
0+
#208940000
b110000110001010100 [
b111 m
1%
1+
#208960000
0+
#208980000
b0 r
1;
1$
0%
b110000110001010011 [
1+
#209000000
0+
#209020000
b1001 X
0_
b110000110001010010 [
1#
0;
1+
#209040000
0+
#209060000
1_
1a
1^
b1001 ]
b1001 e
b110000110001010001 [
1+
#209080000
0+
#209100000
b110000110001010000 [
0^
0a
b1 r
b0 m
0$
b1001000000000000000000000000 q
1+
#209120000
0+
#209140000
b1 m
1%
b10010000000000000000000000000 q
0#
b110000110001001111 [
1+
#209160000
0+
#209180000
b110000110001001110 [
0%
1+
#209200000
0+
#209220000
b10 m
1%
b100100000000000000000000000000 q
b110000110001001101 [
1+
#209240000
0+
#209260000
b110000110001001100 [
0%
1+
#209280000
0+
#209300000
b11 m
1%
b1001000000000000000000000000000 q
b110000110001001011 [
1+
#209320000
0+
#209340000
b110000110001001010 [
0%
1+
#209360000
0+
#209380000
b100 m
1%
b10010000000000000000000000000000 q
b110000110001001001 [
1+
#209400000
0+
#209420000
b110000110001001000 [
0%
1+
#209440000
0+
#209460000
b101 m
1%
b100000000000000000000000000000 q
1#
b110000110001000111 [
1+
#209480000
0+
#209500000
b110000110001000110 [
0%
1+
#209520000
0+
#209540000
b110 m
1%
b1000000000000000000000000000000 q
0#
b110000110001000101 [
1+
#209560000
0+
#209580000
b110000110001000100 [
0%
1+
#209600000
0+
#209620000
b111 m
1%
b10000000000000000000000000000000 q
b110000110001000011 [
1+
#209640000
0+
#209660000
b110000110001000010 [
b0 r
1;
1$
0%
1+
#209680000
0+
#209700000
1#
0;
b1010 X
0_
b110000110001000001 [
1+
#209720000
0+
#209740000
1_
1a
1^
b1010 ]
b1010 e
b110000110001000000 [
1+
#209760000
0+
#209780000
b1 r
b0 m
0$
b1010000000000000000000000000 q
b110000110000111111 [
0^
0a
1+
#209800000
0+
#209820000
b110000110000111110 [
b1 m
1%
b10100000000000000000000000000 q
0#
1+
#209840000
0+
#209860000
0%
b110000110000111101 [
1+
#209880000
0+
#209900000
b110000110000111100 [
b10 m
1%
b101000000000000000000000000000 q
1+
#209920000
0+
#209940000
0%
b110000110000111011 [
1+
#209960000
0+
#209980000
b110000110000111010 [
b11 m
1%
b1010000000000000000000000000000 q
1+
#210000000
0+
#210020000
0%
b110000110000111001 [
1+
#210040000
0+
#210060000
b110000110000111000 [
b100 m
1%
b10100000000000000000000000000000 q
1+
#210080000
0+
#210100000
0%
b110000110000110111 [
1+
#210120000
0+
#210140000
b110000110000110110 [
b101 m
1%
b1000000000000000000000000000000 q
1#
1+
#210160000
0+
#210180000
0%
b110000110000110101 [
1+
#210200000
0+
#210220000
b110000110000110100 [
b110 m
1%
b10000000000000000000000000000000 q
0#
1+
#210240000
0+
#210260000
0%
b110000110000110011 [
1+
#210280000
0+
#210300000
b110000110000110010 [
b111 m
1%
b0 q
1#
1+
#210320000
0+
#210340000
b0 r
1;
1$
0%
b110000110000110001 [
1+
#210360000
0+
#210380000
b1011 X
0_
b110000110000110000 [
0;
1+
#210400000
0+
#210420000
1_
1a
1^
b1011 ]
b1011 e
b110000110000101111 [
1+
#210440000
0+
#210460000
b110000110000101110 [
0^
0a
b1 r
b0 m
0$
b1011000000000000000000000000 q
1+
#210480000
0+
#210500000
b1 m
1%
b10110000000000000000000000000 q
0#
b110000110000101101 [
1+
#210520000
0+
#210540000
b110000110000101100 [
0%
1+
#210560000
0+
#210580000
b10 m
1%
b101100000000000000000000000000 q
b110000110000101011 [
1+
#210600000
0+
#210620000
b110000110000101010 [
0%
1+
#210640000
0+
#210660000
b11 m
1%
b1011000000000000000000000000000 q
b110000110000101001 [
1+
#210680000
0+
#210700000
b110000110000101000 [
0%
1+
#210720000
0+
#210740000
b100 m
1%
b10110000000000000000000000000000 q
b110000110000100111 [
1+
#210760000
0+
#210780000
b110000110000100110 [
0%
1+
#210800000
0+
#210820000
b101 m
1%
b1100000000000000000000000000000 q
1#
b110000110000100101 [
1+
#210840000
0+
#210860000
b110000110000100100 [
0%
1+
#210880000
0+
#210900000
b110 m
1%
b11000000000000000000000000000000 q
0#
b110000110000100011 [
1+
#210920000
0+
#210940000
b110000110000100010 [
0%
1+
#210960000
0+
#210980000
b111 m
1%
b10000000000000000000000000000000 q
1#
b110000110000100001 [
1+
#211000000
0+
#211020000
b110000110000100000 [
b0 r
1;
1$
0%
1+
#211040000
0+
#211060000
0;
b1100 X
0_
b110000110000011111 [
1+
#211080000
0+
#211100000
1_
1a
1^
b1100 ]
b1100 e
b110000110000011110 [
1+
#211120000
0+
#211140000
b1 r
b0 m
0$
b1100000000000000000000000000 q
b110000110000011101 [
0^
0a
1+
#211160000
0+
#211180000
b110000110000011100 [
b1 m
1%
b11000000000000000000000000000 q
0#
1+
#211200000
0+
#211220000
0%
b110000110000011011 [
1+
#211240000
0+
#211260000
b110000110000011010 [
b10 m
1%
b110000000000000000000000000000 q
1+
#211280000
0+
#211300000
0%
b110000110000011001 [
1+
#211320000
0+
#211340000
b110000110000011000 [
b11 m
1%
b1100000000000000000000000000000 q
1+
#211360000
0+
#211380000
0%
b110000110000010111 [
1+
#211400000
0+
#211420000
b110000110000010110 [
b100 m
1%
b11000000000000000000000000000000 q
1+
#211440000
0+
#211460000
0%
b110000110000010101 [
1+
#211480000
0+
#211500000
b110000110000010100 [
b101 m
1%
b10000000000000000000000000000000 q
1#
1+
#211520000
0+
#211540000
0%
b110000110000010011 [
1+
#211560000
0+
#211580000
b110000110000010010 [
b110 m
1%
b0 q
1+
#211600000
0+
#211620000
0%
b110000110000010001 [
1+
#211640000
0+
#211660000
b110000110000010000 [
b111 m
1%
0#
1+
#211680000
0+
#211700000
b0 r
1;
1$
0%
b110000110000001111 [
1+
#211720000
0+
#211740000
b1101 X
0_
b110000110000001110 [
1#
0;
1+
#211760000
0+
#211780000
1_
1a
1^
b1101 ]
b1101 e
b110000110000001101 [
1+
#211800000
0+
#211820000
b110000110000001100 [
0^
0a
b1 r
b0 m
0$
b1101000000000000000000000000 q
1+
#211840000
0+
#211860000
b1 m
1%
b11010000000000000000000000000 q
0#
b110000110000001011 [
1+
#211880000
0+
#211900000
b110000110000001010 [
0%
1+
#211920000
0+
#211940000
b10 m
1%
b110100000000000000000000000000 q
b110000110000001001 [
1+
#211960000
0+
#211980000
b110000110000001000 [
0%
1+
#212000000
0+
#212020000
b11 m
1%
b1101000000000000000000000000000 q
b110000110000000111 [
1+
#212040000
0+
#212060000
b110000110000000110 [
0%
1+
#212080000
0+
#212100000
b100 m
1%
b11010000000000000000000000000000 q
b110000110000000101 [
1+
#212120000
0+
#212140000
b110000110000000100 [
0%
1+
#212160000
0+
#212180000
b101 m
1%
b10100000000000000000000000000000 q
1#
b110000110000000011 [
1+
#212200000
0+
#212220000
b110000110000000010 [
0%
1+
#212240000
0+
#212260000
b110 m
1%
b1000000000000000000000000000000 q
b110000110000000001 [
1+
#212280000
0+
#212300000
b110000110000000000 [
0%
1+
#212320000
0+
#212340000
b111 m
1%
b10000000000000000000000000000000 q
0#
b110000101111111111 [
1+
#212360000
0+
#212380000
b110000101111111110 [
b0 r
1;
1$
0%
1+
#212400000
0+
#212420000
1#
0;
b1110 X
0_
b110000101111111101 [
1+
#212440000
0+
#212460000
1_
1a
1^
b1110 ]
b1110 e
b110000101111111100 [
1+
#212480000
0+
#212500000
b1 r
b0 m
0$
b1110000000000000000000000000 q
b110000101111111011 [
0^
0a
1+
#212520000
0+
#212540000
b110000101111111010 [
b1 m
1%
b11100000000000000000000000000 q
0#
1+
#212560000
0+
#212580000
0%
b110000101111111001 [
1+
#212600000
0+
#212620000
b110000101111111000 [
b10 m
1%
b111000000000000000000000000000 q
1+
#212640000
0+
#212660000
0%
b110000101111110111 [
1+
#212680000
0+
#212700000
b110000101111110110 [
b11 m
1%
b1110000000000000000000000000000 q
1+
#212720000
0+
#212740000
0%
b110000101111110101 [
1+
#212760000
0+
#212780000
b110000101111110100 [
b100 m
1%
b11100000000000000000000000000000 q
1+
#212800000
0+
#212820000
0%
b110000101111110011 [
1+
#212840000
0+
#212860000
b110000101111110010 [
b101 m
1%
b11000000000000000000000000000000 q
1#
1+
#212880000
0+
#212900000
0%
b110000101111110001 [
1+
#212920000
0+
#212940000
b110000101111110000 [
b110 m
1%
b10000000000000000000000000000000 q
1+
#212960000
0+
#212980000
0%
b110000101111101111 [
1+
#213000000
0+
#213020000
b110000101111101110 [
b111 m
1%
b0 q
1+
#213040000
0+
#213060000
b0 r
1;
1$
0%
b110000101111101101 [
1+
#213080000
0+
#213100000
b1111 X
0_
b110000101111101100 [
0;
1+
#213120000
0+
#213140000
1_
1a
1^
b1111 ]
b1111 e
b110000101111101011 [
1+
#213160000
0+
#213180000
b110000101111101010 [
0^
0a
b1 r
b0 m
0$
b1111000000000000000000000000 q
1+
#213200000
0+
#213220000
b1 m
1%
b11110000000000000000000000000 q
0#
b110000101111101001 [
1+
#213240000
0+
#213260000
b110000101111101000 [
0%
1+
#213280000
0+
#213300000
b10 m
1%
b111100000000000000000000000000 q
b110000101111100111 [
1+
#213320000
0+
#213340000
b110000101111100110 [
0%
1+
#213360000
0+
#213380000
b11 m
1%
b1111000000000000000000000000000 q
b110000101111100101 [
1+
#213400000
0+
#213420000
b110000101111100100 [
0%
1+
#213440000
0+
#213460000
b100 m
1%
b11110000000000000000000000000000 q
b110000101111100011 [
1+
#213480000
0+
#213500000
b110000101111100010 [
0%
1+
#213520000
0+
#213540000
b101 m
1%
b11100000000000000000000000000000 q
1#
b110000101111100001 [
1+
#213560000
0+
#213580000
b110000101111100000 [
0%
1+
#213600000
0+
#213620000
b110 m
1%
b11000000000000000000000000000000 q
b110000101111011111 [
1+
#213640000
0+
#213660000
b110000101111011110 [
0%
1+
#213680000
0+
#213700000
b111 m
1%
b10000000000000000000000000000000 q
b110000101111011101 [
1+
#213720000
0+
#213740000
b110000101111011100 [
b0 r
1;
1$
0%
1+
#213760000
0+
#213780000
0;
b10000 X
0_
b110000101111011011 [
1+
#213800000
0+
#213820000
1_
1a
1^
b10000 ]
b10000 e
b110000101111011010 [
1+
#213840000
0+
#213860000
b1 r
b0 m
0$
b10000000000000000000000000000 q
b110000101111011001 [
0^
0a
1+
#213880000
0+
#213900000
b110000101111011000 [
b1 m
1%
b100000000000000000000000000000 q
0#
1+
#213920000
0+
#213940000
0%
b110000101111010111 [
1+
#213960000
0+
#213980000
b110000101111010110 [
b10 m
1%
b1000000000000000000000000000000 q
1+
#214000000
0+
#214020000
0%
b110000101111010101 [
1+
#214040000
0+
#214060000
b110000101111010100 [
b11 m
1%
b10000000000000000000000000000000 q
1+
#214080000
0+
#214100000
0%
b110000101111010011 [
1+
#214120000
0+
#214140000
b110000101111010010 [
b100 m
1%
b0 q
1#
1+
#214160000
0+
#214180000
0%
b110000101111010001 [
1+
#214200000
0+
#214220000
b110000101111010000 [
b101 m
1%
0#
1+
#214240000
0+
#214260000
0%
b110000101111001111 [
1+
#214280000
0+
#214300000
b110000101111001110 [
b110 m
1%
1+
#214320000
0+
#214340000
0%
b110000101111001101 [
1+
#214360000
0+
#214380000
b110000101111001100 [
b111 m
1%
1+
#214400000
0+
#214420000
b0 r
1;
1$
0%
b110000101111001011 [
1+
#214440000
0+
#214460000
b10001 X
0_
b110000101111001010 [
1#
0;
1+
#214480000
0+
#214500000
1_
1a
1^
b10001 ]
b10001 e
b110000101111001001 [
1+
#214520000
0+
#214540000
b110000101111001000 [
0^
0a
b1 r
b0 m
0$
b10001000000000000000000000000 q
1+
#214560000
0+
#214580000
b1 m
1%
b100010000000000000000000000000 q
0#
b110000101111000111 [
1+
#214600000
0+
#214620000
b110000101111000110 [
0%
1+
#214640000
0+
#214660000
b10 m
1%
b1000100000000000000000000000000 q
b110000101111000101 [
1+
#214680000
0+
#214700000
b110000101111000100 [
0%
1+
#214720000
0+
#214740000
b11 m
1%
b10001000000000000000000000000000 q
b110000101111000011 [
1+
#214760000
0+
#214780000
b110000101111000010 [
0%
1+
#214800000
0+
#214820000
b100 m
1%
b10000000000000000000000000000 q
1#
b110000101111000001 [
1+
#214840000
0+
#214860000
b110000101111000000 [
0%
1+
#214880000
0+
#214900000
b101 m
1%
b100000000000000000000000000000 q
0#
b110000101110111111 [
1+
#214920000
0+
#214940000
b110000101110111110 [
0%
1+
#214960000
0+
#214980000
b110 m
1%
b1000000000000000000000000000000 q
b110000101110111101 [
1+
#215000000
0+
#215020000
b110000101110111100 [
0%
1+
#215040000
0+
#215060000
b111 m
1%
b10000000000000000000000000000000 q
b110000101110111011 [
1+
#215080000
0+
#215100000
b110000101110111010 [
b0 r
1;
1$
0%
1+
#215120000
0+
#215140000
1#
0;
b10010 X
0_
b110000101110111001 [
1+
#215160000
0+
#215180000
1_
1a
1^
b10010 ]
b10010 e
b110000101110111000 [
1+
#215200000
0+
#215220000
b1 r
b0 m
0$
b10010000000000000000000000000 q
b110000101110110111 [
0^
0a
1+
#215240000
0+
#215260000
b110000101110110110 [
b1 m
1%
b100100000000000000000000000000 q
0#
1+
#215280000
0+
#215300000
0%
b110000101110110101 [
1+
#215320000
0+
#215340000
b110000101110110100 [
b10 m
1%
b1001000000000000000000000000000 q
1+
#215360000
0+
#215380000
0%
b110000101110110011 [
1+
#215400000
0+
#215420000
b110000101110110010 [
b11 m
1%
b10010000000000000000000000000000 q
1+
#215440000
0+
#215460000
0%
b110000101110110001 [
1+
#215480000
0+
#215500000
b110000101110110000 [
b100 m
1%
b100000000000000000000000000000 q
1#
1+
#215520000
0+
#215540000
0%
b110000101110101111 [
1+
#215560000
0+
#215580000
b110000101110101110 [
b101 m
1%
b1000000000000000000000000000000 q
0#
1+
#215600000
0+
#215620000
0%
b110000101110101101 [
1+
#215640000
0+
#215660000
b110000101110101100 [
b110 m
1%
b10000000000000000000000000000000 q
1+
#215680000
0+
#215700000
0%
b110000101110101011 [
1+
#215720000
0+
#215740000
b110000101110101010 [
b111 m
1%
b0 q
1#
1+
#215760000
0+
#215780000
b0 r
1;
1$
0%
b110000101110101001 [
1+
#215800000
0+
#215820000
b10011 X
0_
b110000101110101000 [
0;
1+
#215840000
0+
#215860000
1_
1a
1^
b10011 ]
b10011 e
b110000101110100111 [
1+
#215880000
0+
#215900000
b110000101110100110 [
0^
0a
b1 r
b0 m
0$
b10011000000000000000000000000 q
1+
#215920000
0+
#215940000
b1 m
1%
b100110000000000000000000000000 q
0#
b110000101110100101 [
1+
#215960000
0+
#215980000
b110000101110100100 [
0%
1+
#216000000
0+
#216020000
b10 m
1%
b1001100000000000000000000000000 q
b110000101110100011 [
1+
#216040000
0+
#216060000
b110000101110100010 [
0%
1+
#216080000
0+
#216100000
b11 m
1%
b10011000000000000000000000000000 q
b110000101110100001 [
1+
#216120000
0+
#216140000
b110000101110100000 [
0%
1+
#216160000
0+
#216180000
b100 m
1%
b110000000000000000000000000000 q
1#
b110000101110011111 [
1+
#216200000
0+
#216220000
b110000101110011110 [
0%
1+
#216240000
0+
#216260000
b101 m
1%
b1100000000000000000000000000000 q
0#
b110000101110011101 [
1+
#216280000
0+
#216300000
b110000101110011100 [
0%
1+
#216320000
0+
#216340000
b110 m
1%
b11000000000000000000000000000000 q
b110000101110011011 [
1+
#216360000
0+
#216380000
b110000101110011010 [
0%
1+
#216400000
0+
#216420000
b111 m
1%
b10000000000000000000000000000000 q
1#
b110000101110011001 [
1+
#216440000
0+
#216460000
b110000101110011000 [
b0 r
1;
1$
0%
1+
#216480000
0+
#216500000
0;
b10100 X
0_
b110000101110010111 [
1+
#216520000
0+
#216540000
1_
1a
1^
b10100 ]
b10100 e
b110000101110010110 [
1+
#216560000
0+
#216580000
b1 r
b0 m
0$
b10100000000000000000000000000 q
b110000101110010101 [
0^
0a
1+
#216600000
0+
#216620000
b110000101110010100 [
b1 m
1%
b101000000000000000000000000000 q
0#
1+
#216640000
0+
#216660000
0%
b110000101110010011 [
1+
#216680000
0+
#216700000
b110000101110010010 [
b10 m
1%
b1010000000000000000000000000000 q
1+
#216720000
0+
#216740000
0%
b110000101110010001 [
1+
#216760000
0+
#216780000
b110000101110010000 [
b11 m
1%
b10100000000000000000000000000000 q
1+
#216800000
0+
#216820000
0%
b110000101110001111 [
1+
#216840000
0+
#216860000
b110000101110001110 [
b100 m
1%
b1000000000000000000000000000000 q
1#
1+
#216880000
0+
#216900000
0%
b110000101110001101 [
1+
#216920000
0+
#216940000
b110000101110001100 [
b101 m
1%
b10000000000000000000000000000000 q
0#
1+
#216960000
0+
#216980000
0%
b110000101110001011 [
1+
#217000000
0+
#217020000
b110000101110001010 [
b110 m
1%
b0 q
1#
1+
#217040000
0+
#217060000
0%
b110000101110001001 [
1+
#217080000
0+
#217100000
b110000101110001000 [
b111 m
1%
0#
1+
#217120000
0+
#217140000
b0 r
1;
1$
0%
b110000101110000111 [
1+
#217160000
0+
#217180000
b10101 X
0_
b110000101110000110 [
1#
0;
1+
#217200000
0+
#217220000
1_
1a
1^
b10101 ]
b10101 e
b110000101110000101 [
1+
#217240000
0+
#217260000
b110000101110000100 [
0^
0a
b1 r
b0 m
0$
b10101000000000000000000000000 q
1+
#217280000
0+
#217300000
b1 m
1%
b101010000000000000000000000000 q
0#
b110000101110000011 [
1+
#217320000
0+
#217340000
b110000101110000010 [
0%
1+
#217360000
0+
#217380000
b10 m
1%
b1010100000000000000000000000000 q
b110000101110000001 [
1+
#217400000
0+
#217420000
b110000101110000000 [
0%
1+
#217440000
0+
#217460000
b11 m
1%
b10101000000000000000000000000000 q
b110000101101111111 [
1+
#217480000
0+
#217500000
b110000101101111110 [
0%
1+
#217520000
0+
#217540000
b100 m
1%
b1010000000000000000000000000000 q
1#
b110000101101111101 [
1+
#217560000
0+
#217580000
b110000101101111100 [
0%
1+
#217600000
0+
#217620000
b101 m
1%
b10100000000000000000000000000000 q
0#
b110000101101111011 [
1+
#217640000
0+
#217660000
b110000101101111010 [
0%
1+
#217680000
0+
#217700000
b110 m
1%
b1000000000000000000000000000000 q
1#
b110000101101111001 [
1+
#217720000
0+
#217740000
b110000101101111000 [
0%
1+
#217760000
0+
#217780000
b111 m
1%
b10000000000000000000000000000000 q
0#
b110000101101110111 [
1+
#217800000
0+
#217820000
b110000101101110110 [
b0 r
1;
1$
0%
1+
#217840000
0+
#217860000
1#
0;
b10110 X
0_
b110000101101110101 [
1+
#217880000
0+
#217900000
1_
1a
1^
b10110 ]
b10110 e
b110000101101110100 [
1+
#217920000
0+
#217940000
b1 r
b0 m
0$
b10110000000000000000000000000 q
b110000101101110011 [
0^
0a
1+
#217960000
0+
#217980000
b110000101101110010 [
b1 m
1%
b101100000000000000000000000000 q
0#
1+
#218000000
0+
#218020000
0%
b110000101101110001 [
1+
#218040000
0+
#218060000
b110000101101110000 [
b10 m
1%
b1011000000000000000000000000000 q
1+
#218080000
0+
#218100000
0%
b110000101101101111 [
1+
#218120000
0+
#218140000
b110000101101101110 [
b11 m
1%
b10110000000000000000000000000000 q
1+
#218160000
0+
#218180000
0%
b110000101101101101 [
1+
#218200000
0+
#218220000
b110000101101101100 [
b100 m
1%
b1100000000000000000000000000000 q
1#
1+
#218240000
0+
#218260000
0%
b110000101101101011 [
1+
#218280000
0+
#218300000
b110000101101101010 [
b101 m
1%
b11000000000000000000000000000000 q
0#
1+
#218320000
0+
#218340000
0%
b110000101101101001 [
1+
#218360000
0+
#218380000
b110000101101101000 [
b110 m
1%
b10000000000000000000000000000000 q
1#
1+
#218400000
0+
#218420000
0%
b110000101101100111 [
1+
#218440000
0+
#218460000
b110000101101100110 [
b111 m
1%
b0 q
1+
#218480000
0+
#218500000
b0 r
1;
1$
0%
b110000101101100101 [
1+
#218520000
0+
#218540000
b10111 X
0_
b110000101101100100 [
0;
1+
#218560000
0+
#218580000
1_
1a
1^
b10111 ]
b10111 e
b110000101101100011 [
1+
#218600000
0+
#218620000
b110000101101100010 [
0^
0a
b1 r
b0 m
0$
b10111000000000000000000000000 q
1+
#218640000
0+
#218660000
b1 m
1%
b101110000000000000000000000000 q
0#
b110000101101100001 [
1+
#218680000
0+
#218700000
b110000101101100000 [
0%
1+
#218720000
0+
#218740000
b10 m
1%
b1011100000000000000000000000000 q
b110000101101011111 [
1+
#218760000
0+
#218780000
b110000101101011110 [
0%
1+
#218800000
0+
#218820000
b11 m
1%
b10111000000000000000000000000000 q
b110000101101011101 [
1+
#218840000
0+
#218860000
b110000101101011100 [
0%
1+
#218880000
0+
#218900000
b100 m
1%
b1110000000000000000000000000000 q
1#
b110000101101011011 [
1+
#218920000
0+
#218940000
b110000101101011010 [
0%
1+
#218960000
0+
#218980000
b101 m
1%
b11100000000000000000000000000000 q
0#
b110000101101011001 [
1+
#219000000
0+
#219020000
b110000101101011000 [
0%
1+
#219040000
0+
#219060000
b110 m
1%
b11000000000000000000000000000000 q
1#
b110000101101010111 [
1+
#219080000
0+
#219100000
b110000101101010110 [
0%
1+
#219120000
0+
#219140000
b111 m
1%
b10000000000000000000000000000000 q
b110000101101010101 [
1+
#219160000
0+
#219180000
b110000101101010100 [
b0 r
1;
1$
0%
1+
#219200000
0+
#219220000
0;
b11000 X
0_
b110000101101010011 [
1+
#219240000
0+
#219260000
1_
1a
1^
b11000 ]
b11000 e
b110000101101010010 [
1+
#219280000
0+
#219300000
b1 r
b0 m
0$
b11000000000000000000000000000 q
b110000101101010001 [
0^
0a
1+
#219320000
0+
#219340000
b110000101101010000 [
b1 m
1%
b110000000000000000000000000000 q
0#
1+
#219360000
0+
#219380000
0%
b110000101101001111 [
1+
#219400000
0+
#219420000
b110000101101001110 [
b10 m
1%
b1100000000000000000000000000000 q
1+
#219440000
0+
#219460000
0%
b110000101101001101 [
1+
#219480000
0+
#219500000
b110000101101001100 [
b11 m
1%
b11000000000000000000000000000000 q
1+
#219520000
0+
#219540000
0%
b110000101101001011 [
1+
#219560000
0+
#219580000
b110000101101001010 [
b100 m
1%
b10000000000000000000000000000000 q
1#
1+
#219600000
0+
#219620000
0%
b110000101101001001 [
1+
#219640000
0+
#219660000
b110000101101001000 [
b101 m
1%
b0 q
1+
#219680000
0+
#219700000
0%
b110000101101000111 [
1+
#219720000
0+
#219740000
b110000101101000110 [
b110 m
1%
0#
1+
#219760000
0+
#219780000
0%
b110000101101000101 [
1+
#219800000
0+
#219820000
b110000101101000100 [
b111 m
1%
1+
#219840000
0+
#219860000
b0 r
1;
1$
0%
b110000101101000011 [
1+
#219880000
0+
#219900000
b11001 X
0_
b110000101101000010 [
1#
0;
1+
#219920000
0+
#219940000
1_
1a
1^
b11001 ]
b11001 e
b110000101101000001 [
1+
#219960000
0+
#219980000
b110000101101000000 [
0^
0a
b1 r
b0 m
0$
b11001000000000000000000000000 q
1+
#220000000
0+
#220020000
b1 m
1%
b110010000000000000000000000000 q
0#
b110000101100111111 [
1+
#220040000
0+
#220060000
b110000101100111110 [
0%
1+
#220080000
0+
#220100000
b10 m
1%
b1100100000000000000000000000000 q
b110000101100111101 [
1+
#220120000
0+
#220140000
b110000101100111100 [
0%
1+
#220160000
0+
#220180000
b11 m
1%
b11001000000000000000000000000000 q
b110000101100111011 [
1+
#220200000
0+
#220220000
b110000101100111010 [
0%
1+
#220240000
0+
#220260000
b100 m
1%
b10010000000000000000000000000000 q
1#
b110000101100111001 [
1+
#220280000
0+
#220300000
b110000101100111000 [
0%
1+
#220320000
0+
#220340000
b101 m
1%
b100000000000000000000000000000 q
b110000101100110111 [
1+
#220360000
0+
#220380000
b110000101100110110 [
0%
1+
#220400000
0+
#220420000
b110 m
1%
b1000000000000000000000000000000 q
0#
b110000101100110101 [
1+
#220440000
0+
#220460000
b110000101100110100 [
0%
1+
#220480000
0+
#220500000
b111 m
1%
b10000000000000000000000000000000 q
b110000101100110011 [
1+
#220520000
0+
#220540000
b110000101100110010 [
b0 r
1;
1$
0%
1+
#220560000
0+
#220580000
1#
0;
b11010 X
0_
b110000101100110001 [
1+
#220600000
0+
#220620000
1_
1a
1^
b11010 ]
b11010 e
b110000101100110000 [
1+
#220640000
0+
#220660000
b1 r
b0 m
0$
b11010000000000000000000000000 q
b110000101100101111 [
0^
0a
1+
#220680000
0+
#220700000
b110000101100101110 [
b1 m
1%
b110100000000000000000000000000 q
0#
1+
#220720000
0+
#220740000
0%
b110000101100101101 [
1+
#220760000
0+
#220780000
b110000101100101100 [
b10 m
1%
b1101000000000000000000000000000 q
1+
#220800000
0+
#220820000
0%
b110000101100101011 [
1+
#220840000
0+
#220860000
b110000101100101010 [
b11 m
1%
b11010000000000000000000000000000 q
1+
#220880000
0+
#220900000
0%
b110000101100101001 [
1+
#220920000
0+
#220940000
b110000101100101000 [
b100 m
1%
b10100000000000000000000000000000 q
1#
1+
#220960000
0+
#220980000
0%
b110000101100100111 [
1+
#221000000
0+
#221020000
b110000101100100110 [
b101 m
1%
b1000000000000000000000000000000 q
1+
#221040000
0+
#221060000
0%
b110000101100100101 [
1+
#221080000
0+
#221100000
b110000101100100100 [
b110 m
1%
b10000000000000000000000000000000 q
0#
1+
#221120000
0+
#221140000
0%
b110000101100100011 [
1+
#221160000
0+
#221180000
b110000101100100010 [
b111 m
1%
b0 q
1#
1+
#221200000
0+
#221220000
b0 r
1;
1$
0%
b110000101100100001 [
1+
#221240000
0+
#221260000
b11011 X
0_
b110000101100100000 [
0;
1+
#221280000
0+
#221300000
1_
1a
1^
b11011 ]
b11011 e
b110000101100011111 [
1+
#221320000
0+
#221340000
b110000101100011110 [
0^
0a
b1 r
b0 m
0$
b11011000000000000000000000000 q
1+
#221360000
0+
#221380000
b1 m
1%
b110110000000000000000000000000 q
0#
b110000101100011101 [
1+
#221400000
0+
#221420000
b110000101100011100 [
0%
1+
#221440000
0+
#221460000
b10 m
1%
b1101100000000000000000000000000 q
b110000101100011011 [
1+
#221480000
0+
#221500000
b110000101100011010 [
0%
1+
#221520000
0+
#221540000
b11 m
1%
b11011000000000000000000000000000 q
b110000101100011001 [
1+
#221560000
0+
#221580000
b110000101100011000 [
0%
1+
#221600000
0+
#221620000
b100 m
1%
b10110000000000000000000000000000 q
1#
b110000101100010111 [
1+
#221640000
0+
#221660000
b110000101100010110 [
0%
1+
#221680000
0+
#221700000
b101 m
1%
b1100000000000000000000000000000 q
b110000101100010101 [
1+
#221720000
0+
#221740000
b110000101100010100 [
0%
1+
#221760000
0+
#221780000
b110 m
1%
b11000000000000000000000000000000 q
0#
b110000101100010011 [
1+
#221800000
0+
#221820000
b110000101100010010 [
0%
1+
#221840000
0+
#221860000
b111 m
1%
b10000000000000000000000000000000 q
1#
b110000101100010001 [
1+
#221880000
0+
#221900000
b110000101100010000 [
b0 r
1;
1$
0%
1+
#221920000
0+
#221940000
0;
b11100 X
0_
b110000101100001111 [
1+
#221960000
0+
#221980000
1_
1a
1^
b11100 ]
b11100 e
b110000101100001110 [
1+
#222000000
0+
#222020000
b1 r
b0 m
0$
b11100000000000000000000000000 q
b110000101100001101 [
0^
0a
1+
#222040000
0+
#222060000
b110000101100001100 [
b1 m
1%
b111000000000000000000000000000 q
0#
1+
#222080000
0+
#222100000
0%
b110000101100001011 [
1+
#222120000
0+
#222140000
b110000101100001010 [
b10 m
1%
b1110000000000000000000000000000 q
1+
#222160000
0+
#222180000
0%
b110000101100001001 [
1+
#222200000
0+
#222220000
b110000101100001000 [
b11 m
1%
b11100000000000000000000000000000 q
1+
#222240000
0+
#222260000
0%
b110000101100000111 [
1+
#222280000
0+
#222300000
b110000101100000110 [
b100 m
1%
b11000000000000000000000000000000 q
1#
1+
#222320000
0+
#222340000
0%
b110000101100000101 [
1+
#222360000
0+
#222380000
b110000101100000100 [
b101 m
1%
b10000000000000000000000000000000 q
1+
#222400000
0+
#222420000
0%
b110000101100000011 [
1+
#222440000
0+
#222460000
b110000101100000010 [
b110 m
1%
b0 q
1+
#222480000
0+
#222500000
0%
b110000101100000001 [
1+
#222520000
0+
#222540000
b110000101100000000 [
b111 m
1%
0#
1+
#222560000
0+
#222580000
b0 r
1;
1$
0%
b110000101011111111 [
1+
#222600000
0+
#222620000
b11101 X
0_
b110000101011111110 [
1#
0;
1+
#222640000
0+
#222660000
1_
1a
1^
b11101 ]
b11101 e
b110000101011111101 [
1+
#222680000
0+
#222700000
b110000101011111100 [
0^
0a
b1 r
b0 m
0$
b11101000000000000000000000000 q
1+
#222720000
0+
#222740000
b1 m
1%
b111010000000000000000000000000 q
0#
b110000101011111011 [
1+
#222760000
0+
#222780000
b110000101011111010 [
0%
1+
#222800000
0+
#222820000
b10 m
1%
b1110100000000000000000000000000 q
b110000101011111001 [
1+
#222840000
0+
#222860000
b110000101011111000 [
0%
1+
#222880000
0+
#222900000
b11 m
1%
b11101000000000000000000000000000 q
b110000101011110111 [
1+
#222920000
0+
#222940000
b110000101011110110 [
0%
1+
#222960000
0+
#222980000
b100 m
1%
b11010000000000000000000000000000 q
1#
b110000101011110101 [
1+
#223000000
0+
#223020000
b110000101011110100 [
0%
1+
#223040000
0+
#223060000
b101 m
1%
b10100000000000000000000000000000 q
b110000101011110011 [
1+
#223080000
0+
#223100000
b110000101011110010 [
0%
1+
#223120000
0+
#223140000
b110 m
1%
b1000000000000000000000000000000 q
b110000101011110001 [
1+
#223160000
0+
#223180000
b110000101011110000 [
0%
1+
#223200000
0+
#223220000
b111 m
1%
b10000000000000000000000000000000 q
0#
b110000101011101111 [
1+
#223240000
0+
#223260000
b110000101011101110 [
b0 r
1;
1$
0%
1+
#223280000
0+
#223300000
1#
0;
b11110 X
0_
b110000101011101101 [
1+
#223320000
0+
#223340000
1_
1a
1^
b11110 ]
b11110 e
b110000101011101100 [
1+
#223360000
0+
#223380000
b1 r
b0 m
0$
b11110000000000000000000000000 q
b110000101011101011 [
0^
0a
1+
#223400000
0+
#223420000
b110000101011101010 [
b1 m
1%
b111100000000000000000000000000 q
0#
1+
#223440000
0+
#223460000
0%
b110000101011101001 [
1+
#223480000
0+
#223500000
b110000101011101000 [
b10 m
1%
b1111000000000000000000000000000 q
1+
#223520000
0+
#223540000
0%
b110000101011100111 [
1+
#223560000
0+
#223580000
b110000101011100110 [
b11 m
1%
b11110000000000000000000000000000 q
1+
#223600000
0+
#223620000
0%
b110000101011100101 [
1+
#223640000
0+
#223660000
b110000101011100100 [
b100 m
1%
b11100000000000000000000000000000 q
1#
1+
#223680000
0+
#223700000
0%
b110000101011100011 [
1+
#223720000
0+
#223740000
b110000101011100010 [
b101 m
1%
b11000000000000000000000000000000 q
1+
#223760000
0+
#223780000
0%
b110000101011100001 [
1+
#223800000
0+
#223820000
b110000101011100000 [
b110 m
1%
b10000000000000000000000000000000 q
1+
#223840000
0+
#223860000
0%
b110000101011011111 [
1+
#223880000
0+
#223900000
b110000101011011110 [
b111 m
1%
b0 q
1+
#223920000
0+
#223940000
b0 r
1;
1$
0%
b110000101011011101 [
1+
#223960000
0+
#223980000
b11111 X
0_
b110000101011011100 [
0;
1+
#224000000
0+
#224020000
1_
1a
1^
b11111 ]
b11111 e
b110000101011011011 [
1+
#224040000
0+
#224060000
b110000101011011010 [
0^
0a
b1 r
b0 m
0$
b11111000000000000000000000000 q
1+
#224080000
0+
#224100000
b1 m
1%
b111110000000000000000000000000 q
0#
b110000101011011001 [
1+
#224120000
0+
#224140000
b110000101011011000 [
0%
1+
#224160000
0+
#224180000
b10 m
1%
b1111100000000000000000000000000 q
b110000101011010111 [
1+
#224200000
0+
#224220000
b110000101011010110 [
0%
1+
#224240000
0+
#224260000
b11 m
1%
b11111000000000000000000000000000 q
b110000101011010101 [
1+
#224280000
0+
#224300000
b110000101011010100 [
0%
1+
#224320000
0+
#224340000
b100 m
1%
b11110000000000000000000000000000 q
1#
b110000101011010011 [
1+
#224360000
0+
#224380000
b110000101011010010 [
0%
1+
#224400000
0+
#224420000
b101 m
1%
b11100000000000000000000000000000 q
b110000101011010001 [
1+
#224440000
0+
#224460000
b110000101011010000 [
0%
1+
#224480000
0+
#224500000
b110 m
1%
b11000000000000000000000000000000 q
b110000101011001111 [
1+
#224520000
0+
#224540000
b110000101011001110 [
0%
1+
#224560000
0+
#224580000
b111 m
1%
b10000000000000000000000000000000 q
b110000101011001101 [
1+
#224600000
0+
#224620000
b110000101011001100 [
b0 r
1;
1$
0%
1+
#224640000
0+
#224660000
0;
b100000 X
0_
b110000101011001011 [
1+
#224680000
0+
#224700000
1_
1a
1^
b100000 ]
b100000 e
b110000101011001010 [
1+
#224720000
0+
#224740000
b1 r
b0 m
0$
b100000000000000000000000000000 q
b110000101011001001 [
0^
0a
1+
#224760000
0+
#224780000
b110000101011001000 [
b1 m
1%
b1000000000000000000000000000000 q
0#
1+
#224800000
0+
#224820000
0%
b110000101011000111 [
1+
#224840000
0+
#224860000
b110000101011000110 [
b10 m
1%
b10000000000000000000000000000000 q
1+
#224880000
0+
#224900000
0%
b110000101011000101 [
1+
#224920000
0+
#224940000
b110000101011000100 [
b11 m
1%
b0 q
1#
1+
#224960000
0+
#224980000
0%
b110000101011000011 [
1+
#225000000
0+
#225020000
b110000101011000010 [
b100 m
1%
0#
1+
#225040000
0+
#225060000
0%
b110000101011000001 [
1+
#225080000
0+
#225100000
b110000101011000000 [
b101 m
1%
1+
#225120000
0+
#225140000
0%
b110000101010111111 [
1+
#225160000
0+
#225180000
b110000101010111110 [
b110 m
1%
1+
#225200000
0+
#225220000
0%
b110000101010111101 [
1+
#225240000
0+
#225260000
b110000101010111100 [
b111 m
1%
1+
#225280000
0+
#225300000
b0 r
1;
1$
0%
b110000101010111011 [
1+
#225320000
0+
#225340000
b100001 X
0_
b110000101010111010 [
1#
0;
1+
#225360000
0+
#225380000
1_
1a
1^
b100001 ]
b100001 e
b110000101010111001 [
1+
#225400000
0+
#225420000
b110000101010111000 [
0^
0a
b1 r
b0 m
0$
b100001000000000000000000000000 q
1+
#225440000
0+
#225460000
b1 m
1%
b1000010000000000000000000000000 q
0#
b110000101010110111 [
1+
#225480000
0+
#225500000
b110000101010110110 [
0%
1+
#225520000
0+
#225540000
b10 m
1%
b10000100000000000000000000000000 q
b110000101010110101 [
1+
#225560000
0+
#225580000
b110000101010110100 [
0%
1+
#225600000
0+
#225620000
b11 m
1%
b1000000000000000000000000000 q
1#
b110000101010110011 [
1+
#225640000
0+
#225660000
b110000101010110010 [
0%
1+
#225680000
0+
#225700000
b100 m
1%
b10000000000000000000000000000 q
0#
b110000101010110001 [
1+
#225720000
0+
#225740000
b110000101010110000 [
0%
1+
#225760000
0+
#225780000
b101 m
1%
b100000000000000000000000000000 q
b110000101010101111 [
1+
#225800000
0+
#225820000
b110000101010101110 [
0%
1+
#225840000
0+
#225860000
b110 m
1%
b1000000000000000000000000000000 q
b110000101010101101 [
1+
#225880000
0+
#225900000
b110000101010101100 [
0%
1+
#225920000
0+
#225940000
b111 m
1%
b10000000000000000000000000000000 q
b110000101010101011 [
1+
#225960000
0+
#225980000
b110000101010101010 [
b0 r
1;
1$
0%
1+
#226000000
0+
#226020000
1#
0;
b100010 X
0_
b110000101010101001 [
1+
#226040000
0+
#226060000
1_
1a
1^
b100010 ]
b100010 e
b110000101010101000 [
1+
#226080000
0+
#226100000
b1 r
b0 m
0$
b100010000000000000000000000000 q
b110000101010100111 [
0^
0a
1+
#226120000
0+
#226140000
b110000101010100110 [
b1 m
1%
b1000100000000000000000000000000 q
0#
1+
#226160000
0+
#226180000
0%
b110000101010100101 [
1+
#226200000
0+
#226220000
b110000101010100100 [
b10 m
1%
b10001000000000000000000000000000 q
1+
#226240000
0+
#226260000
0%
b110000101010100011 [
1+
#226280000
0+
#226300000
b110000101010100010 [
b11 m
1%
b10000000000000000000000000000 q
1#
1+
#226320000
0+
#226340000
0%
b110000101010100001 [
1+
#226360000
0+
#226380000
b110000101010100000 [
b100 m
1%
b100000000000000000000000000000 q
0#
1+
#226400000
0+
#226420000
0%
b110000101010011111 [
1+
#226440000
0+
#226460000
b110000101010011110 [
b101 m
1%
b1000000000000000000000000000000 q
1+
#226480000
0+
#226500000
0%
b110000101010011101 [
1+
#226520000
0+
#226540000
b110000101010011100 [
b110 m
1%
b10000000000000000000000000000000 q
1+
#226560000
0+
#226580000
0%
b110000101010011011 [
1+
#226600000
0+
#226620000
b110000101010011010 [
b111 m
1%
b0 q
1#
1+
#226640000
0+
#226660000
b0 r
1;
1$
0%
b110000101010011001 [
1+
#226680000
0+
#226700000
b100011 X
0_
b110000101010011000 [
0;
1+
#226720000
0+
#226740000
1_
1a
1^
b100011 ]
b100011 e
b110000101010010111 [
1+
#226760000
0+
#226780000
b110000101010010110 [
0^
0a
b1 r
b0 m
0$
b100011000000000000000000000000 q
1+
#226800000
0+
#226820000
b1 m
1%
b1000110000000000000000000000000 q
0#
b110000101010010101 [
1+
#226840000
0+
#226860000
b110000101010010100 [
0%
1+
#226880000
0+
#226900000
b10 m
1%
b10001100000000000000000000000000 q
b110000101010010011 [
1+
#226920000
0+
#226940000
b110000101010010010 [
0%
1+
#226960000
0+
#226980000
b11 m
1%
b11000000000000000000000000000 q
1#
b110000101010010001 [
1+
#227000000
0+
#227020000
b110000101010010000 [
0%
1+
#227040000
0+
#227060000
b100 m
1%
b110000000000000000000000000000 q
0#
b110000101010001111 [
1+
#227080000
0+
#227100000
b110000101010001110 [
0%
1+
#227120000
0+
#227140000
b101 m
1%
b1100000000000000000000000000000 q
b110000101010001101 [
1+
#227160000
0+
#227180000
b110000101010001100 [
0%
1+
#227200000
0+
#227220000
b110 m
1%
b11000000000000000000000000000000 q
b110000101010001011 [
1+
#227240000
0+
#227260000
b110000101010001010 [
0%
1+
#227280000
0+
#227300000
b111 m
1%
b10000000000000000000000000000000 q
1#
b110000101010001001 [
1+
#227320000
0+
#227340000
b110000101010001000 [
b0 r
1;
1$
0%
1+
#227360000
0+
#227380000
0;
b100100 X
0_
b110000101010000111 [
1+
#227400000
0+
#227420000
1_
1a
1^
b100100 ]
b100100 e
b110000101010000110 [
1+
#227440000
0+
#227460000
b1 r
b0 m
0$
b100100000000000000000000000000 q
b110000101010000101 [
0^
0a
1+
#227480000
0+
#227500000
b110000101010000100 [
b1 m
1%
b1001000000000000000000000000000 q
0#
1+
#227520000
0+
#227540000
0%
b110000101010000011 [
1+
#227560000
0+
#227580000
b110000101010000010 [
b10 m
1%
b10010000000000000000000000000000 q
1+
#227600000
0+
#227620000
0%
b110000101010000001 [
1+
#227640000
0+
#227660000
b110000101010000000 [
b11 m
1%
b100000000000000000000000000000 q
1#
1+
#227680000
0+
#227700000
0%
b110000101001111111 [
1+
#227720000
0+
#227740000
b110000101001111110 [
b100 m
1%
b1000000000000000000000000000000 q
0#
1+
#227760000
0+
#227780000
0%
b110000101001111101 [
1+
#227800000
0+
#227820000
b110000101001111100 [
b101 m
1%
b10000000000000000000000000000000 q
1+
#227840000
0+
#227860000
0%
b110000101001111011 [
1+
#227880000
0+
#227900000
b110000101001111010 [
b110 m
1%
b0 q
1#
1+
#227920000
0+
#227940000
0%
b110000101001111001 [
1+
#227960000
0+
#227980000
b110000101001111000 [
b111 m
1%
0#
1+
#228000000
0+
#228020000
b0 r
1;
1$
0%
b110000101001110111 [
1+
#228040000
0+
#228060000
b100101 X
0_
b110000101001110110 [
1#
0;
1+
#228080000
0+
#228100000
1_
1a
1^
b100101 ]
b100101 e
b110000101001110101 [
1+
#228120000
0+
#228140000
b110000101001110100 [
0^
0a
b1 r
b0 m
0$
b100101000000000000000000000000 q
1+
#228160000
0+
#228180000
b1 m
1%
b1001010000000000000000000000000 q
0#
b110000101001110011 [
1+
#228200000
0+
#228220000
b110000101001110010 [
0%
1+
#228240000
0+
#228260000
b10 m
1%
b10010100000000000000000000000000 q
b110000101001110001 [
1+
#228280000
0+
#228300000
b110000101001110000 [
0%
1+
#228320000
0+
#228340000
b11 m
1%
b101000000000000000000000000000 q
1#
b110000101001101111 [
1+
#228360000
0+
#228380000
b110000101001101110 [
0%
1+
#228400000
0+
#228420000
b100 m
1%
b1010000000000000000000000000000 q
0#
b110000101001101101 [
1+
#228440000
0+
#228460000
b110000101001101100 [
0%
1+
#228480000
0+
#228500000
b101 m
1%
b10100000000000000000000000000000 q
b110000101001101011 [
1+
#228520000
0+
#228540000
b110000101001101010 [
0%
1+
#228560000
0+
#228580000
b110 m
1%
b1000000000000000000000000000000 q
1#
b110000101001101001 [
1+
#228600000
0+
#228620000
b110000101001101000 [
0%
1+
#228640000
0+
#228660000
b111 m
1%
b10000000000000000000000000000000 q
0#
b110000101001100111 [
1+
#228680000
0+
#228700000
b110000101001100110 [
b0 r
1;
1$
0%
1+
#228720000
0+
#228740000
1#
0;
b100110 X
0_
b110000101001100101 [
1+
#228760000
0+
#228780000
1_
1a
1^
b100110 ]
b100110 e
b110000101001100100 [
1+
#228800000
0+
#228820000
b1 r
b0 m
0$
b100110000000000000000000000000 q
b110000101001100011 [
0^
0a
1+
#228840000
0+
#228860000
b110000101001100010 [
b1 m
1%
b1001100000000000000000000000000 q
0#
1+
#228880000
0+
#228900000
0%
b110000101001100001 [
1+
#228920000
0+
#228940000
b110000101001100000 [
b10 m
1%
b10011000000000000000000000000000 q
1+
#228960000
0+
#228980000
0%
b110000101001011111 [
1+
#229000000
0+
#229020000
b110000101001011110 [
b11 m
1%
b110000000000000000000000000000 q
1#
1+
#229040000
0+
#229060000
0%
b110000101001011101 [
1+
#229080000
0+
#229100000
b110000101001011100 [
b100 m
1%
b1100000000000000000000000000000 q
0#
1+
#229120000
0+
#229140000
0%
b110000101001011011 [
1+
#229160000
0+
#229180000
b110000101001011010 [
b101 m
1%
b11000000000000000000000000000000 q
1+
#229200000
0+
#229220000
0%
b110000101001011001 [
1+
#229240000
0+
#229260000
b110000101001011000 [
b110 m
1%
b10000000000000000000000000000000 q
1#
1+
#229280000
0+
#229300000
0%
b110000101001010111 [
1+
#229320000
0+
#229340000
b110000101001010110 [
b111 m
1%
b0 q
1+
#229360000
0+
#229380000
b0 r
1;
1$
0%
b110000101001010101 [
1+
#229400000
0+
#229420000
b100111 X
0_
b110000101001010100 [
0;
1+
#229440000
0+
#229460000
1_
1a
1^
b100111 ]
b100111 e
b110000101001010011 [
1+
#229480000
0+
#229500000
b110000101001010010 [
0^
0a
b1 r
b0 m
0$
b100111000000000000000000000000 q
1+
#229520000
0+
#229540000
b1 m
1%
b1001110000000000000000000000000 q
0#
b110000101001010001 [
1+
#229560000
0+
#229580000
b110000101001010000 [
0%
1+
#229600000
0+
#229620000
b10 m
1%
b10011100000000000000000000000000 q
b110000101001001111 [
1+
#229640000
0+
#229660000
b110000101001001110 [
0%
1+
#229680000
0+
#229700000
b11 m
1%
b111000000000000000000000000000 q
1#
b110000101001001101 [
1+
#229720000
0+
#229740000
b110000101001001100 [
0%
1+
#229760000
0+
#229780000
b100 m
1%
b1110000000000000000000000000000 q
0#
b110000101001001011 [
1+
#229800000
0+
#229820000
b110000101001001010 [
0%
1+
#229840000
0+
#229860000
b101 m
1%
b11100000000000000000000000000000 q
b110000101001001001 [
1+
#229880000
0+
#229900000
b110000101001001000 [
0%
1+
#229920000
0+
#229940000
b110 m
1%
b11000000000000000000000000000000 q
1#
b110000101001000111 [
1+
#229960000
0+
#229980000
b110000101001000110 [
0%
1+
#230000000
0+
#230020000
b111 m
1%
b10000000000000000000000000000000 q
b110000101001000101 [
1+
#230040000
0+
#230060000
b110000101001000100 [
b0 r
1;
1$
0%
1+
#230080000
0+
#230100000
0;
b101000 X
0_
b110000101001000011 [
1+
#230120000
0+
#230140000
1_
1a
1^
b101000 ]
b101000 e
b110000101001000010 [
1+
#230160000
0+
#230180000
b1 r
b0 m
0$
b101000000000000000000000000000 q
b110000101001000001 [
0^
0a
1+
#230200000
0+
#230220000
b110000101001000000 [
b1 m
1%
b1010000000000000000000000000000 q
0#
1+
#230240000
0+
#230260000
0%
b110000101000111111 [
1+
#230280000
0+
#230300000
b110000101000111110 [
b10 m
1%
b10100000000000000000000000000000 q
1+
#230320000
0+
#230340000
0%
b110000101000111101 [
1+
#230360000
0+
#230380000
b110000101000111100 [
b11 m
1%
b1000000000000000000000000000000 q
1#
1+
#230400000
0+
#230420000
0%
b110000101000111011 [
1+
#230440000
0+
#230460000
b110000101000111010 [
b100 m
1%
b10000000000000000000000000000000 q
0#
1+
#230480000
0+
#230500000
0%
b110000101000111001 [
1+
#230520000
0+
#230540000
b110000101000111000 [
b101 m
1%
b0 q
1#
1+
#230560000
0+
#230580000
0%
b110000101000110111 [
1+
#230600000
0+
#230620000
b110000101000110110 [
b110 m
1%
0#
1+
#230640000
0+
#230660000
0%
b110000101000110101 [
1+
#230680000
0+
#230700000
b110000101000110100 [
b111 m
1%
1+
#230720000
0+
#230740000
b0 r
1;
1$
0%
b110000101000110011 [
1+
#230760000
0+
#230780000
b101001 X
0_
b110000101000110010 [
1#
0;
1+
#230800000
0+
#230820000
1_
1a
1^
b101001 ]
b101001 e
b110000101000110001 [
1+
#230840000
0+
#230860000
b110000101000110000 [
0^
0a
b1 r
b0 m
0$
b101001000000000000000000000000 q
1+
#230880000
0+
#230900000
b1 m
1%
b1010010000000000000000000000000 q
0#
b110000101000101111 [
1+
#230920000
0+
#230940000
b110000101000101110 [
0%
1+
#230960000
0+
#230980000
b10 m
1%
b10100100000000000000000000000000 q
b110000101000101101 [
1+
#231000000
0+
#231020000
b110000101000101100 [
0%
1+
#231040000
0+
#231060000
b11 m
1%
b1001000000000000000000000000000 q
1#
b110000101000101011 [
1+
#231080000
0+
#231100000
b110000101000101010 [
0%
1+
#231120000
0+
#231140000
b100 m
1%
b10010000000000000000000000000000 q
0#
b110000101000101001 [
1+
#231160000
0+
#231180000
b110000101000101000 [
0%
1+
#231200000
0+
#231220000
b101 m
1%
b100000000000000000000000000000 q
1#
b110000101000100111 [
1+
#231240000
0+
#231260000
b110000101000100110 [
0%
1+
#231280000
0+
#231300000
b110 m
1%
b1000000000000000000000000000000 q
0#
b110000101000100101 [
1+
#231320000
0+
#231340000
b110000101000100100 [
0%
1+
#231360000
0+
#231380000
b111 m
1%
b10000000000000000000000000000000 q
b110000101000100011 [
1+
#231400000
0+
#231420000
b110000101000100010 [
b0 r
1;
1$
0%
1+
#231440000
0+
#231460000
1#
0;
b101010 X
0_
b110000101000100001 [
1+
#231480000
0+
#231500000
1_
1a
1^
b101010 ]
b101010 e
b110000101000100000 [
1+
#231520000
0+
#231540000
b1 r
b0 m
0$
b101010000000000000000000000000 q
b110000101000011111 [
0^
0a
1+
#231560000
0+
#231580000
b110000101000011110 [
b1 m
1%
b1010100000000000000000000000000 q
0#
1+
#231600000
0+
#231620000
0%
b110000101000011101 [
1+
#231640000
0+
#231660000
b110000101000011100 [
b10 m
1%
b10101000000000000000000000000000 q
1+
#231680000
0+
#231700000
0%
b110000101000011011 [
1+
#231720000
0+
#231740000
b110000101000011010 [
b11 m
1%
b1010000000000000000000000000000 q
1#
1+
#231760000
0+
#231780000
0%
b110000101000011001 [
1+
#231800000
0+
#231820000
b110000101000011000 [
b100 m
1%
b10100000000000000000000000000000 q
0#
1+
#231840000
0+
#231860000
0%
b110000101000010111 [
1+
#231880000
0+
#231900000
b110000101000010110 [
b101 m
1%
b1000000000000000000000000000000 q
1#
1+
#231920000
0+
#231940000
0%
b110000101000010101 [
1+
#231960000
0+
#231980000
b110000101000010100 [
b110 m
1%
b10000000000000000000000000000000 q
0#
1+
#232000000
0+
#232020000
0%
b110000101000010011 [
1+
#232040000
0+
#232060000
b110000101000010010 [
b111 m
1%
b0 q
1#
1+
#232080000
0+
#232100000
b0 r
1;
1$
0%
b110000101000010001 [
1+
#232120000
0+
#232140000
b101011 X
0_
b110000101000010000 [
0;
1+
#232160000
0+
#232180000
1_
1a
1^
b101011 ]
b101011 e
b110000101000001111 [
1+
#232200000
0+
#232220000
b110000101000001110 [
0^
0a
b1 r
b0 m
0$
b101011000000000000000000000000 q
1+
#232240000
0+
#232260000
b1 m
1%
b1010110000000000000000000000000 q
0#
b110000101000001101 [
1+
#232280000
0+
#232300000
b110000101000001100 [
0%
1+
#232320000
0+
#232340000
b10 m
1%
b10101100000000000000000000000000 q
b110000101000001011 [
1+
#232360000
0+
#232380000
b110000101000001010 [
0%
1+
#232400000
0+
#232420000
b11 m
1%
b1011000000000000000000000000000 q
1#
b110000101000001001 [
1+
#232440000
0+
#232460000
b110000101000001000 [
0%
1+
#232480000
0+
#232500000
b100 m
1%
b10110000000000000000000000000000 q
0#
b110000101000000111 [
1+
#232520000
0+
#232540000
b110000101000000110 [
0%
1+
#232560000
0+
#232580000
b101 m
1%
b1100000000000000000000000000000 q
1#
b110000101000000101 [
1+
#232600000
0+
#232620000
b110000101000000100 [
0%
1+
#232640000
0+
#232660000
b110 m
1%
b11000000000000000000000000000000 q
0#
b110000101000000011 [
1+
#232680000
0+
#232700000
b110000101000000010 [
0%
1+
#232720000
0+
#232740000
b111 m
1%
b10000000000000000000000000000000 q
1#
b110000101000000001 [
1+
#232760000
0+
#232780000
b110000101000000000 [
b0 r
1;
1$
0%
1+
#232800000
0+
#232820000
0;
b101100 X
0_
b110000100111111111 [
1+
#232840000
0+
#232860000
1_
1a
1^
b101100 ]
b101100 e
b110000100111111110 [
1+
#232880000
0+
#232900000
b1 r
b0 m
0$
b101100000000000000000000000000 q
b110000100111111101 [
0^
0a
1+
#232920000
0+
#232940000
b110000100111111100 [
b1 m
1%
b1011000000000000000000000000000 q
0#
1+
#232960000
0+
#232980000
0%
b110000100111111011 [
1+
#233000000
0+
#233020000
b110000100111111010 [
b10 m
1%
b10110000000000000000000000000000 q
1+
#233040000
0+
#233060000
0%
b110000100111111001 [
1+
#233080000
0+
#233100000
b110000100111111000 [
b11 m
1%
b1100000000000000000000000000000 q
1#
1+
#233120000
0+
#233140000
0%
b110000100111110111 [
1+
#233160000
0+
#233180000
b110000100111110110 [
b100 m
1%
b11000000000000000000000000000000 q
0#
1+
#233200000
0+
#233220000
0%
b110000100111110101 [
1+
#233240000
0+
#233260000
b110000100111110100 [
b101 m
1%
b10000000000000000000000000000000 q
1#
1+
#233280000
0+
#233300000
0%
b110000100111110011 [
1+
#233320000
0+
#233340000
b110000100111110010 [
b110 m
1%
b0 q
1+
#233360000
0+
#233380000
0%
b110000100111110001 [
1+
#233400000
0+
#233420000
b110000100111110000 [
b111 m
1%
0#
1+
#233440000
0+
#233460000
b0 r
1;
1$
0%
b110000100111101111 [
1+
#233480000
0+
#233500000
b101101 X
0_
b110000100111101110 [
1#
0;
1+
#233520000
0+
#233540000
1_
1a
1^
b101101 ]
b101101 e
b110000100111101101 [
1+
#233560000
0+
#233580000
b110000100111101100 [
0^
0a
b1 r
b0 m
0$
b101101000000000000000000000000 q
1+
#233600000
0+
#233620000
b1 m
1%
b1011010000000000000000000000000 q
0#
b110000100111101011 [
1+
#233640000
0+
#233660000
b110000100111101010 [
0%
1+
#233680000
0+
#233700000
b10 m
1%
b10110100000000000000000000000000 q
b110000100111101001 [
1+
#233720000
0+
#233740000
b110000100111101000 [
0%
1+
#233760000
0+
#233780000
b11 m
1%
b1101000000000000000000000000000 q
1#
b110000100111100111 [
1+
#233800000
0+
#233820000
b110000100111100110 [
0%
1+
#233840000
0+
#233860000
b100 m
1%
b11010000000000000000000000000000 q
0#
b110000100111100101 [
1+
#233880000
0+
#233900000
b110000100111100100 [
0%
1+
#233920000
0+
#233940000
b101 m
1%
b10100000000000000000000000000000 q
1#
b110000100111100011 [
1+
#233960000
0+
#233980000
b110000100111100010 [
0%
1+
#234000000
0+
#234020000
b110 m
1%
b1000000000000000000000000000000 q
b110000100111100001 [
1+
#234040000
0+
#234060000
b110000100111100000 [
0%
1+
#234080000
0+
#234100000
b111 m
1%
b10000000000000000000000000000000 q
0#
b110000100111011111 [
1+
#234120000
0+
#234140000
b110000100111011110 [
b0 r
1;
1$
0%
1+
#234160000
0+
#234180000
1#
0;
b101110 X
0_
b110000100111011101 [
1+
#234200000
0+
#234220000
1_
1a
1^
b101110 ]
b101110 e
b110000100111011100 [
1+
#234240000
0+
#234260000
b1 r
b0 m
0$
b101110000000000000000000000000 q
b110000100111011011 [
0^
0a
1+
#234280000
0+
#234300000
b110000100111011010 [
b1 m
1%
b1011100000000000000000000000000 q
0#
1+
#234320000
0+
#234340000
0%
b110000100111011001 [
1+
#234360000
0+
#234380000
b110000100111011000 [
b10 m
1%
b10111000000000000000000000000000 q
1+
#234400000
0+
#234420000
0%
b110000100111010111 [
1+
#234440000
0+
#234460000
b110000100111010110 [
b11 m
1%
b1110000000000000000000000000000 q
1#
1+
#234480000
0+
#234500000
0%
b110000100111010101 [
1+
#234520000
0+
#234540000
b110000100111010100 [
b100 m
1%
b11100000000000000000000000000000 q
0#
1+
#234560000
0+
#234580000
0%
b110000100111010011 [
1+
#234600000
0+
#234620000
b110000100111010010 [
b101 m
1%
b11000000000000000000000000000000 q
1#
1+
#234640000
0+
#234660000
0%
b110000100111010001 [
1+
#234680000
0+
#234700000
b110000100111010000 [
b110 m
1%
b10000000000000000000000000000000 q
1+
#234720000
0+
#234740000
0%
b110000100111001111 [
1+
#234760000
0+
#234780000
b110000100111001110 [
b111 m
1%
b0 q
1+
#234800000
0+
#234820000
b0 r
1;
1$
0%
b110000100111001101 [
1+
#234840000
0+
#234860000
b101111 X
0_
b110000100111001100 [
0;
1+
#234880000
0+
#234900000
1_
1a
1^
b101111 ]
b101111 e
b110000100111001011 [
1+
#234920000
0+
#234940000
b110000100111001010 [
0^
0a
b1 r
b0 m
0$
b101111000000000000000000000000 q
1+
#234960000
0+
#234980000
b1 m
1%
b1011110000000000000000000000000 q
0#
b110000100111001001 [
1+
#235000000
0+
#235020000
b110000100111001000 [
0%
1+
#235040000
0+
#235060000
b10 m
1%
b10111100000000000000000000000000 q
b110000100111000111 [
1+
#235080000
0+
#235100000
b110000100111000110 [
0%
1+
#235120000
0+
#235140000
b11 m
1%
b1111000000000000000000000000000 q
1#
b110000100111000101 [
1+
#235160000
0+
#235180000
b110000100111000100 [
0%
1+
#235200000
0+
#235220000
b100 m
1%
b11110000000000000000000000000000 q
0#
b110000100111000011 [
1+
#235240000
0+
#235260000
b110000100111000010 [
0%
1+
#235280000
0+
#235300000
b101 m
1%
b11100000000000000000000000000000 q
1#
b110000100111000001 [
1+
#235320000
0+
#235340000
b110000100111000000 [
0%
1+
#235360000
0+
#235380000
b110 m
1%
b11000000000000000000000000000000 q
b110000100110111111 [
1+
#235400000
0+
#235420000
b110000100110111110 [
0%
1+
#235440000
0+
#235460000
b111 m
1%
b10000000000000000000000000000000 q
b110000100110111101 [
1+
#235480000
0+
#235500000
b110000100110111100 [
b0 r
1;
1$
0%
1+
#235520000
0+
#235540000
0;
b110000 X
0_
b110000100110111011 [
1+
#235560000
0+
#235580000
1_
1a
1^
b110000 ]
b110000 e
b110000100110111010 [
1+
#235600000
0+
#235620000
b1 r
b0 m
0$
b110000000000000000000000000000 q
b110000100110111001 [
0^
0a
1+
#235640000
0+
#235660000
b110000100110111000 [
b1 m
1%
b1100000000000000000000000000000 q
0#
1+
#235680000
0+
#235700000
0%
b110000100110110111 [
1+
#235720000
0+
#235740000
b110000100110110110 [
b10 m
1%
b11000000000000000000000000000000 q
1+
#235760000
0+
#235780000
0%
b110000100110110101 [
1+
#235800000
0+
#235820000
b110000100110110100 [
b11 m
1%
b10000000000000000000000000000000 q
1#
1+
#235840000
0+
#235860000
0%
b110000100110110011 [
1+
#235880000
0+
#235900000
b110000100110110010 [
b100 m
1%
b0 q
1+
#235920000
0+
#235940000
0%
b110000100110110001 [
1+
#235960000
0+
#235980000
b110000100110110000 [
b101 m
1%
0#
1+
#236000000
0+
#236020000
0%
b110000100110101111 [
1+
#236040000
0+
#236060000
b110000100110101110 [
b110 m
1%
1+
#236080000
0+
#236100000
0%
b110000100110101101 [
1+
#236120000
0+
#236140000
b110000100110101100 [
b111 m
1%
1+
#236160000
0+
#236180000
b0 r
1;
1$
0%
b110000100110101011 [
1+
#236200000
0+
#236220000
b110001 X
0_
b110000100110101010 [
1#
0;
1+
#236240000
0+
#236260000
1_
1a
1^
b110001 ]
b110001 e
b110000100110101001 [
1+
#236280000
0+
#236300000
b110000100110101000 [
0^
0a
b1 r
b0 m
0$
b110001000000000000000000000000 q
1+
#236320000
0+
#236340000
b1 m
1%
b1100010000000000000000000000000 q
0#
b110000100110100111 [
1+
#236360000
0+
#236380000
b110000100110100110 [
0%
1+
#236400000
0+
#236420000
b10 m
1%
b11000100000000000000000000000000 q
b110000100110100101 [
1+
#236440000
0+
#236460000
b110000100110100100 [
0%
1+
#236480000
0+
#236500000
b11 m
1%
b10001000000000000000000000000000 q
1#
b110000100110100011 [
1+
#236520000
0+
#236540000
b110000100110100010 [
0%
1+
#236560000
0+
#236580000
b100 m
1%
b10000000000000000000000000000 q
b110000100110100001 [
1+
#236600000
0+
#236620000
b110000100110100000 [
0%
1+
#236640000
0+
#236660000
b101 m
1%
b100000000000000000000000000000 q
0#
b110000100110011111 [
1+
#236680000
0+
#236700000
b110000100110011110 [
0%
1+
#236720000
0+
#236740000
b110 m
1%
b1000000000000000000000000000000 q
b110000100110011101 [
1+
#236760000
0+
#236780000
b110000100110011100 [
0%
1+
#236800000
0+
#236820000
b111 m
1%
b10000000000000000000000000000000 q
b110000100110011011 [
1+
#236840000
0+
#236860000
b110000100110011010 [
b0 r
1;
1$
0%
1+
#236880000
0+
#236900000
1#
0;
b110010 X
0_
b110000100110011001 [
1+
#236920000
0+
#236940000
1_
1a
1^
b110010 ]
b110010 e
b110000100110011000 [
1+
#236960000
0+
#236980000
b1 r
b0 m
0$
b110010000000000000000000000000 q
b110000100110010111 [
0^
0a
1+
#237000000
0+
#237020000
b110000100110010110 [
b1 m
1%
b1100100000000000000000000000000 q
0#
1+
#237040000
0+
#237060000
0%
b110000100110010101 [
1+
#237080000
0+
#237100000
b110000100110010100 [
b10 m
1%
b11001000000000000000000000000000 q
1+
#237120000
0+
#237140000
0%
b110000100110010011 [
1+
#237160000
0+
#237180000
b110000100110010010 [
b11 m
1%
b10010000000000000000000000000000 q
1#
1+
#237200000
0+
#237220000
0%
b110000100110010001 [
1+
#237240000
0+
#237260000
b110000100110010000 [
b100 m
1%
b100000000000000000000000000000 q
1+
#237280000
0+
#237300000
0%
b110000100110001111 [
1+
#237320000
0+
#237340000
b110000100110001110 [
b101 m
1%
b1000000000000000000000000000000 q
0#
1+
#237360000
0+
#237380000
0%
b110000100110001101 [
1+
#237400000
0+
#237420000
b110000100110001100 [
b110 m
1%
b10000000000000000000000000000000 q
1+
#237440000
0+
#237460000
0%
b110000100110001011 [
1+
#237480000
0+
#237500000
b110000100110001010 [
b111 m
1%
b0 q
1#
1+
#237520000
0+
#237540000
b0 r
1;
1$
0%
b110000100110001001 [
1+
#237560000
0+
#237580000
b110011 X
0_
b110000100110001000 [
0;
1+
#237600000
0+
#237620000
1_
1a
1^
b110011 ]
b110011 e
b110000100110000111 [
1+
#237640000
0+
#237660000
b110000100110000110 [
0^
0a
b1 r
b0 m
0$
b110011000000000000000000000000 q
1+
#237680000
0+
#237700000
b1 m
1%
b1100110000000000000000000000000 q
0#
b110000100110000101 [
1+
#237720000
0+
#237740000
b110000100110000100 [
0%
1+
#237760000
0+
#237780000
b10 m
1%
b11001100000000000000000000000000 q
b110000100110000011 [
1+
#237800000
0+
#237820000
b110000100110000010 [
0%
1+
#237840000
0+
#237860000
b11 m
1%
b10011000000000000000000000000000 q
1#
b110000100110000001 [
1+
#237880000
0+
#237900000
b110000100110000000 [
0%
1+
#237920000
0+
#237940000
b100 m
1%
b110000000000000000000000000000 q
b110000100101111111 [
1+
#237960000
0+
#237980000
b110000100101111110 [
0%
1+
#238000000
0+
#238020000
b101 m
1%
b1100000000000000000000000000000 q
0#
b110000100101111101 [
1+
#238040000
0+
#238060000
b110000100101111100 [
0%
1+
#238080000
0+
#238100000
b110 m
1%
b11000000000000000000000000000000 q
b110000100101111011 [
1+
#238120000
0+
#238140000
b110000100101111010 [
0%
1+
#238160000
0+
#238180000
b111 m
1%
b10000000000000000000000000000000 q
1#
b110000100101111001 [
1+
#238200000
0+
#238220000
b110000100101111000 [
b0 r
1;
1$
0%
1+
#238240000
0+
#238260000
0;
b110100 X
0_
b110000100101110111 [
1+
#238280000
0+
#238300000
1_
1a
1^
b110100 ]
b110100 e
b110000100101110110 [
1+
#238320000
0+
#238340000
b1 r
b0 m
0$
b110100000000000000000000000000 q
b110000100101110101 [
0^
0a
1+
#238360000
0+
#238380000
b110000100101110100 [
b1 m
1%
b1101000000000000000000000000000 q
0#
1+
#238400000
0+
#238420000
0%
b110000100101110011 [
1+
#238440000
0+
#238460000
b110000100101110010 [
b10 m
1%
b11010000000000000000000000000000 q
1+
#238480000
0+
#238500000
0%
b110000100101110001 [
1+
#238520000
0+
#238540000
b110000100101110000 [
b11 m
1%
b10100000000000000000000000000000 q
1#
1+
#238560000
0+
#238580000
0%
b110000100101101111 [
1+
#238600000
0+
#238620000
b110000100101101110 [
b100 m
1%
b1000000000000000000000000000000 q
1+
#238640000
0+
#238660000
0%
b110000100101101101 [
1+
#238680000
0+
#238700000
b110000100101101100 [
b101 m
1%
b10000000000000000000000000000000 q
0#
1+
#238720000
0+
#238740000
0%
b110000100101101011 [
1+
#238760000
0+
#238780000
b110000100101101010 [
b110 m
1%
b0 q
1#
1+
#238800000
0+
#238820000
0%
b110000100101101001 [
1+
#238840000
0+
#238860000
b110000100101101000 [
b111 m
1%
0#
1+
#238880000
0+
#238900000
b0 r
1;
1$
0%
b110000100101100111 [
1+
#238920000
0+
#238940000
b110101 X
0_
b110000100101100110 [
1#
0;
1+
#238960000
0+
#238980000
1_
1a
1^
b110101 ]
b110101 e
b110000100101100101 [
1+
#239000000
0+
#239020000
b110000100101100100 [
0^
0a
b1 r
b0 m
0$
b110101000000000000000000000000 q
1+
#239040000
0+
#239060000
b1 m
1%
b1101010000000000000000000000000 q
0#
b110000100101100011 [
1+
#239080000
0+
#239100000
b110000100101100010 [
0%
1+
#239120000
0+
#239140000
b10 m
1%
b11010100000000000000000000000000 q
b110000100101100001 [
1+
#239160000
0+
#239180000
b110000100101100000 [
0%
1+
#239200000
0+
#239220000
b11 m
1%
b10101000000000000000000000000000 q
1#
b110000100101011111 [
1+
#239240000
0+
#239260000
b110000100101011110 [
0%
1+
#239280000
0+
#239300000
b100 m
1%
b1010000000000000000000000000000 q
b110000100101011101 [
1+
#239320000
0+
#239340000
b110000100101011100 [
0%
1+
#239360000
0+
#239380000
b101 m
1%
b10100000000000000000000000000000 q
0#
b110000100101011011 [
1+
#239400000
0+
#239420000
b110000100101011010 [
0%
1+
#239440000
0+
#239460000
b110 m
1%
b1000000000000000000000000000000 q
1#
b110000100101011001 [
1+
#239480000
0+
#239500000
b110000100101011000 [
0%
1+
#239520000
0+
#239540000
b111 m
1%
b10000000000000000000000000000000 q
0#
b110000100101010111 [
1+
#239560000
0+
#239580000
b110000100101010110 [
b0 r
1;
1$
0%
1+
#239600000
0+
#239620000
1#
0;
b110110 X
0_
b110000100101010101 [
1+
#239640000
0+
#239660000
1_
1a
1^
b110110 ]
b110110 e
b110000100101010100 [
1+
#239680000
0+
#239700000
b1 r
b0 m
0$
b110110000000000000000000000000 q
b110000100101010011 [
0^
0a
1+
#239720000
0+
#239740000
b110000100101010010 [
b1 m
1%
b1101100000000000000000000000000 q
0#
1+
#239760000
0+
#239780000
0%
b110000100101010001 [
1+
#239800000
0+
#239820000
b110000100101010000 [
b10 m
1%
b11011000000000000000000000000000 q
1+
#239840000
0+
#239860000
0%
b110000100101001111 [
1+
#239880000
0+
#239900000
b110000100101001110 [
b11 m
1%
b10110000000000000000000000000000 q
1#
1+
#239920000
0+
#239940000
0%
b110000100101001101 [
1+
#239960000
0+
#239980000
b110000100101001100 [
b100 m
1%
b1100000000000000000000000000000 q
1+
#240000000
0+
#240020000
0%
b110000100101001011 [
1+
#240040000
0+
#240060000
b110000100101001010 [
b101 m
1%
b11000000000000000000000000000000 q
0#
1+
#240080000
0+
#240100000
0%
b110000100101001001 [
1+
#240120000
0+
#240140000
b110000100101001000 [
b110 m
1%
b10000000000000000000000000000000 q
1#
1+
#240160000
0+
#240180000
0%
b110000100101000111 [
1+
#240200000
0+
#240220000
b110000100101000110 [
b111 m
1%
b0 q
1+
#240240000
0+
#240260000
b0 r
1;
1$
0%
b110000100101000101 [
1+
#240280000
0+
#240300000
b110111 X
0_
b110000100101000100 [
0;
1+
#240320000
0+
#240340000
1_
1a
1^
b110111 ]
b110111 e
b110000100101000011 [
1+
#240360000
0+
#240380000
b110000100101000010 [
0^
0a
b1 r
b0 m
0$
b110111000000000000000000000000 q
1+
#240400000
0+
#240420000
b1 m
1%
b1101110000000000000000000000000 q
0#
b110000100101000001 [
1+
#240440000
0+
#240460000
b110000100101000000 [
0%
1+
#240480000
0+
#240500000
b10 m
1%
b11011100000000000000000000000000 q
b110000100100111111 [
1+
#240520000
0+
#240540000
b110000100100111110 [
0%
1+
#240560000
0+
#240580000
b11 m
1%
b10111000000000000000000000000000 q
1#
b110000100100111101 [
1+
#240600000
0+
#240620000
b110000100100111100 [
0%
1+
#240640000
0+
#240660000
b100 m
1%
b1110000000000000000000000000000 q
b110000100100111011 [
1+
#240680000
0+
#240700000
b110000100100111010 [
0%
1+
#240720000
0+
#240740000
b101 m
1%
b11100000000000000000000000000000 q
0#
b110000100100111001 [
1+
#240760000
0+
#240780000
b110000100100111000 [
0%
1+
#240800000
0+
#240820000
b110 m
1%
b11000000000000000000000000000000 q
1#
b110000100100110111 [
1+
#240840000
0+
#240860000
b110000100100110110 [
0%
1+
#240880000
0+
#240900000
b111 m
1%
b10000000000000000000000000000000 q
b110000100100110101 [
1+
#240920000
0+
#240940000
b110000100100110100 [
b0 r
1;
1$
0%
1+
#240960000
0+
#240980000
0;
b111000 X
0_
b110000100100110011 [
1+
#241000000
0+
#241020000
1_
1a
1^
b111000 ]
b111000 e
b110000100100110010 [
1+
#241040000
0+
#241060000
b1 r
b0 m
0$
b111000000000000000000000000000 q
b110000100100110001 [
0^
0a
1+
#241080000
0+
#241100000
b110000100100110000 [
b1 m
1%
b1110000000000000000000000000000 q
0#
1+
#241120000
0+
#241140000
0%
b110000100100101111 [
1+
#241160000
0+
#241180000
b110000100100101110 [
b10 m
1%
b11100000000000000000000000000000 q
1+
#241200000
0+
#241220000
0%
b110000100100101101 [
1+
#241240000
0+
#241260000
b110000100100101100 [
b11 m
1%
b11000000000000000000000000000000 q
1#
1+
#241280000
0+
#241300000
0%
b110000100100101011 [
1+
#241320000
0+
#241340000
b110000100100101010 [
b100 m
1%
b10000000000000000000000000000000 q
1+
#241360000
0+
#241380000
0%
b110000100100101001 [
1+
#241400000
0+
#241420000
b110000100100101000 [
b101 m
1%
b0 q
1+
#241440000
0+
#241460000
0%
b110000100100100111 [
1+
#241480000
0+
#241500000
b110000100100100110 [
b110 m
1%
0#
1+
#241520000
0+
#241540000
0%
b110000100100100101 [
1+
#241560000
0+
#241580000
b110000100100100100 [
b111 m
1%
1+
#241600000
0+
#241620000
b0 r
1;
1$
0%
b110000100100100011 [
1+
#241640000
0+
#241660000
b111001 X
0_
b110000100100100010 [
1#
0;
1+
#241680000
0+
#241700000
1_
1a
1^
b111001 ]
b111001 e
b110000100100100001 [
1+
#241720000
0+
#241740000
b110000100100100000 [
0^
0a
b1 r
b0 m
0$
b111001000000000000000000000000 q
1+
#241760000
0+
#241780000
b1 m
1%
b1110010000000000000000000000000 q
0#
b110000100100011111 [
1+
#241800000
0+
#241820000
b110000100100011110 [
0%
1+
#241840000
0+
#241860000
b10 m
1%
b11100100000000000000000000000000 q
b110000100100011101 [
1+
#241880000
0+
#241900000
b110000100100011100 [
0%
1+
#241920000
0+
#241940000
b11 m
1%
b11001000000000000000000000000000 q
1#
b110000100100011011 [
1+
#241960000
0+
#241980000
b110000100100011010 [
0%
1+
#242000000
0+
#242020000
b100 m
1%
b10010000000000000000000000000000 q
b110000100100011001 [
1+
#242040000
0+
#242060000
b110000100100011000 [
0%
1+
#242080000
0+
#242100000
b101 m
1%
b100000000000000000000000000000 q
b110000100100010111 [
1+
#242120000
0+
#242140000
b110000100100010110 [
0%
1+
#242160000
0+
#242180000
b110 m
1%
b1000000000000000000000000000000 q
0#
b110000100100010101 [
1+
#242200000
0+
#242220000
b110000100100010100 [
0%
1+
#242240000
0+
#242260000
b111 m
1%
b10000000000000000000000000000000 q
b110000100100010011 [
1+
#242280000
0+
#242300000
b110000100100010010 [
b0 r
1;
1$
0%
1+
#242320000
0+
#242340000
1#
0;
b111010 X
0_
b110000100100010001 [
1+
#242360000
0+
#242380000
1_
1a
1^
b111010 ]
b111010 e
b110000100100010000 [
1+
#242400000
0+
#242420000
b1 r
b0 m
0$
b111010000000000000000000000000 q
b110000100100001111 [
0^
0a
1+
#242440000
0+
#242460000
b110000100100001110 [
b1 m
1%
b1110100000000000000000000000000 q
0#
1+
#242480000
0+
#242500000
0%
b110000100100001101 [
1+
#242520000
0+
#242540000
b110000100100001100 [
b10 m
1%
b11101000000000000000000000000000 q
1+
#242560000
0+
#242580000
0%
b110000100100001011 [
1+
#242600000
0+
#242620000
b110000100100001010 [
b11 m
1%
b11010000000000000000000000000000 q
1#
1+
#242640000
0+
#242660000
0%
b110000100100001001 [
1+
#242680000
0+
#242700000
b110000100100001000 [
b100 m
1%
b10100000000000000000000000000000 q
1+
#242720000
0+
#242740000
0%
b110000100100000111 [
1+
#242760000
0+
#242780000
b110000100100000110 [
b101 m
1%
b1000000000000000000000000000000 q
1+
#242800000
0+
#242820000
0%
b110000100100000101 [
1+
#242840000
0+
#242860000
b110000100100000100 [
b110 m
1%
b10000000000000000000000000000000 q
0#
1+
#242880000
0+
#242900000
0%
b110000100100000011 [
1+
#242920000
0+
#242940000
b110000100100000010 [
b111 m
1%
b0 q
1#
1+
#242960000
0+
#242980000
b0 r
1;
1$
0%
b110000100100000001 [
1+
#243000000
0+
#243020000
b111011 X
0_
b110000100100000000 [
0;
1+
#243040000
0+
#243060000
1_
1a
1^
b111011 ]
b111011 e
b110000100011111111 [
1+
#243080000
0+
#243100000
b110000100011111110 [
0^
0a
b1 r
b0 m
0$
b111011000000000000000000000000 q
1+
#243120000
0+
#243140000
b1 m
1%
b1110110000000000000000000000000 q
0#
b110000100011111101 [
1+
#243160000
0+
#243180000
b110000100011111100 [
0%
1+
#243200000
0+
#243220000
b10 m
1%
b11101100000000000000000000000000 q
b110000100011111011 [
1+
#243240000
0+
#243260000
b110000100011111010 [
0%
1+
#243280000
0+
#243300000
b11 m
1%
b11011000000000000000000000000000 q
1#
b110000100011111001 [
1+
#243320000
0+
#243340000
b110000100011111000 [
0%
1+
#243360000
0+
#243380000
b100 m
1%
b10110000000000000000000000000000 q
b110000100011110111 [
1+
#243400000
0+
#243420000
b110000100011110110 [
0%
1+
#243440000
0+
#243460000
b101 m
1%
b1100000000000000000000000000000 q
b110000100011110101 [
1+
#243480000
0+
#243500000
b110000100011110100 [
0%
1+
#243520000
0+
#243540000
b110 m
1%
b11000000000000000000000000000000 q
0#
b110000100011110011 [
1+
#243560000
0+
#243580000
b110000100011110010 [
0%
1+
#243600000
0+
#243620000
b111 m
1%
b10000000000000000000000000000000 q
1#
b110000100011110001 [
1+
#243640000
0+
#243660000
b110000100011110000 [
b0 r
1;
1$
0%
1+
#243680000
0+
#243700000
0;
b111100 X
0_
b110000100011101111 [
1+
#243720000
0+
#243740000
1_
1a
1^
b111100 ]
b111100 e
b110000100011101110 [
1+
#243760000
0+
#243780000
b1 r
b0 m
0$
b111100000000000000000000000000 q
b110000100011101101 [
0^
0a
1+
#243800000
0+
#243820000
b110000100011101100 [
b1 m
1%
b1111000000000000000000000000000 q
0#
1+
#243840000
0+
#243860000
0%
b110000100011101011 [
1+
#243880000
0+
#243900000
b110000100011101010 [
b10 m
1%
b11110000000000000000000000000000 q
1+
#243920000
0+
#243940000
0%
b110000100011101001 [
1+
#243960000
0+
#243980000
b110000100011101000 [
b11 m
1%
b11100000000000000000000000000000 q
1#
1+
#244000000
0+
#244020000
0%
b110000100011100111 [
1+
#244040000
0+
#244060000
b110000100011100110 [
b100 m
1%
b11000000000000000000000000000000 q
1+
#244080000
0+
#244100000
0%
b110000100011100101 [
1+
#244120000
0+
#244140000
b110000100011100100 [
b101 m
1%
b10000000000000000000000000000000 q
1+
#244160000
0+
#244180000
0%
b110000100011100011 [
1+
#244200000
0+
#244220000
b110000100011100010 [
b110 m
1%
b0 q
1+
#244240000
0+
#244260000
0%
b110000100011100001 [
1+
#244280000
0+
#244300000
b110000100011100000 [
b111 m
1%
0#
1+
#244320000
0+
#244340000
b0 r
1;
1$
0%
b110000100011011111 [
1+
#244360000
0+
#244380000
b111101 X
0_
b110000100011011110 [
1#
0;
1+
#244400000
0+
#244420000
1_
1a
1^
b111101 ]
b111101 e
b110000100011011101 [
1+
#244440000
0+
#244460000
b110000100011011100 [
0^
0a
b1 r
b0 m
0$
b111101000000000000000000000000 q
1+
#244480000
0+
#244500000
b1 m
1%
b1111010000000000000000000000000 q
0#
b110000100011011011 [
1+
#244520000
0+
#244540000
b110000100011011010 [
0%
1+
#244560000
0+
#244580000
b10 m
1%
b11110100000000000000000000000000 q
b110000100011011001 [
1+
#244600000
0+
#244620000
b110000100011011000 [
0%
1+
#244640000
0+
#244660000
b11 m
1%
b11101000000000000000000000000000 q
1#
b110000100011010111 [
1+
#244680000
0+
#244700000
b110000100011010110 [
0%
1+
#244720000
0+
#244740000
b100 m
1%
b11010000000000000000000000000000 q
b110000100011010101 [
1+
#244760000
0+
#244780000
b110000100011010100 [
0%
1+
#244800000
0+
#244820000
b101 m
1%
b10100000000000000000000000000000 q
b110000100011010011 [
1+
#244840000
0+
#244860000
b110000100011010010 [
0%
1+
#244880000
0+
#244900000
b110 m
1%
b1000000000000000000000000000000 q
b110000100011010001 [
1+
#244920000
0+
#244940000
b110000100011010000 [
0%
1+
#244960000
0+
#244980000
b111 m
1%
b10000000000000000000000000000000 q
0#
b110000100011001111 [
1+
#245000000
0+
#245020000
b110000100011001110 [
b0 r
1;
1$
0%
1+
#245040000
0+
#245060000
1#
0;
b111110 X
0_
b110000100011001101 [
1+
#245080000
0+
#245100000
1_
1a
1^
b111110 ]
b111110 e
b110000100011001100 [
1+
#245120000
0+
#245140000
b1 r
b0 m
0$
b111110000000000000000000000000 q
b110000100011001011 [
0^
0a
1+
#245160000
0+
#245180000
b110000100011001010 [
b1 m
1%
b1111100000000000000000000000000 q
0#
1+
#245200000
0+
#245220000
0%
b110000100011001001 [
1+
#245240000
0+
#245260000
b110000100011001000 [
b10 m
1%
b11111000000000000000000000000000 q
1+
#245280000
0+
#245300000
0%
b110000100011000111 [
1+
#245320000
0+
#245340000
b110000100011000110 [
b11 m
1%
b11110000000000000000000000000000 q
1#
1+
#245360000
0+
#245380000
0%
b110000100011000101 [
1+
#245400000
0+
#245420000
b110000100011000100 [
b100 m
1%
b11100000000000000000000000000000 q
1+
#245440000
0+
#245460000
0%
b110000100011000011 [
1+
#245480000
0+
#245500000
b110000100011000010 [
b101 m
1%
b11000000000000000000000000000000 q
1+
#245520000
0+
#245540000
0%
b110000100011000001 [
1+
#245560000
0+
#245580000
b110000100011000000 [
b110 m
1%
b10000000000000000000000000000000 q
1+
#245600000
0+
#245620000
0%
b110000100010111111 [
1+
#245640000
0+
#245660000
b110000100010111110 [
b111 m
1%
b0 q
1+
#245680000
0+
#245700000
b0 r
1;
1$
0%
b110000100010111101 [
1+
#245720000
0+
#245740000
b111111 X
0_
b110000100010111100 [
0;
1+
#245760000
0+
#245780000
1_
1a
1^
b111111 ]
b111111 e
b110000100010111011 [
1+
#245800000
0+
#245820000
b110000100010111010 [
0^
0a
b1 r
b0 m
0$
b111111000000000000000000000000 q
1+
#245840000
0+
#245860000
b1 m
1%
b1111110000000000000000000000000 q
0#
b110000100010111001 [
1+
#245880000
0+
#245900000
b110000100010111000 [
0%
1+
#245920000
0+
#245940000
b10 m
1%
b11111100000000000000000000000000 q
b110000100010110111 [
1+
#245960000
0+
#245980000
b110000100010110110 [
0%
1+
#246000000
0+
#246020000
b11 m
1%
b11111000000000000000000000000000 q
1#
b110000100010110101 [
1+
#246040000
0+
#246060000
b110000100010110100 [
0%
1+
#246080000
0+
#246100000
b100 m
1%
b11110000000000000000000000000000 q
b110000100010110011 [
1+
#246120000
0+
#246140000
b110000100010110010 [
0%
1+
#246160000
0+
#246180000
b101 m
1%
b11100000000000000000000000000000 q
b110000100010110001 [
1+
#246200000
0+
#246220000
b110000100010110000 [
0%
1+
#246240000
0+
#246260000
b110 m
1%
b11000000000000000000000000000000 q
b110000100010101111 [
1+
#246280000
0+
#246300000
b110000100010101110 [
0%
1+
#246320000
0+
#246340000
b111 m
1%
b10000000000000000000000000000000 q
b110000100010101101 [
1+
#246360000
0+
#246380000
b110000100010101100 [
b0 r
1;
1$
0%
1+
#246400000
0+
#246420000
0;
b1000000 X
0_
b110000100010101011 [
1+
#246440000
0+
#246460000
1_
1a
1^
b1000000 ]
b1000000 e
b110000100010101010 [
1+
#246480000
0+
#246500000
b1 r
b0 m
0$
b1000000000000000000000000000000 q
b110000100010101001 [
0^
0a
1+
#246520000
0+
#246540000
b110000100010101000 [
b1 m
1%
b10000000000000000000000000000000 q
0#
1+
#246560000
0+
#246580000
0%
b110000100010100111 [
1+
#246600000
0+
#246620000
b110000100010100110 [
b10 m
1%
b0 q
1#
1+
#246640000
0+
#246660000
0%
b110000100010100101 [
1+
#246680000
0+
#246700000
b110000100010100100 [
b11 m
1%
0#
1+
#246720000
0+
#246740000
0%
b110000100010100011 [
1+
#246760000
0+
#246780000
b110000100010100010 [
b100 m
1%
1+
#246800000
0+
#246820000
0%
b110000100010100001 [
1+
#246840000
0+
#246860000
b110000100010100000 [
b101 m
1%
1+
#246880000
0+
#246900000
0%
b110000100010011111 [
1+
#246920000
0+
#246940000
b110000100010011110 [
b110 m
1%
1+
#246960000
0+
#246980000
0%
b110000100010011101 [
1+
#247000000
0+
#247020000
b110000100010011100 [
b111 m
1%
1+
#247040000
0+
#247060000
b0 r
1;
1$
0%
b110000100010011011 [
1+
#247080000
0+
#247100000
b1000001 X
0_
b110000100010011010 [
1#
0;
1+
#247120000
0+
#247140000
1_
1a
1^
b1000001 ]
b1000001 e
b110000100010011001 [
1+
#247160000
0+
#247180000
b110000100010011000 [
0^
0a
b1 r
b0 m
0$
b1000001000000000000000000000000 q
1+
#247200000
0+
#247220000
b1 m
1%
b10000010000000000000000000000000 q
0#
b110000100010010111 [
1+
#247240000
0+
#247260000
b110000100010010110 [
0%
1+
#247280000
0+
#247300000
b10 m
1%
b100000000000000000000000000 q
1#
b110000100010010101 [
1+
#247320000
0+
#247340000
b110000100010010100 [
0%
1+
#247360000
0+
#247380000
b11 m
1%
b1000000000000000000000000000 q
0#
b110000100010010011 [
1+
#247400000
0+
#247420000
b110000100010010010 [
0%
1+
#247440000
0+
#247460000
b100 m
1%
b10000000000000000000000000000 q
b110000100010010001 [
1+
#247480000
0+
#247500000
b110000100010010000 [
0%
1+
#247520000
0+
#247540000
b101 m
1%
b100000000000000000000000000000 q
b110000100010001111 [
1+
#247560000
0+
#247580000
b110000100010001110 [
0%
1+
#247600000
0+
#247620000
b110 m
1%
b1000000000000000000000000000000 q
b110000100010001101 [
1+
#247640000
0+
#247660000
b110000100010001100 [
0%
1+
#247680000
0+
#247700000
b111 m
1%
b10000000000000000000000000000000 q
b110000100010001011 [
1+
#247720000
0+
#247740000
b110000100010001010 [
b0 r
1;
1$
0%
1+
#247760000
0+
#247780000
1#
0;
b1000010 X
0_
b110000100010001001 [
1+
#247800000
0+
#247820000
1_
1a
1^
b1000010 ]
b1000010 e
b110000100010001000 [
1+
#247840000
0+
#247860000
b1 r
b0 m
0$
b1000010000000000000000000000000 q
b110000100010000111 [
0^
0a
1+
#247880000
0+
#247900000
b110000100010000110 [
b1 m
1%
b10000100000000000000000000000000 q
0#
1+
#247920000
0+
#247940000
0%
b110000100010000101 [
1+
#247960000
0+
#247980000
b110000100010000100 [
b10 m
1%
b1000000000000000000000000000 q
1#
1+
#248000000
0+
#248020000
0%
b110000100010000011 [
1+
#248040000
0+
#248060000
b110000100010000010 [
b11 m
1%
b10000000000000000000000000000 q
0#
1+
#248080000
0+
#248100000
0%
b110000100010000001 [
1+
#248120000
0+
#248140000
b110000100010000000 [
b100 m
1%
b100000000000000000000000000000 q
1+
#248160000
0+
#248180000
0%
b110000100001111111 [
1+
#248200000
0+
#248220000
b110000100001111110 [
b101 m
1%
b1000000000000000000000000000000 q
1+
#248240000
0+
#248260000
0%
b110000100001111101 [
1+
#248280000
0+
#248300000
b110000100001111100 [
b110 m
1%
b10000000000000000000000000000000 q
1+
#248320000
0+
#248340000
0%
b110000100001111011 [
1+
#248360000
0+
#248380000
b110000100001111010 [
b111 m
1%
b0 q
1#
1+
#248400000
0+
#248420000
b0 r
1;
1$
0%
b110000100001111001 [
1+
#248440000
0+
#248460000
b1000011 X
0_
b110000100001111000 [
0;
1+
#248480000
0+
#248500000
1_
1a
1^
b1000011 ]
b1000011 e
b110000100001110111 [
1+
#248520000
0+
#248540000
b110000100001110110 [
0^
0a
b1 r
b0 m
0$
b1000011000000000000000000000000 q
1+
#248560000
0+
#248580000
b1 m
1%
b10000110000000000000000000000000 q
0#
b110000100001110101 [
1+
#248600000
0+
#248620000
b110000100001110100 [
0%
1+
#248640000
0+
#248660000
b10 m
1%
b1100000000000000000000000000 q
1#
b110000100001110011 [
1+
#248680000
0+
#248700000
b110000100001110010 [
0%
1+
#248720000
0+
#248740000
b11 m
1%
b11000000000000000000000000000 q
0#
b110000100001110001 [
1+
#248760000
0+
#248780000
b110000100001110000 [
0%
1+
#248800000
0+
#248820000
b100 m
1%
b110000000000000000000000000000 q
b110000100001101111 [
1+
#248840000
0+
#248860000
b110000100001101110 [
0%
1+
#248880000
0+
#248900000
b101 m
1%
b1100000000000000000000000000000 q
b110000100001101101 [
1+
#248920000
0+
#248940000
b110000100001101100 [
0%
1+
#248960000
0+
#248980000
b110 m
1%
b11000000000000000000000000000000 q
b110000100001101011 [
1+
#249000000
0+
#249020000
b110000100001101010 [
0%
1+
#249040000
0+
#249060000
b111 m
1%
b10000000000000000000000000000000 q
1#
b110000100001101001 [
1+
#249080000
0+
#249100000
b110000100001101000 [
b0 r
1;
1$
0%
1+
#249120000
0+
#249140000
0;
b1000100 X
0_
b110000100001100111 [
1+
#249160000
0+
#249180000
1_
1a
1^
b1000100 ]
b1000100 e
b110000100001100110 [
1+
#249200000
0+
#249220000
b1 r
b0 m
0$
b1000100000000000000000000000000 q
b110000100001100101 [
0^
0a
1+
#249240000
0+
#249260000
b110000100001100100 [
b1 m
1%
b10001000000000000000000000000000 q
0#
1+
#249280000
0+
#249300000
0%
b110000100001100011 [
1+
#249320000
0+
#249340000
b110000100001100010 [
b10 m
1%
b10000000000000000000000000000 q
1#
1+
#249360000
0+
#249380000
0%
b110000100001100001 [
1+
#249400000
0+
#249420000
b110000100001100000 [
b11 m
1%
b100000000000000000000000000000 q
0#
1+
#249440000
0+
#249460000
0%
b110000100001011111 [
1+
#249480000
0+
#249500000
b110000100001011110 [
b100 m
1%
b1000000000000000000000000000000 q
1+
#249520000
0+
#249540000
0%
b110000100001011101 [
1+
#249560000
0+
#249580000
b110000100001011100 [
b101 m
1%
b10000000000000000000000000000000 q
1+
#249600000
0+
#249620000
0%
b110000100001011011 [
1+
#249640000
0+
#249660000
b110000100001011010 [
b110 m
1%
b0 q
1#
1+
#249680000
0+
#249700000
0%
b110000100001011001 [
1+
#249720000
0+
#249740000
b110000100001011000 [
b111 m
1%
0#
1+
#249760000
0+
#249780000
b0 r
1;
1$
0%
b110000100001010111 [
1+
#249800000
0+
#249820000
b1000101 X
0_
b110000100001010110 [
1#
0;
1+
#249840000
0+
#249860000
1_
1a
1^
b1000101 ]
b1000101 e
b110000100001010101 [
1+
#249880000
0+
#249900000
b110000100001010100 [
0^
0a
b1 r
b0 m
0$
b1000101000000000000000000000000 q
1+
#249920000
0+
#249940000
b1 m
1%
b10001010000000000000000000000000 q
0#
b110000100001010011 [
1+
#249960000
0+
#249980000
b110000100001010010 [
0%
1+
#250000000
0+
#250020000
b10 m
1%
b10100000000000000000000000000 q
1#
b110000100001010001 [
1+
#250040000
0+
#250060000
b110000100001010000 [
0%
1+
#250080000
0+
#250100000
b11 m
1%
b101000000000000000000000000000 q
0#
b110000100001001111 [
1+
#250120000
0+
#250140000
b110000100001001110 [
0%
1+
#250160000
0+
#250180000
b100 m
1%
b1010000000000000000000000000000 q
b110000100001001101 [
1+
#250200000
0+
#250220000
b110000100001001100 [
0%
1+
#250240000
0+
#250260000
b101 m
1%
b10100000000000000000000000000000 q
b110000100001001011 [
1+
#250280000
0+
#250300000
b110000100001001010 [
0%
1+
#250320000
0+
#250340000
b110 m
1%
b1000000000000000000000000000000 q
1#
b110000100001001001 [
1+
#250360000
0+
#250380000
b110000100001001000 [
0%
1+
#250400000
0+
#250420000
b111 m
1%
b10000000000000000000000000000000 q
0#
b110000100001000111 [
1+
#250440000
0+
#250460000
b110000100001000110 [
b0 r
1;
1$
0%
1+
#250480000
0+
#250500000
1#
0;
b1000110 X
0_
b110000100001000101 [
1+
#250520000
0+
#250540000
1_
1a
1^
b1000110 ]
b1000110 e
b110000100001000100 [
1+
#250560000
0+
#250580000
b1 r
b0 m
0$
b1000110000000000000000000000000 q
b110000100001000011 [
0^
0a
1+
#250600000
0+
#250620000
b110000100001000010 [
b1 m
1%
b10001100000000000000000000000000 q
0#
1+
#250640000
0+
#250660000
0%
b110000100001000001 [
1+
#250680000
0+
#250700000
b110000100001000000 [
b10 m
1%
b11000000000000000000000000000 q
1#
1+
#250720000
0+
#250740000
0%
b110000100000111111 [
1+
#250760000
0+
#250780000
b110000100000111110 [
b11 m
1%
b110000000000000000000000000000 q
0#
1+
#250800000
0+
#250820000
0%
b110000100000111101 [
1+
#250840000
0+
#250860000
b110000100000111100 [
b100 m
1%
b1100000000000000000000000000000 q
1+
#250880000
0+
#250900000
0%
b110000100000111011 [
1+
#250920000
0+
#250940000
b110000100000111010 [
b101 m
1%
b11000000000000000000000000000000 q
1+
#250960000
0+
#250980000
0%
b110000100000111001 [
1+
#251000000
0+
#251020000
b110000100000111000 [
b110 m
1%
b10000000000000000000000000000000 q
1#
1+
#251040000
0+
#251060000
0%
b110000100000110111 [
1+
#251080000
0+
#251100000
b110000100000110110 [
b111 m
1%
b0 q
1+
#251120000
0+
#251140000
b0 r
1;
1$
0%
b110000100000110101 [
1+
#251160000
0+
#251180000
b1000111 X
0_
b110000100000110100 [
0;
1+
#251200000
0+
#251220000
1_
1a
1^
b1000111 ]
b1000111 e
b110000100000110011 [
1+
#251240000
0+
#251260000
b110000100000110010 [
0^
0a
b1 r
b0 m
0$
b1000111000000000000000000000000 q
1+
#251280000
0+
#251300000
b1 m
1%
b10001110000000000000000000000000 q
0#
b110000100000110001 [
1+
#251320000
0+
#251340000
b110000100000110000 [
0%
1+
#251360000
0+
#251380000
b10 m
1%
b11100000000000000000000000000 q
1#
b110000100000101111 [
1+
#251400000
0+
#251420000
b110000100000101110 [
0%
1+
#251440000
0+
#251460000
b11 m
1%
b111000000000000000000000000000 q
0#
b110000100000101101 [
1+
#251480000
0+
#251500000
b110000100000101100 [
0%
1+
#251520000
0+
#251540000
b100 m
1%
b1110000000000000000000000000000 q
b110000100000101011 [
1+
#251560000
0+
#251580000
b110000100000101010 [
0%
1+
#251600000
0+
#251620000
b101 m
1%
b11100000000000000000000000000000 q
b110000100000101001 [
1+
#251640000
0+
#251660000
b110000100000101000 [
0%
1+
#251680000
0+
#251700000
b110 m
1%
b11000000000000000000000000000000 q
1#
b110000100000100111 [
1+
#251720000
0+
#251740000
b110000100000100110 [
0%
1+
#251760000
0+
#251780000
b111 m
1%
b10000000000000000000000000000000 q
b110000100000100101 [
1+
#251800000
0+
#251820000
b110000100000100100 [
b0 r
1;
1$
0%
1+
#251840000
0+
#251860000
0;
b1001000 X
0_
b110000100000100011 [
1+
#251880000
0+
#251900000
1_
1a
1^
b1001000 ]
b1001000 e
b110000100000100010 [
1+
#251920000
0+
#251940000
b1 r
b0 m
0$
b1001000000000000000000000000000 q
b110000100000100001 [
0^
0a
1+
#251960000
0+
#251980000
b110000100000100000 [
b1 m
1%
b10010000000000000000000000000000 q
0#
1+
#252000000
0+
#252020000
0%
b110000100000011111 [
1+
#252040000
0+
#252060000
b110000100000011110 [
b10 m
1%
b100000000000000000000000000000 q
1#
1+
#252080000
0+
#252100000
0%
b110000100000011101 [
1+
#252120000
0+
#252140000
b110000100000011100 [
b11 m
1%
b1000000000000000000000000000000 q
0#
1+
#252160000
0+
#252180000
0%
b110000100000011011 [
1+
#252200000
0+
#252220000
b110000100000011010 [
b100 m
1%
b10000000000000000000000000000000 q
1+
#252240000
0+
#252260000
0%
b110000100000011001 [
1+
#252280000
0+
#252300000
b110000100000011000 [
b101 m
1%
b0 q
1#
1+
#252320000
0+
#252340000
0%
b110000100000010111 [
1+
#252360000
0+
#252380000
b110000100000010110 [
b110 m
1%
0#
1+
#252400000
0+
#252420000
0%
b110000100000010101 [
1+
#252440000
0+
#252460000
b110000100000010100 [
b111 m
1%
1+
#252480000
0+
#252500000
b0 r
1;
1$
0%
b110000100000010011 [
1+
#252520000
0+
#252540000
b1001001 X
0_
b110000100000010010 [
1#
0;
1+
#252560000
0+
#252580000
1_
1a
1^
b1001001 ]
b1001001 e
b110000100000010001 [
1+
#252600000
0+
#252620000
b110000100000010000 [
0^
0a
b1 r
b0 m
0$
b1001001000000000000000000000000 q
1+
#252640000
0+
#252660000
b1 m
1%
b10010010000000000000000000000000 q
0#
b110000100000001111 [
1+
#252680000
0+
#252700000
b110000100000001110 [
0%
1+
#252720000
0+
#252740000
b10 m
1%
b100100000000000000000000000000 q
1#
b110000100000001101 [
1+
#252760000
0+
#252780000
b110000100000001100 [
0%
1+
#252800000
0+
#252820000
b11 m
1%
b1001000000000000000000000000000 q
0#
b110000100000001011 [
1+
#252840000
0+
#252860000
b110000100000001010 [
0%
1+
#252880000
0+
#252900000
b100 m
1%
b10010000000000000000000000000000 q
b110000100000001001 [
1+
#252920000
0+
#252940000
b110000100000001000 [
0%
1+
#252960000
0+
#252980000
b101 m
1%
b100000000000000000000000000000 q
1#
b110000100000000111 [
1+
#253000000
0+
#253020000
b110000100000000110 [
0%
1+
#253040000
0+
#253060000
b110 m
1%
b1000000000000000000000000000000 q
0#
b110000100000000101 [
1+
#253080000
0+
#253100000
b110000100000000100 [
0%
1+
#253120000
0+
#253140000
b111 m
1%
b10000000000000000000000000000000 q
b110000100000000011 [
1+
#253160000
0+
#253180000
b110000100000000010 [
b0 r
1;
1$
0%
1+
#253200000
0+
#253220000
1#
0;
b1001010 X
0_
b110000100000000001 [
1+
#253240000
0+
#253260000
1_
1a
1^
b1001010 ]
b1001010 e
b110000100000000000 [
1+
#253280000
0+
#253300000
b1 r
b0 m
0$
b1001010000000000000000000000000 q
b110000011111111111 [
0^
0a
1+
#253320000
0+
#253340000
b110000011111111110 [
b1 m
1%
b10010100000000000000000000000000 q
0#
1+
#253360000
0+
#253380000
0%
b110000011111111101 [
1+
#253400000
0+
#253420000
b110000011111111100 [
b10 m
1%
b101000000000000000000000000000 q
1#
1+
#253440000
0+
#253460000
0%
b110000011111111011 [
1+
#253480000
0+
#253500000
b110000011111111010 [
b11 m
1%
b1010000000000000000000000000000 q
0#
1+
#253520000
0+
#253540000
0%
b110000011111111001 [
1+
#253560000
0+
#253580000
b110000011111111000 [
b100 m
1%
b10100000000000000000000000000000 q
1+
#253600000
0+
#253620000
0%
b110000011111110111 [
1+
#253640000
0+
#253660000
b110000011111110110 [
b101 m
1%
b1000000000000000000000000000000 q
1#
1+
#253680000
0+
#253700000
0%
b110000011111110101 [
1+
#253720000
0+
#253740000
b110000011111110100 [
b110 m
1%
b10000000000000000000000000000000 q
0#
1+
#253760000
0+
#253780000
0%
b110000011111110011 [
1+
#253800000
0+
#253820000
b110000011111110010 [
b111 m
1%
b0 q
1#
1+
#253840000
0+
#253860000
b0 r
1;
1$
0%
b110000011111110001 [
1+
#253880000
0+
#253900000
b1001011 X
0_
b110000011111110000 [
0;
1+
#253920000
0+
#253940000
1_
1a
1^
b1001011 ]
b1001011 e
b110000011111101111 [
1+
#253960000
0+
#253980000
b110000011111101110 [
0^
0a
b1 r
b0 m
0$
b1001011000000000000000000000000 q
1+
#254000000
0+
#254020000
b1 m
1%
b10010110000000000000000000000000 q
0#
b110000011111101101 [
1+
#254040000
0+
#254060000
b110000011111101100 [
0%
1+
#254080000
0+
#254100000
b10 m
1%
b101100000000000000000000000000 q
1#
b110000011111101011 [
1+
#254120000
0+
#254140000
b110000011111101010 [
0%
1+
#254160000
0+
#254180000
b11 m
1%
b1011000000000000000000000000000 q
0#
b110000011111101001 [
1+
#254200000
0+
#254220000
b110000011111101000 [
0%
1+
#254240000
0+
#254260000
b100 m
1%
b10110000000000000000000000000000 q
b110000011111100111 [
1+
#254280000
0+
#254300000
b110000011111100110 [
0%
1+
#254320000
0+
#254340000
b101 m
1%
b1100000000000000000000000000000 q
1#
b110000011111100101 [
1+
#254360000
0+
#254380000
b110000011111100100 [
0%
1+
#254400000
0+
#254420000
b110 m
1%
b11000000000000000000000000000000 q
0#
b110000011111100011 [
1+
#254440000
0+
#254460000
b110000011111100010 [
0%
1+
#254480000
0+
#254500000
b111 m
1%
b10000000000000000000000000000000 q
1#
b110000011111100001 [
1+
#254520000
0+
#254540000
b110000011111100000 [
b0 r
1;
1$
0%
1+
#254560000
0+
#254580000
0;
b1001100 X
0_
b110000011111011111 [
1+
#254600000
0+
#254620000
1_
1a
1^
b1001100 ]
b1001100 e
b110000011111011110 [
1+
#254640000
0+
#254660000
b1 r
b0 m
0$
b1001100000000000000000000000000 q
b110000011111011101 [
0^
0a
1+
#254680000
0+
#254700000
b110000011111011100 [
b1 m
1%
b10011000000000000000000000000000 q
0#
1+
#254720000
0+
#254740000
0%
b110000011111011011 [
1+
#254760000
0+
#254780000
b110000011111011010 [
b10 m
1%
b110000000000000000000000000000 q
1#
1+
#254800000
0+
#254820000
0%
b110000011111011001 [
1+
#254840000
0+
#254860000
b110000011111011000 [
b11 m
1%
b1100000000000000000000000000000 q
0#
1+
#254880000
0+
#254900000
0%
b110000011111010111 [
1+
#254920000
0+
#254940000
b110000011111010110 [
b100 m
1%
b11000000000000000000000000000000 q
1+
#254960000
0+
#254980000
0%
b110000011111010101 [
1+
#255000000
0+
#255020000
b110000011111010100 [
b101 m
1%
b10000000000000000000000000000000 q
1#
1+
#255040000
0+
#255060000
0%
b110000011111010011 [
1+
#255080000
0+
#255100000
b110000011111010010 [
b110 m
1%
b0 q
1+
#255120000
0+
#255140000
0%
b110000011111010001 [
1+
#255160000
0+
#255180000
b110000011111010000 [
b111 m
1%
0#
1+
#255200000
0+
#255220000
b0 r
1;
1$
0%
b110000011111001111 [
1+
#255240000
0+
#255260000
b1001101 X
0_
b110000011111001110 [
1#
0;
1+
#255280000
0+
#255300000
1_
1a
1^
b1001101 ]
b1001101 e
b110000011111001101 [
1+
#255320000
0+
#255340000
b110000011111001100 [
0^
0a
b1 r
b0 m
0$
b1001101000000000000000000000000 q
1+
#255360000
0+
#255380000
b1 m
1%
b10011010000000000000000000000000 q
0#
b110000011111001011 [
1+
#255400000
0+
#255420000
b110000011111001010 [
0%
1+
#255440000
0+
#255460000
b10 m
1%
b110100000000000000000000000000 q
1#
b110000011111001001 [
1+
#255480000
0+
#255500000
b110000011111001000 [
0%
1+
#255520000
0+
#255540000
b11 m
1%
b1101000000000000000000000000000 q
0#
b110000011111000111 [
1+
#255560000
0+
#255580000
b110000011111000110 [
0%
1+
#255600000
0+
#255620000
b100 m
1%
b11010000000000000000000000000000 q
b110000011111000101 [
1+
#255640000
0+
#255660000
b110000011111000100 [
0%
1+
#255680000
0+
#255700000
b101 m
1%
b10100000000000000000000000000000 q
1#
b110000011111000011 [
1+
#255720000
0+
#255740000
b110000011111000010 [
0%
1+
#255760000
0+
#255780000
b110 m
1%
b1000000000000000000000000000000 q
b110000011111000001 [
1+
#255800000
0+
#255820000
b110000011111000000 [
0%
1+
#255840000
0+
#255860000
b111 m
1%
b10000000000000000000000000000000 q
0#
b110000011110111111 [
1+
#255880000
0+
#255900000
b110000011110111110 [
b0 r
1;
1$
0%
1+
#255920000
0+
#255940000
1#
0;
b1001110 X
0_
b110000011110111101 [
1+
#255960000
0+
#255980000
1_
1a
1^
b1001110 ]
b1001110 e
b110000011110111100 [
1+
#256000000
0+
#256020000
b1 r
b0 m
0$
b1001110000000000000000000000000 q
b110000011110111011 [
0^
0a
1+
#256040000
0+
#256060000
b110000011110111010 [
b1 m
1%
b10011100000000000000000000000000 q
0#
1+
#256080000
0+
#256100000
0%
b110000011110111001 [
1+
#256120000
0+
#256140000
b110000011110111000 [
b10 m
1%
b111000000000000000000000000000 q
1#
1+
#256160000
0+
#256180000
0%
b110000011110110111 [
1+
#256200000
0+
#256220000
b110000011110110110 [
b11 m
1%
b1110000000000000000000000000000 q
0#
1+
#256240000
0+
#256260000
0%
b110000011110110101 [
1+
#256280000
0+
#256300000
b110000011110110100 [
b100 m
1%
b11100000000000000000000000000000 q
1+
#256320000
0+
#256340000
0%
b110000011110110011 [
1+
#256360000
0+
#256380000
b110000011110110010 [
b101 m
1%
b11000000000000000000000000000000 q
1#
1+
#256400000
0+
#256420000
0%
b110000011110110001 [
1+
#256440000
0+
#256460000
b110000011110110000 [
b110 m
1%
b10000000000000000000000000000000 q
1+
#256480000
0+
#256500000
0%
b110000011110101111 [
1+
#256520000
0+
#256540000
b110000011110101110 [
b111 m
1%
b0 q
1+
#256560000
0+
#256580000
b0 r
1;
1$
0%
b110000011110101101 [
1+
#256600000
0+
#256620000
b1001111 X
0_
b110000011110101100 [
0;
1+
#256640000
0+
#256660000
1_
1a
1^
b1001111 ]
b1001111 e
b110000011110101011 [
1+
#256680000
0+
#256700000
b110000011110101010 [
0^
0a
b1 r
b0 m
0$
b1001111000000000000000000000000 q
1+
#256720000
0+
#256740000
b1 m
1%
b10011110000000000000000000000000 q
0#
b110000011110101001 [
1+
#256760000
0+
#256780000
b110000011110101000 [
0%
1+
#256800000
0+
#256820000
b10 m
1%
b111100000000000000000000000000 q
1#
b110000011110100111 [
1+
#256840000
0+
#256860000
b110000011110100110 [
0%
1+
#256880000
0+
#256900000
b11 m
1%
b1111000000000000000000000000000 q
0#
b110000011110100101 [
1+
#256920000
0+
#256940000
b110000011110100100 [
0%
1+
#256960000
0+
#256980000
b100 m
1%
b11110000000000000000000000000000 q
b110000011110100011 [
1+
#257000000
0+
#257020000
b110000011110100010 [
0%
1+
#257040000
0+
#257060000
b101 m
1%
b11100000000000000000000000000000 q
1#
b110000011110100001 [
1+
#257080000
0+
#257100000
b110000011110100000 [
0%
1+
#257120000
0+
#257140000
b110 m
1%
b11000000000000000000000000000000 q
b110000011110011111 [
1+
#257160000
0+
#257180000
b110000011110011110 [
0%
1+
#257200000
0+
#257220000
b111 m
1%
b10000000000000000000000000000000 q
b110000011110011101 [
1+
#257240000
0+
#257260000
b110000011110011100 [
b0 r
1;
1$
0%
1+
#257280000
0+
#257300000
0;
b1010000 X
0_
b110000011110011011 [
1+
#257320000
0+
#257340000
1_
1a
1^
b1010000 ]
b1010000 e
b110000011110011010 [
1+
#257360000
0+
#257380000
b1 r
b0 m
0$
b1010000000000000000000000000000 q
b110000011110011001 [
0^
0a
1+
#257400000
0+
#257420000
b110000011110011000 [
b1 m
1%
b10100000000000000000000000000000 q
0#
1+
#257440000
0+
#257460000
0%
b110000011110010111 [
1+
#257480000
0+
#257500000
b110000011110010110 [
b10 m
1%
b1000000000000000000000000000000 q
1#
1+
#257520000
0+
#257540000
0%
b110000011110010101 [
1+
#257560000
0+
#257580000
b110000011110010100 [
b11 m
1%
b10000000000000000000000000000000 q
0#
1+
#257600000
0+
#257620000
0%
b110000011110010011 [
1+
#257640000
0+
#257660000
b110000011110010010 [
b100 m
1%
b0 q
1#
1+
#257680000
0+
#257700000
0%
b110000011110010001 [
1+
#257720000
0+
#257740000
b110000011110010000 [
b101 m
1%
0#
1+
#257760000
0+
#257780000
0%
b110000011110001111 [
1+
#257800000
0+
#257820000
b110000011110001110 [
b110 m
1%
1+
#257840000
0+
#257860000
0%
b110000011110001101 [
1+
#257880000
0+
#257900000
b110000011110001100 [
b111 m
1%
1+
#257920000
0+
#257940000
b0 r
1;
1$
0%
b110000011110001011 [
1+
#257960000
0+
#257980000
b1010001 X
0_
b110000011110001010 [
1#
0;
1+
#258000000
0+
#258020000
1_
1a
1^
b1010001 ]
b1010001 e
b110000011110001001 [
1+
#258040000
0+
#258060000
b110000011110001000 [
0^
0a
b1 r
b0 m
0$
b1010001000000000000000000000000 q
1+
#258080000
0+
#258100000
b1 m
1%
b10100010000000000000000000000000 q
0#
b110000011110000111 [
1+
#258120000
0+
#258140000
b110000011110000110 [
0%
1+
#258160000
0+
#258180000
b10 m
1%
b1000100000000000000000000000000 q
1#
b110000011110000101 [
1+
#258200000
0+
#258220000
b110000011110000100 [
0%
1+
#258240000
0+
#258260000
b11 m
1%
b10001000000000000000000000000000 q
0#
b110000011110000011 [
1+
#258280000
0+
#258300000
b110000011110000010 [
0%
1+
#258320000
0+
#258340000
b100 m
1%
b10000000000000000000000000000 q
1#
b110000011110000001 [
1+
#258360000
0+
#258380000
b110000011110000000 [
0%
1+
#258400000
0+
#258420000
b101 m
1%
b100000000000000000000000000000 q
0#
b110000011101111111 [
1+
#258440000
0+
#258460000
b110000011101111110 [
0%
1+
#258480000
0+
#258500000
b110 m
1%
b1000000000000000000000000000000 q
b110000011101111101 [
1+
#258520000
0+
#258540000
b110000011101111100 [
0%
1+
#258560000
0+
#258580000
b111 m
1%
b10000000000000000000000000000000 q
b110000011101111011 [
1+
#258600000
0+
#258620000
b110000011101111010 [
b0 r
1;
1$
0%
1+
#258640000
0+
#258660000
1#
0;
b1010010 X
0_
b110000011101111001 [
1+
#258680000
0+
#258700000
1_
1a
1^
b1010010 ]
b1010010 e
b110000011101111000 [
1+
#258720000
0+
#258740000
b1 r
b0 m
0$
b1010010000000000000000000000000 q
b110000011101110111 [
0^
0a
1+
#258760000
0+
#258780000
b110000011101110110 [
b1 m
1%
b10100100000000000000000000000000 q
0#
1+
#258800000
0+
#258820000
0%
b110000011101110101 [
1+
#258840000
0+
#258860000
b110000011101110100 [
b10 m
1%
b1001000000000000000000000000000 q
1#
1+
#258880000
0+
#258900000
0%
b110000011101110011 [
1+
#258920000
0+
#258940000
b110000011101110010 [
b11 m
1%
b10010000000000000000000000000000 q
0#
1+
#258960000
0+
#258980000
0%
b110000011101110001 [
1+
#259000000
0+
#259020000
b110000011101110000 [
b100 m
1%
b100000000000000000000000000000 q
1#
1+
#259040000
0+
#259060000
0%
b110000011101101111 [
1+
#259080000
0+
#259100000
b110000011101101110 [
b101 m
1%
b1000000000000000000000000000000 q
0#
1+
#259120000
0+
#259140000
0%
b110000011101101101 [
1+
#259160000
0+
#259180000
b110000011101101100 [
b110 m
1%
b10000000000000000000000000000000 q
1+
#259200000
0+
#259220000
0%
b110000011101101011 [
1+
#259240000
0+
#259260000
b110000011101101010 [
b111 m
1%
b0 q
1#
1+
#259280000
0+
#259300000
b0 r
1;
1$
0%
b110000011101101001 [
1+
#259320000
0+
#259340000
b1010011 X
0_
b110000011101101000 [
0;
1+
#259360000
0+
#259380000
1_
1a
1^
b1010011 ]
b1010011 e
b110000011101100111 [
1+
#259400000
0+
#259420000
b110000011101100110 [
0^
0a
b1 r
b0 m
0$
b1010011000000000000000000000000 q
1+
#259440000
0+
#259460000
b1 m
1%
b10100110000000000000000000000000 q
0#
b110000011101100101 [
1+
#259480000
0+
#259500000
b110000011101100100 [
0%
1+
#259520000
0+
#259540000
b10 m
1%
b1001100000000000000000000000000 q
1#
b110000011101100011 [
1+
#259560000
0+
#259580000
b110000011101100010 [
0%
1+
#259600000
0+
#259620000
b11 m
1%
b10011000000000000000000000000000 q
0#
b110000011101100001 [
1+
#259640000
0+
#259660000
b110000011101100000 [
0%
1+
#259680000
0+
#259700000
b100 m
1%
b110000000000000000000000000000 q
1#
b110000011101011111 [
1+
#259720000
0+
#259740000
b110000011101011110 [
0%
1+
#259760000
0+
#259780000
b101 m
1%
b1100000000000000000000000000000 q
0#
b110000011101011101 [
1+
#259800000
0+
#259820000
b110000011101011100 [
0%
1+
#259840000
0+
#259860000
b110 m
1%
b11000000000000000000000000000000 q
b110000011101011011 [
1+
#259880000
0+
#259900000
b110000011101011010 [
0%
1+
#259920000
0+
#259940000
b111 m
1%
b10000000000000000000000000000000 q
1#
b110000011101011001 [
1+
#259960000
0+
#259980000
b110000011101011000 [
b0 r
1;
1$
0%
1+
#260000000
0+
#260020000
0;
b1010100 X
0_
b110000011101010111 [
1+
#260040000
0+
#260060000
1_
1a
1^
b1010100 ]
b1010100 e
b110000011101010110 [
1+
#260080000
0+
#260100000
b1 r
b0 m
0$
b1010100000000000000000000000000 q
b110000011101010101 [
0^
0a
1+
#260120000
0+
#260140000
b110000011101010100 [
b1 m
1%
b10101000000000000000000000000000 q
0#
1+
#260160000
0+
#260180000
0%
b110000011101010011 [
1+
#260200000
0+
#260220000
b110000011101010010 [
b10 m
1%
b1010000000000000000000000000000 q
1#
1+
#260240000
0+
#260260000
0%
b110000011101010001 [
1+
#260280000
0+
#260300000
b110000011101010000 [
b11 m
1%
b10100000000000000000000000000000 q
0#
1+
#260320000
0+
#260340000
0%
b110000011101001111 [
1+
#260360000
0+
#260380000
b110000011101001110 [
b100 m
1%
b1000000000000000000000000000000 q
1#
1+
#260400000
0+
#260420000
0%
b110000011101001101 [
1+
#260440000
0+
#260460000
b110000011101001100 [
b101 m
1%
b10000000000000000000000000000000 q
0#
1+
#260480000
0+
#260500000
0%
b110000011101001011 [
1+
#260520000
0+
#260540000
b110000011101001010 [
b110 m
1%
b0 q
1#
1+
#260560000
0+
#260580000
0%
b110000011101001001 [
1+
#260600000
0+
#260620000
b110000011101001000 [
b111 m
1%
0#
1+
#260640000
0+
#260660000
b0 r
1;
1$
0%
b110000011101000111 [
1+
#260680000
0+
#260700000
b1010101 X
0_
b110000011101000110 [
1#
0;
1+
#260720000
0+
#260740000
1_
1a
1^
b1010101 ]
b1010101 e
b110000011101000101 [
1+
#260760000
0+
#260780000
b110000011101000100 [
0^
0a
b1 r
b0 m
0$
b1010101000000000000000000000000 q
1+
#260800000
0+
#260820000
b1 m
1%
b10101010000000000000000000000000 q
0#
b110000011101000011 [
1+
#260840000
0+
#260860000
b110000011101000010 [
0%
1+
#260880000
0+
#260900000
b10 m
1%
b1010100000000000000000000000000 q
1#
b110000011101000001 [
1+
#260920000
0+
#260940000
b110000011101000000 [
0%
1+
#260960000
0+
#260980000
b11 m
1%
b10101000000000000000000000000000 q
0#
b110000011100111111 [
1+
#261000000
0+
#261020000
b110000011100111110 [
0%
1+
#261040000
0+
#261060000
b100 m
1%
b1010000000000000000000000000000 q
1#
b110000011100111101 [
1+
#261080000
0+
#261100000
b110000011100111100 [
0%
1+
#261120000
0+
#261140000
b101 m
1%
b10100000000000000000000000000000 q
0#
b110000011100111011 [
1+
#261160000
0+
#261180000
b110000011100111010 [
0%
1+
#261200000
0+
#261220000
b110 m
1%
b1000000000000000000000000000000 q
1#
b110000011100111001 [
1+
#261240000
0+
#261260000
b110000011100111000 [
0%
1+
#261280000
0+
#261300000
b111 m
1%
b10000000000000000000000000000000 q
0#
b110000011100110111 [
1+
#261320000
0+
#261340000
b110000011100110110 [
b0 r
1;
1$
0%
1+
#261360000
0+
#261380000
1#
0;
b1010110 X
0_
b110000011100110101 [
1+
#261400000
0+
#261420000
1_
1a
1^
b1010110 ]
b1010110 e
b110000011100110100 [
1+
#261440000
0+
#261460000
b1 r
b0 m
0$
b1010110000000000000000000000000 q
b110000011100110011 [
0^
0a
1+
#261480000
0+
#261500000
b110000011100110010 [
b1 m
1%
b10101100000000000000000000000000 q
0#
1+
#261520000
0+
#261540000
0%
b110000011100110001 [
1+
#261560000
0+
#261580000
b110000011100110000 [
b10 m
1%
b1011000000000000000000000000000 q
1#
1+
#261600000
0+
#261620000
0%
b110000011100101111 [
1+
#261640000
0+
#261660000
b110000011100101110 [
b11 m
1%
b10110000000000000000000000000000 q
0#
1+
#261680000
0+
#261700000
0%
b110000011100101101 [
1+
#261720000
0+
#261740000
b110000011100101100 [
b100 m
1%
b1100000000000000000000000000000 q
1#
1+
#261760000
0+
#261780000
0%
b110000011100101011 [
1+
#261800000
0+
#261820000
b110000011100101010 [
b101 m
1%
b11000000000000000000000000000000 q
0#
1+
#261840000
0+
#261860000
0%
b110000011100101001 [
1+
#261880000
0+
#261900000
b110000011100101000 [
b110 m
1%
b10000000000000000000000000000000 q
1#
1+
#261920000
0+
#261940000
0%
b110000011100100111 [
1+
#261960000
0+
#261980000
b110000011100100110 [
b111 m
1%
b0 q
1+
#262000000
0+
#262020000
b0 r
1;
1$
0%
b110000011100100101 [
1+
#262040000
0+
#262060000
b1010111 X
0_
b110000011100100100 [
0;
1+
#262080000
0+
#262100000
1_
1a
1^
b1010111 ]
b1010111 e
b110000011100100011 [
1+
#262120000
0+
#262140000
b110000011100100010 [
0^
0a
b1 r
b0 m
0$
b1010111000000000000000000000000 q
1+
#262160000
0+
#262180000
b1 m
1%
b10101110000000000000000000000000 q
0#
b110000011100100001 [
1+
#262200000
0+
#262220000
b110000011100100000 [
0%
1+
#262240000
0+
#262260000
b10 m
1%
b1011100000000000000000000000000 q
1#
b110000011100011111 [
1+
#262280000
0+
#262300000
b110000011100011110 [
0%
1+
#262320000
0+
#262340000
b11 m
1%
b10111000000000000000000000000000 q
0#
b110000011100011101 [
1+
#262360000
0+
#262380000
b110000011100011100 [
0%
1+
#262400000
0+
#262420000
b100 m
1%
b1110000000000000000000000000000 q
1#
b110000011100011011 [
1+
#262440000
0+
#262460000
b110000011100011010 [
0%
1+
#262480000
0+
#262500000
b101 m
1%
b11100000000000000000000000000000 q
0#
b110000011100011001 [
1+
#262520000
0+
#262540000
b110000011100011000 [
0%
1+
#262560000
0+
#262580000
b110 m
1%
b11000000000000000000000000000000 q
1#
b110000011100010111 [
1+
#262600000
0+
#262620000
b110000011100010110 [
0%
1+
#262640000
0+
#262660000
b111 m
1%
b10000000000000000000000000000000 q
b110000011100010101 [
1+
#262680000
0+
#262700000
b110000011100010100 [
b0 r
1;
1$
0%
1+
#262720000
0+
#262740000
0;
b1011000 X
0_
b110000011100010011 [
1+
#262760000
0+
#262780000
1_
1a
1^
b1011000 ]
b1011000 e
b110000011100010010 [
1+
#262800000
0+
#262820000
b1 r
b0 m
0$
b1011000000000000000000000000000 q
b110000011100010001 [
0^
0a
1+
#262840000
0+
#262860000
b110000011100010000 [
b1 m
1%
b10110000000000000000000000000000 q
0#
1+
#262880000
0+
#262900000
0%
b110000011100001111 [
1+
#262920000
0+
#262940000
b110000011100001110 [
b10 m
1%
b1100000000000000000000000000000 q
1#
1+
#262960000
0+
#262980000
0%
b110000011100001101 [
1+
#263000000
0+
#263020000
b110000011100001100 [
b11 m
1%
b11000000000000000000000000000000 q
0#
1+
#263040000
0+
#263060000
0%
b110000011100001011 [
1+
#263080000
0+
#263100000
b110000011100001010 [
b100 m
1%
b10000000000000000000000000000000 q
1#
1+
#263120000
0+
#263140000
0%
b110000011100001001 [
1+
#263160000
0+
#263180000
b110000011100001000 [
b101 m
1%
b0 q
1+
#263200000
0+
#263220000
0%
b110000011100000111 [
1+
#263240000
0+
#263260000
b110000011100000110 [
b110 m
1%
0#
1+
#263280000
0+
#263300000
0%
b110000011100000101 [
1+
#263320000
0+
#263340000
b110000011100000100 [
b111 m
1%
1+
#263360000
0+
#263380000
b0 r
1;
1$
0%
b110000011100000011 [
1+
#263400000
0+
#263420000
b1011001 X
0_
b110000011100000010 [
1#
0;
1+
#263440000
0+
#263460000
1_
1a
1^
b1011001 ]
b1011001 e
b110000011100000001 [
1+
#263480000
0+
#263500000
b110000011100000000 [
0^
0a
b1 r
b0 m
0$
b1011001000000000000000000000000 q
1+
#263520000
0+
#263540000
b1 m
1%
b10110010000000000000000000000000 q
0#
b110000011011111111 [
1+
#263560000
0+
#263580000
b110000011011111110 [
0%
1+
#263600000
0+
#263620000
b10 m
1%
b1100100000000000000000000000000 q
1#
b110000011011111101 [
1+
#263640000
0+
#263660000
b110000011011111100 [
0%
1+
#263680000
0+
#263700000
b11 m
1%
b11001000000000000000000000000000 q
0#
b110000011011111011 [
1+
#263720000
0+
#263740000
b110000011011111010 [
0%
1+
#263760000
0+
#263780000
b100 m
1%
b10010000000000000000000000000000 q
1#
b110000011011111001 [
1+
#263800000
0+
#263820000
b110000011011111000 [
0%
1+
#263840000
0+
#263860000
b101 m
1%
b100000000000000000000000000000 q
b110000011011110111 [
1+
#263880000
0+
#263900000
b110000011011110110 [
0%
1+
#263920000
0+
#263940000
b110 m
1%
b1000000000000000000000000000000 q
0#
b110000011011110101 [
1+
#263960000
0+
#263980000
b110000011011110100 [
0%
1+
#264000000
0+
#264020000
b111 m
1%
b10000000000000000000000000000000 q
b110000011011110011 [
1+
#264040000
0+
#264060000
b110000011011110010 [
b0 r
1;
1$
0%
1+
#264080000
0+
#264100000
1#
0;
b1011010 X
0_
b110000011011110001 [
1+
#264120000
0+
#264140000
1_
1a
1^
b1011010 ]
b1011010 e
b110000011011110000 [
1+
#264160000
0+
#264180000
b1 r
b0 m
0$
b1011010000000000000000000000000 q
b110000011011101111 [
0^
0a
1+
#264200000
0+
#264220000
b110000011011101110 [
b1 m
1%
b10110100000000000000000000000000 q
0#
1+
#264240000
0+
#264260000
0%
b110000011011101101 [
1+
#264280000
0+
#264300000
b110000011011101100 [
b10 m
1%
b1101000000000000000000000000000 q
1#
1+
#264320000
0+
#264340000
0%
b110000011011101011 [
1+
#264360000
0+
#264380000
b110000011011101010 [
b11 m
1%
b11010000000000000000000000000000 q
0#
1+
#264400000
0+
#264420000
0%
b110000011011101001 [
1+
#264440000
0+
#264460000
b110000011011101000 [
b100 m
1%
b10100000000000000000000000000000 q
1#
1+
#264480000
0+
#264500000
0%
b110000011011100111 [
1+
#264520000
0+
#264540000
b110000011011100110 [
b101 m
1%
b1000000000000000000000000000000 q
1+
#264560000
0+
#264580000
0%
b110000011011100101 [
1+
#264600000
0+
#264620000
b110000011011100100 [
b110 m
1%
b10000000000000000000000000000000 q
0#
1+
#264640000
0+
#264660000
0%
b110000011011100011 [
1+
#264680000
0+
#264700000
b110000011011100010 [
b111 m
1%
b0 q
1#
1+
#264720000
0+
#264740000
b0 r
1;
1$
0%
b110000011011100001 [
1+
#264760000
0+
#264780000
b1011011 X
0_
b110000011011100000 [
0;
1+
#264800000
0+
#264820000
1_
1a
1^
b1011011 ]
b1011011 e
b110000011011011111 [
1+
#264840000
0+
#264860000
b110000011011011110 [
0^
0a
b1 r
b0 m
0$
b1011011000000000000000000000000 q
1+
#264880000
0+
#264900000
b1 m
1%
b10110110000000000000000000000000 q
0#
b110000011011011101 [
1+
#264920000
0+
#264940000
b110000011011011100 [
0%
1+
#264960000
0+
#264980000
b10 m
1%
b1101100000000000000000000000000 q
1#
b110000011011011011 [
1+
#265000000
0+
#265020000
b110000011011011010 [
0%
1+
#265040000
0+
#265060000
b11 m
1%
b11011000000000000000000000000000 q
0#
b110000011011011001 [
1+
#265080000
0+
#265100000
b110000011011011000 [
0%
1+
#265120000
0+
#265140000
b100 m
1%
b10110000000000000000000000000000 q
1#
b110000011011010111 [
1+
#265160000
0+
#265180000
b110000011011010110 [
0%
1+
#265200000
0+
#265220000
b101 m
1%
b1100000000000000000000000000000 q
b110000011011010101 [
1+
#265240000
0+
#265260000
b110000011011010100 [
0%
1+
#265280000
0+
#265300000
b110 m
1%
b11000000000000000000000000000000 q
0#
b110000011011010011 [
1+
#265320000
0+
#265340000
b110000011011010010 [
0%
1+
#265360000
0+
#265380000
b111 m
1%
b10000000000000000000000000000000 q
1#
b110000011011010001 [
1+
#265400000
0+
#265420000
b110000011011010000 [
b0 r
1;
1$
0%
1+
#265440000
0+
#265460000
0;
b1011100 X
0_
b110000011011001111 [
1+
#265480000
0+
#265500000
1_
1a
1^
b1011100 ]
b1011100 e
b110000011011001110 [
1+
#265520000
0+
#265540000
b1 r
b0 m
0$
b1011100000000000000000000000000 q
b110000011011001101 [
0^
0a
1+
#265560000
0+
#265580000
b110000011011001100 [
b1 m
1%
b10111000000000000000000000000000 q
0#
1+
#265600000
0+
#265620000
0%
b110000011011001011 [
1+
#265640000
0+
#265660000
b110000011011001010 [
b10 m
1%
b1110000000000000000000000000000 q
1#
1+
#265680000
0+
#265700000
0%
b110000011011001001 [
1+
#265720000
0+
#265740000
b110000011011001000 [
b11 m
1%
b11100000000000000000000000000000 q
0#
1+
#265760000
0+
#265780000
0%
b110000011011000111 [
1+
#265800000
0+
#265820000
b110000011011000110 [
b100 m
1%
b11000000000000000000000000000000 q
1#
1+
#265840000
0+
#265860000
0%
b110000011011000101 [
1+
#265880000
0+
#265900000
b110000011011000100 [
b101 m
1%
b10000000000000000000000000000000 q
1+
#265920000
0+
#265940000
0%
b110000011011000011 [
1+
#265960000
0+
#265980000
b110000011011000010 [
b110 m
1%
b0 q
1+
#266000000
0+
#266020000
0%
b110000011011000001 [
1+
#266040000
0+
#266060000
b110000011011000000 [
b111 m
1%
0#
1+
#266080000
0+
#266100000
b0 r
1;
1$
0%
b110000011010111111 [
1+
#266120000
0+
#266140000
b1011101 X
0_
b110000011010111110 [
1#
0;
1+
#266160000
0+
#266180000
1_
1a
1^
b1011101 ]
b1011101 e
b110000011010111101 [
1+
#266200000
0+
#266220000
b110000011010111100 [
0^
0a
b1 r
b0 m
0$
b1011101000000000000000000000000 q
1+
#266240000
0+
#266260000
b1 m
1%
b10111010000000000000000000000000 q
0#
b110000011010111011 [
1+
#266280000
0+
#266300000
b110000011010111010 [
0%
1+
#266320000
0+
#266340000
b10 m
1%
b1110100000000000000000000000000 q
1#
b110000011010111001 [
1+
#266360000
0+
#266380000
b110000011010111000 [
0%
1+
#266400000
0+
#266420000
b11 m
1%
b11101000000000000000000000000000 q
0#
b110000011010110111 [
1+
#266440000
0+
#266460000
b110000011010110110 [
0%
1+
#266480000
0+
#266500000
b100 m
1%
b11010000000000000000000000000000 q
1#
b110000011010110101 [
1+
#266520000
0+
#266540000
b110000011010110100 [
0%
1+
#266560000
0+
#266580000
b101 m
1%
b10100000000000000000000000000000 q
b110000011010110011 [
1+
#266600000
0+
#266620000
b110000011010110010 [
0%
1+
#266640000
0+
#266660000
b110 m
1%
b1000000000000000000000000000000 q
b110000011010110001 [
1+
#266680000
0+
#266700000
b110000011010110000 [
0%
1+
#266720000
0+
#266740000
b111 m
1%
b10000000000000000000000000000000 q
0#
b110000011010101111 [
1+
#266760000
0+
#266780000
b110000011010101110 [
b0 r
1;
1$
0%
1+
#266800000
0+
#266820000
1#
0;
b1011110 X
0_
b110000011010101101 [
1+
#266840000
0+
#266860000
1_
1a
1^
b1011110 ]
b1011110 e
b110000011010101100 [
1+
#266880000
0+
#266900000
b1 r
b0 m
0$
b1011110000000000000000000000000 q
b110000011010101011 [
0^
0a
1+
#266920000
0+
#266940000
b110000011010101010 [
b1 m
1%
b10111100000000000000000000000000 q
0#
1+
#266960000
0+
#266980000
0%
b110000011010101001 [
1+
#267000000
0+
#267020000
b110000011010101000 [
b10 m
1%
b1111000000000000000000000000000 q
1#
1+
#267040000
0+
#267060000
0%
b110000011010100111 [
1+
#267080000
0+
#267100000
b110000011010100110 [
b11 m
1%
b11110000000000000000000000000000 q
0#
1+
#267120000
0+
#267140000
0%
b110000011010100101 [
1+
#267160000
0+
#267180000
b110000011010100100 [
b100 m
1%
b11100000000000000000000000000000 q
1#
1+
#267200000
0+
#267220000
0%
b110000011010100011 [
1+
#267240000
0+
#267260000
b110000011010100010 [
b101 m
1%
b11000000000000000000000000000000 q
1+
#267280000
0+
#267300000
0%
b110000011010100001 [
1+
#267320000
0+
#267340000
b110000011010100000 [
b110 m
1%
b10000000000000000000000000000000 q
1+
#267360000
0+
#267380000
0%
b110000011010011111 [
1+
#267400000
0+
#267420000
b110000011010011110 [
b111 m
1%
b0 q
1+
#267440000
0+
#267460000
b0 r
1;
1$
0%
b110000011010011101 [
1+
#267480000
0+
#267500000
b1011111 X
0_
b110000011010011100 [
0;
1+
#267520000
0+
#267540000
1_
1a
1^
b1011111 ]
b1011111 e
b110000011010011011 [
1+
#267560000
0+
#267580000
b110000011010011010 [
0^
0a
b1 r
b0 m
0$
b1011111000000000000000000000000 q
1+
#267600000
0+
#267620000
b1 m
1%
b10111110000000000000000000000000 q
0#
b110000011010011001 [
1+
#267640000
0+
#267660000
b110000011010011000 [
0%
1+
#267680000
0+
#267700000
b10 m
1%
b1111100000000000000000000000000 q
1#
b110000011010010111 [
1+
#267720000
0+
#267740000
b110000011010010110 [
0%
1+
#267760000
0+
#267780000
b11 m
1%
b11111000000000000000000000000000 q
0#
b110000011010010101 [
1+
#267800000
0+
#267820000
b110000011010010100 [
0%
1+
#267840000
0+
#267860000
b100 m
1%
b11110000000000000000000000000000 q
1#
b110000011010010011 [
1+
#267880000
0+
#267900000
b110000011010010010 [
0%
1+
#267920000
0+
#267940000
b101 m
1%
b11100000000000000000000000000000 q
b110000011010010001 [
1+
#267960000
0+
#267980000
b110000011010010000 [
0%
1+
#268000000
0+
#268020000
b110 m
1%
b11000000000000000000000000000000 q
b110000011010001111 [
1+
#268040000
0+
#268060000
b110000011010001110 [
0%
1+
#268080000
0+
#268100000
b111 m
1%
b10000000000000000000000000000000 q
b110000011010001101 [
1+
#268120000
0+
#268140000
b110000011010001100 [
b0 r
1;
1$
0%
1+
#268160000
0+
#268180000
0;
b1100000 X
0_
b110000011010001011 [
1+
#268200000
0+
#268220000
1_
1a
1^
b1100000 ]
b1100000 e
b110000011010001010 [
1+
#268240000
0+
#268260000
b1 r
b0 m
0$
b1100000000000000000000000000000 q
b110000011010001001 [
0^
0a
1+
#268280000
0+
#268300000
b110000011010001000 [
b1 m
1%
b11000000000000000000000000000000 q
0#
1+
#268320000
0+
#268340000
0%
b110000011010000111 [
1+
#268360000
0+
#268380000
b110000011010000110 [
b10 m
1%
b10000000000000000000000000000000 q
1#
1+
#268400000
0+
#268420000
0%
b110000011010000101 [
1+
#268440000
0+
#268460000
b110000011010000100 [
b11 m
1%
b0 q
1+
#268480000
0+
#268500000
0%
b110000011010000011 [
1+
#268520000
0+
#268540000
b110000011010000010 [
b100 m
1%
0#
1+
#268560000
0+
#268580000
0%
b110000011010000001 [
1+
#268600000
0+
#268620000
b110000011010000000 [
b101 m
1%
1+
#268640000
0+
#268660000
0%
b110000011001111111 [
1+
#268680000
0+
#268700000
b110000011001111110 [
b110 m
1%
1+
#268720000
0+
#268740000
0%
b110000011001111101 [
1+
#268760000
0+
#268780000
b110000011001111100 [
b111 m
1%
1+
#268800000
0+
#268820000
b0 r
1;
1$
0%
b110000011001111011 [
1+
#268840000
0+
#268860000
b1100001 X
0_
b110000011001111010 [
1#
0;
1+
#268880000
0+
#268900000
1_
1a
1^
b1100001 ]
b1100001 e
b110000011001111001 [
1+
#268920000
0+
#268940000
b110000011001111000 [
0^
0a
b1 r
b0 m
0$
b1100001000000000000000000000000 q
1+
#268960000
0+
#268980000
b1 m
1%
b11000010000000000000000000000000 q
0#
b110000011001110111 [
1+
#269000000
0+
#269020000
b110000011001110110 [
0%
1+
#269040000
0+
#269060000
b10 m
1%
b10000100000000000000000000000000 q
1#
b110000011001110101 [
1+
#269080000
0+
#269100000
b110000011001110100 [
0%
1+
#269120000
0+
#269140000
b11 m
1%
b1000000000000000000000000000 q
b110000011001110011 [
1+
#269160000
0+
#269180000
b110000011001110010 [
0%
1+
#269200000
0+
#269220000
b100 m
1%
b10000000000000000000000000000 q
0#
b110000011001110001 [
1+
#269240000
0+
#269260000
b110000011001110000 [
0%
1+
#269280000
0+
#269300000
b101 m
1%
b100000000000000000000000000000 q
b110000011001101111 [
1+
#269320000
0+
#269340000
b110000011001101110 [
0%
1+
#269360000
0+
#269380000
b110 m
1%
b1000000000000000000000000000000 q
b110000011001101101 [
1+
#269400000
0+
#269420000
b110000011001101100 [
0%
1+
#269440000
0+
#269460000
b111 m
1%
b10000000000000000000000000000000 q
b110000011001101011 [
1+
#269480000
0+
#269500000
b110000011001101010 [
b0 r
1;
1$
0%
1+
#269520000
0+
#269540000
1#
0;
b1100010 X
0_
b110000011001101001 [
1+
#269560000
0+
#269580000
1_
1a
1^
b1100010 ]
b1100010 e
b110000011001101000 [
1+
#269600000
0+
#269620000
b1 r
b0 m
0$
b1100010000000000000000000000000 q
b110000011001100111 [
0^
0a
1+
#269640000
0+
#269660000
b110000011001100110 [
b1 m
1%
b11000100000000000000000000000000 q
0#
1+
#269680000
0+
#269700000
0%
b110000011001100101 [
1+
#269720000
0+
#269740000
b110000011001100100 [
b10 m
1%
b10001000000000000000000000000000 q
1#
1+
#269760000
0+
#269780000
0%
b110000011001100011 [
1+
#269800000
0+
#269820000
b110000011001100010 [
b11 m
1%
b10000000000000000000000000000 q
1+
#269840000
0+
#269860000
0%
b110000011001100001 [
1+
#269880000
0+
#269900000
b110000011001100000 [
b100 m
1%
b100000000000000000000000000000 q
0#
1+
#269920000
0+
#269940000
0%
b110000011001011111 [
1+
#269960000
0+
#269980000
b110000011001011110 [
b101 m
1%
b1000000000000000000000000000000 q
1+
#270000000
0+
#270020000
0%
b110000011001011101 [
1+
#270040000
0+
#270060000
b110000011001011100 [
b110 m
1%
b10000000000000000000000000000000 q
1+
#270080000
0+
#270100000
0%
b110000011001011011 [
1+
#270120000
0+
#270140000
b110000011001011010 [
b111 m
1%
b0 q
1#
1+
#270160000
0+
#270180000
b0 r
1;
1$
0%
b110000011001011001 [
1+
#270200000
0+
#270220000
b1100011 X
0_
b110000011001011000 [
0;
1+
#270240000
0+
#270260000
1_
1a
1^
b1100011 ]
b1100011 e
b110000011001010111 [
1+
#270280000
0+
#270300000
b110000011001010110 [
0^
0a
b1 r
b0 m
0$
b1100011000000000000000000000000 q
1+
#270320000
0+
#270340000
b1 m
1%
b11000110000000000000000000000000 q
0#
b110000011001010101 [
1+
#270360000
0+
#270380000
b110000011001010100 [
0%
1+
#270400000
0+
#270420000
b10 m
1%
b10001100000000000000000000000000 q
1#
b110000011001010011 [
1+
#270440000
0+
#270460000
b110000011001010010 [
0%
1+
#270480000
0+
#270500000
b11 m
1%
b11000000000000000000000000000 q
b110000011001010001 [
1+
#270520000
0+
#270540000
b110000011001010000 [
0%
1+
#270560000
0+
#270580000
b100 m
1%
b110000000000000000000000000000 q
0#
b110000011001001111 [
1+
#270600000
0+
#270620000
b110000011001001110 [
0%
1+
#270640000
0+
#270660000
b101 m
1%
b1100000000000000000000000000000 q
b110000011001001101 [
1+
#270680000
0+
#270700000
b110000011001001100 [
0%
1+
#270720000
0+
#270740000
b110 m
1%
b11000000000000000000000000000000 q
b110000011001001011 [
1+
#270760000
0+
#270780000
b110000011001001010 [
0%
1+
#270800000
0+
#270820000
b111 m
1%
b10000000000000000000000000000000 q
1#
b110000011001001001 [
1+
#270840000
0+
#270860000
b110000011001001000 [
b0 r
1;
1$
0%
1+
#270880000
0+
#270900000
0;
b1100100 X
0_
b110000011001000111 [
1+
#270920000
0+
#270940000
1_
1a
1^
b1100100 ]
b1100100 e
b110000011001000110 [
1+
#270960000
0+
#270980000
b1 r
b0 m
0$
b1100100000000000000000000000000 q
b110000011001000101 [
0^
0a
1+
#271000000
0+
#271020000
b110000011001000100 [
b1 m
1%
b11001000000000000000000000000000 q
0#
1+
#271040000
0+
#271060000
0%
b110000011001000011 [
1+
#271080000
0+
#271100000
b110000011001000010 [
b10 m
1%
b10010000000000000000000000000000 q
1#
1+
#271120000
0+
#271140000
0%
b110000011001000001 [
1+
#271160000
0+
#271180000
b110000011001000000 [
b11 m
1%
b100000000000000000000000000000 q
1+
#271200000
0+
#271220000
0%
b110000011000111111 [
1+
#271240000
0+
#271260000
b110000011000111110 [
b100 m
1%
b1000000000000000000000000000000 q
0#
1+
#271280000
0+
#271300000
0%
b110000011000111101 [
1+
#271320000
0+
#271340000
b110000011000111100 [
b101 m
1%
b10000000000000000000000000000000 q
1+
#271360000
0+
#271380000
0%
b110000011000111011 [
1+
#271400000
0+
#271420000
b110000011000111010 [
b110 m
1%
b0 q
1#
1+
#271440000
0+
#271460000
0%
b110000011000111001 [
1+
#271480000
0+
#271500000
b110000011000111000 [
b111 m
1%
0#
1+
#271520000
0+
#271540000
b0 r
1;
1$
0%
b110000011000110111 [
1+
#271560000
0+
#271580000
b1100101 X
0_
b110000011000110110 [
1#
0;
1+
#271600000
0+
#271620000
1_
1a
1^
b1100101 ]
b1100101 e
b110000011000110101 [
1+
#271640000
0+
#271660000
b110000011000110100 [
0^
0a
b1 r
b0 m
0$
b1100101000000000000000000000000 q
1+
#271680000
0+
#271700000
b1 m
1%
b11001010000000000000000000000000 q
0#
b110000011000110011 [
1+
#271720000
0+
#271740000
b110000011000110010 [
0%
1+
#271760000
0+
#271780000
b10 m
1%
b10010100000000000000000000000000 q
1#
b110000011000110001 [
1+
#271800000
0+
#271820000
b110000011000110000 [
0%
1+
#271840000
0+
#271860000
b11 m
1%
b101000000000000000000000000000 q
b110000011000101111 [
1+
#271880000
0+
#271900000
b110000011000101110 [
0%
1+
#271920000
0+
#271940000
b100 m
1%
b1010000000000000000000000000000 q
0#
b110000011000101101 [
1+
#271960000
0+
#271980000
b110000011000101100 [
0%
1+
#272000000
0+
#272020000
b101 m
1%
b10100000000000000000000000000000 q
b110000011000101011 [
1+
#272040000
0+
#272060000
b110000011000101010 [
0%
1+
#272080000
0+
#272100000
b110 m
1%
b1000000000000000000000000000000 q
1#
b110000011000101001 [
1+
#272120000
0+
#272140000
b110000011000101000 [
0%
1+
#272160000
0+
#272180000
b111 m
1%
b10000000000000000000000000000000 q
0#
b110000011000100111 [
1+
#272200000
0+
#272220000
b110000011000100110 [
b0 r
1;
1$
0%
1+
#272240000
0+
#272260000
1#
0;
b1100110 X
0_
b110000011000100101 [
1+
#272280000
0+
#272300000
1_
1a
1^
b1100110 ]
b1100110 e
b110000011000100100 [
1+
#272320000
0+
#272340000
b1 r
b0 m
0$
b1100110000000000000000000000000 q
b110000011000100011 [
0^
0a
1+
#272360000
0+
#272380000
b110000011000100010 [
b1 m
1%
b11001100000000000000000000000000 q
0#
1+
#272400000
0+
#272420000
0%
b110000011000100001 [
1+
#272440000
0+
#272460000
b110000011000100000 [
b10 m
1%
b10011000000000000000000000000000 q
1#
1+
#272480000
0+
#272500000
0%
b110000011000011111 [
1+
#272520000
0+
#272540000
b110000011000011110 [
b11 m
1%
b110000000000000000000000000000 q
1+
#272560000
0+
#272580000
0%
b110000011000011101 [
1+
#272600000
0+
#272620000
b110000011000011100 [
b100 m
1%
b1100000000000000000000000000000 q
0#
1+
#272640000
0+
#272660000
0%
b110000011000011011 [
1+
#272680000
0+
#272700000
b110000011000011010 [
b101 m
1%
b11000000000000000000000000000000 q
1+
#272720000
0+
#272740000
0%
b110000011000011001 [
1+
#272760000
0+
#272780000
b110000011000011000 [
b110 m
1%
b10000000000000000000000000000000 q
1#
1+
#272800000
0+
#272820000
0%
b110000011000010111 [
1+
#272840000
0+
#272860000
b110000011000010110 [
b111 m
1%
b0 q
1+
#272880000
0+
#272900000
b0 r
1;
1$
0%
b110000011000010101 [
1+
#272920000
0+
#272940000
b1100111 X
0_
b110000011000010100 [
0;
1+
#272960000
0+
#272980000
1_
1a
1^
b1100111 ]
b1100111 e
b110000011000010011 [
1+
#273000000
0+
#273020000
b110000011000010010 [
0^
0a
b1 r
b0 m
0$
b1100111000000000000000000000000 q
1+
#273040000
0+
#273060000
b1 m
1%
b11001110000000000000000000000000 q
0#
b110000011000010001 [
1+
#273080000
0+
#273100000
b110000011000010000 [
0%
1+
#273120000
0+
#273140000
b10 m
1%
b10011100000000000000000000000000 q
1#
b110000011000001111 [
1+
#273160000
0+
#273180000
b110000011000001110 [
0%
1+
#273200000
0+
#273220000
b11 m
1%
b111000000000000000000000000000 q
b110000011000001101 [
1+
#273240000
0+
#273260000
b110000011000001100 [
0%
1+
#273280000
0+
#273300000
b100 m
1%
b1110000000000000000000000000000 q
0#
b110000011000001011 [
1+
#273320000
0+
#273340000
b110000011000001010 [
0%
1+
#273360000
0+
#273380000
b101 m
1%
b11100000000000000000000000000000 q
b110000011000001001 [
1+
#273400000
0+
#273420000
b110000011000001000 [
0%
1+
#273440000
0+
#273460000
b110 m
1%
b11000000000000000000000000000000 q
1#
b110000011000000111 [
1+
#273480000
0+
#273500000
b110000011000000110 [
0%
1+
#273520000
0+
#273540000
b111 m
1%
b10000000000000000000000000000000 q
b110000011000000101 [
1+
#273560000
0+
#273580000
b110000011000000100 [
b0 r
1;
1$
0%
1+
#273600000
0+
#273620000
0;
b1101000 X
0_
b110000011000000011 [
1+
#273640000
0+
#273660000
1_
1a
1^
b1101000 ]
b1101000 e
b110000011000000010 [
1+
#273680000
0+
#273700000
b1 r
b0 m
0$
b1101000000000000000000000000000 q
b110000011000000001 [
0^
0a
1+
#273720000
0+
#273740000
b110000011000000000 [
b1 m
1%
b11010000000000000000000000000000 q
0#
1+
#273760000
0+
#273780000
0%
b110000010111111111 [
1+
#273800000
0+
#273820000
b110000010111111110 [
b10 m
1%
b10100000000000000000000000000000 q
1#
1+
#273840000
0+
#273860000
0%
b110000010111111101 [
1+
#273880000
0+
#273900000
b110000010111111100 [
b11 m
1%
b1000000000000000000000000000000 q
1+
#273920000
0+
#273940000
0%
b110000010111111011 [
1+
#273960000
0+
#273980000
b110000010111111010 [
b100 m
1%
b10000000000000000000000000000000 q
0#
1+
#274000000
0+
#274020000
0%
b110000010111111001 [
1+
#274040000
0+
#274060000
b110000010111111000 [
b101 m
1%
b0 q
1#
1+
#274080000
0+
#274100000
0%
b110000010111110111 [
1+
#274120000
0+
#274140000
b110000010111110110 [
b110 m
1%
0#
1+
#274160000
0+
#274180000
0%
b110000010111110101 [
1+
#274200000
0+
#274220000
b110000010111110100 [
b111 m
1%
1+
#274240000
0+
#274260000
b0 r
1;
1$
0%
b110000010111110011 [
1+
#274280000
0+
#274300000
b1101001 X
0_
b110000010111110010 [
1#
0;
1+
#274320000
0+
#274340000
1_
1a
1^
b1101001 ]
b1101001 e
b110000010111110001 [
1+
#274360000
0+
#274380000
b110000010111110000 [
0^
0a
b1 r
b0 m
0$
b1101001000000000000000000000000 q
1+
#274400000
0+
#274420000
b1 m
1%
b11010010000000000000000000000000 q
0#
b110000010111101111 [
1+
#274440000
0+
#274460000
b110000010111101110 [
0%
1+
#274480000
0+
#274500000
b10 m
1%
b10100100000000000000000000000000 q
1#
b110000010111101101 [
1+
#274520000
0+
#274540000
b110000010111101100 [
0%
1+
#274560000
0+
#274580000
b11 m
1%
b1001000000000000000000000000000 q
b110000010111101011 [
1+
#274600000
0+
#274620000
b110000010111101010 [
0%
1+
#274640000
0+
#274660000
b100 m
1%
b10010000000000000000000000000000 q
0#
b110000010111101001 [
1+
#274680000
0+
#274700000
b110000010111101000 [
0%
1+
#274720000
0+
#274740000
b101 m
1%
b100000000000000000000000000000 q
1#
b110000010111100111 [
1+
#274760000
0+
#274780000
b110000010111100110 [
0%
1+
#274800000
0+
#274820000
b110 m
1%
b1000000000000000000000000000000 q
0#
b110000010111100101 [
1+
#274840000
0+
#274860000
b110000010111100100 [
0%
1+
#274880000
0+
#274900000
b111 m
1%
b10000000000000000000000000000000 q
b110000010111100011 [
1+
#274920000
0+
#274940000
b110000010111100010 [
b0 r
1;
1$
0%
1+
#274960000
0+
#274980000
1#
0;
b1101010 X
0_
b110000010111100001 [
1+
#275000000
0+
#275020000
1_
1a
1^
b1101010 ]
b1101010 e
b110000010111100000 [
1+
#275040000
0+
#275060000
b1 r
b0 m
0$
b1101010000000000000000000000000 q
b110000010111011111 [
0^
0a
1+
#275080000
0+
#275100000
b110000010111011110 [
b1 m
1%
b11010100000000000000000000000000 q
0#
1+
#275120000
0+
#275140000
0%
b110000010111011101 [
1+
#275160000
0+
#275180000
b110000010111011100 [
b10 m
1%
b10101000000000000000000000000000 q
1#
1+
#275200000
0+
#275220000
0%
b110000010111011011 [
1+
#275240000
0+
#275260000
b110000010111011010 [
b11 m
1%
b1010000000000000000000000000000 q
1+
#275280000
0+
#275300000
0%
b110000010111011001 [
1+
#275320000
0+
#275340000
b110000010111011000 [
b100 m
1%
b10100000000000000000000000000000 q
0#
1+
#275360000
0+
#275380000
0%
b110000010111010111 [
1+
#275400000
0+
#275420000
b110000010111010110 [
b101 m
1%
b1000000000000000000000000000000 q
1#
1+
#275440000
0+
#275460000
0%
b110000010111010101 [
1+
#275480000
0+
#275500000
b110000010111010100 [
b110 m
1%
b10000000000000000000000000000000 q
0#
1+
#275520000
0+
#275540000
0%
b110000010111010011 [
1+
#275560000
0+
#275580000
b110000010111010010 [
b111 m
1%
b0 q
1#
1+
#275600000
0+
#275620000
b0 r
1;
1$
0%
b110000010111010001 [
1+
#275640000
0+
#275660000
b1101011 X
0_
b110000010111010000 [
0;
1+
#275680000
0+
#275700000
1_
1a
1^
b1101011 ]
b1101011 e
b110000010111001111 [
1+
#275720000
0+
#275740000
b110000010111001110 [
0^
0a
b1 r
b0 m
0$
b1101011000000000000000000000000 q
1+
#275760000
0+
#275780000
b1 m
1%
b11010110000000000000000000000000 q
0#
b110000010111001101 [
1+
#275800000
0+
#275820000
b110000010111001100 [
0%
1+
#275840000
0+
#275860000
b10 m
1%
b10101100000000000000000000000000 q
1#
b110000010111001011 [
1+
#275880000
0+
#275900000
b110000010111001010 [
0%
1+
#275920000
0+
#275940000
b11 m
1%
b1011000000000000000000000000000 q
b110000010111001001 [
1+
#275960000
0+
#275980000
b110000010111001000 [
0%
1+
#276000000
0+
#276020000
b100 m
1%
b10110000000000000000000000000000 q
0#
b110000010111000111 [
1+
#276040000
0+
#276060000
b110000010111000110 [
0%
1+
#276080000
0+
#276100000
b101 m
1%
b1100000000000000000000000000000 q
1#
b110000010111000101 [
1+
#276120000
0+
#276140000
b110000010111000100 [
0%
1+
#276160000
0+
#276180000
b110 m
1%
b11000000000000000000000000000000 q
0#
b110000010111000011 [
1+
#276200000
0+
#276220000
b110000010111000010 [
0%
1+
#276240000
0+
#276260000
b111 m
1%
b10000000000000000000000000000000 q
1#
b110000010111000001 [
1+
#276280000
0+
#276300000
b110000010111000000 [
b0 r
1;
1$
0%
1+
#276320000
0+
#276340000
0;
b1101100 X
0_
b110000010110111111 [
1+
#276360000
0+
#276380000
1_
1a
1^
b1101100 ]
b1101100 e
b110000010110111110 [
1+
#276400000
0+
#276420000
b1 r
b0 m
0$
b1101100000000000000000000000000 q
b110000010110111101 [
0^
0a
1+
#276440000
0+
#276460000
b110000010110111100 [
b1 m
1%
b11011000000000000000000000000000 q
0#
1+
#276480000
0+
#276500000
0%
b110000010110111011 [
1+
#276520000
0+
#276540000
b110000010110111010 [
b10 m
1%
b10110000000000000000000000000000 q
1#
1+
#276560000
0+
#276580000
0%
b110000010110111001 [
1+
#276600000
0+
#276620000
b110000010110111000 [
b11 m
1%
b1100000000000000000000000000000 q
1+
#276640000
0+
#276660000
0%
b110000010110110111 [
1+
#276680000
0+
#276700000
b110000010110110110 [
b100 m
1%
b11000000000000000000000000000000 q
0#
1+
#276720000
0+
#276740000
0%
b110000010110110101 [
1+
#276760000
0+
#276780000
b110000010110110100 [
b101 m
1%
b10000000000000000000000000000000 q
1#
1+
#276800000
0+
#276820000
0%
b110000010110110011 [
1+
#276840000
0+
#276860000
b110000010110110010 [
b110 m
1%
b0 q
1+
#276880000
0+
#276900000
0%
b110000010110110001 [
1+
#276920000
0+
#276940000
b110000010110110000 [
b111 m
1%
0#
1+
#276960000
0+
#276980000
b0 r
1;
1$
0%
b110000010110101111 [
1+
#277000000
0+
#277020000
b1101101 X
0_
b110000010110101110 [
1#
0;
1+
#277040000
0+
#277060000
1_
1a
1^
b1101101 ]
b1101101 e
b110000010110101101 [
1+
#277080000
0+
#277100000
b110000010110101100 [
0^
0a
b1 r
b0 m
0$
b1101101000000000000000000000000 q
1+
#277120000
0+
#277140000
b1 m
1%
b11011010000000000000000000000000 q
0#
b110000010110101011 [
1+
#277160000
0+
#277180000
b110000010110101010 [
0%
1+
#277200000
0+
#277220000
b10 m
1%
b10110100000000000000000000000000 q
1#
b110000010110101001 [
1+
#277240000
0+
#277260000
b110000010110101000 [
0%
1+
#277280000
0+
#277300000
b11 m
1%
b1101000000000000000000000000000 q
b110000010110100111 [
1+
#277320000
0+
#277340000
b110000010110100110 [
0%
1+
#277360000
0+
#277380000
b100 m
1%
b11010000000000000000000000000000 q
0#
b110000010110100101 [
1+
#277400000
0+
#277420000
b110000010110100100 [
0%
1+
#277440000
0+
#277460000
b101 m
1%
b10100000000000000000000000000000 q
1#
b110000010110100011 [
1+
#277480000
0+
#277500000
b110000010110100010 [
0%
1+
#277520000
0+
#277540000
b110 m
1%
b1000000000000000000000000000000 q
b110000010110100001 [
1+
#277560000
0+
#277580000
b110000010110100000 [
0%
1+
#277600000
0+
#277620000
b111 m
1%
b10000000000000000000000000000000 q
0#
b110000010110011111 [
1+
#277640000
0+
#277660000
b110000010110011110 [
b0 r
1;
1$
0%
1+
#277680000
0+
#277700000
1#
0;
b1101110 X
0_
b110000010110011101 [
1+
#277720000
0+
#277740000
1_
1a
1^
b1101110 ]
b1101110 e
b110000010110011100 [
1+
#277760000
0+
#277780000
b1 r
b0 m
0$
b1101110000000000000000000000000 q
b110000010110011011 [
0^
0a
1+
#277800000
0+
#277820000
b110000010110011010 [
b1 m
1%
b11011100000000000000000000000000 q
0#
1+
#277840000
0+
#277860000
0%
b110000010110011001 [
1+
#277880000
0+
#277900000
b110000010110011000 [
b10 m
1%
b10111000000000000000000000000000 q
1#
1+
#277920000
0+
#277940000
0%
b110000010110010111 [
1+
#277960000
0+
#277980000
b110000010110010110 [
b11 m
1%
b1110000000000000000000000000000 q
1+
#278000000
0+
#278020000
0%
b110000010110010101 [
1+
#278040000
0+
#278060000
b110000010110010100 [
b100 m
1%
b11100000000000000000000000000000 q
0#
1+
#278080000
0+
#278100000
0%
b110000010110010011 [
1+
#278120000
0+
#278140000
b110000010110010010 [
b101 m
1%
b11000000000000000000000000000000 q
1#
1+
#278160000
0+
#278180000
0%
b110000010110010001 [
1+
#278200000
0+
#278220000
b110000010110010000 [
b110 m
1%
b10000000000000000000000000000000 q
1+
#278240000
0+
#278260000
0%
b110000010110001111 [
1+
#278280000
0+
#278300000
b110000010110001110 [
b111 m
1%
b0 q
1+
#278320000
0+
#278340000
b0 r
1;
1$
0%
b110000010110001101 [
1+
#278360000
0+
#278380000
b1101111 X
0_
b110000010110001100 [
0;
1+
#278400000
0+
#278420000
1_
1a
1^
b1101111 ]
b1101111 e
b110000010110001011 [
1+
#278440000
0+
#278460000
b110000010110001010 [
0^
0a
b1 r
b0 m
0$
b1101111000000000000000000000000 q
1+
#278480000
0+
#278500000
b1 m
1%
b11011110000000000000000000000000 q
0#
b110000010110001001 [
1+
#278520000
0+
#278540000
b110000010110001000 [
0%
1+
#278560000
0+
#278580000
b10 m
1%
b10111100000000000000000000000000 q
1#
b110000010110000111 [
1+
#278600000
0+
#278620000
b110000010110000110 [
0%
1+
#278640000
0+
#278660000
b11 m
1%
b1111000000000000000000000000000 q
b110000010110000101 [
1+
#278680000
0+
#278700000
b110000010110000100 [
0%
1+
#278720000
0+
#278740000
b100 m
1%
b11110000000000000000000000000000 q
0#
b110000010110000011 [
1+
#278760000
0+
#278780000
b110000010110000010 [
0%
1+
#278800000
0+
#278820000
b101 m
1%
b11100000000000000000000000000000 q
1#
b110000010110000001 [
1+
#278840000
0+
#278860000
b110000010110000000 [
0%
1+
#278880000
0+
#278900000
b110 m
1%
b11000000000000000000000000000000 q
b110000010101111111 [
1+
#278920000
0+
#278940000
b110000010101111110 [
0%
1+
#278960000
0+
#278980000
b111 m
1%
b10000000000000000000000000000000 q
b110000010101111101 [
1+
#279000000
0+
#279020000
b110000010101111100 [
b0 r
1;
1$
0%
1+
#279040000
0+
#279060000
0;
b1110000 X
0_
b110000010101111011 [
1+
#279080000
0+
#279100000
1_
1a
1^
b1110000 ]
b1110000 e
b110000010101111010 [
1+
#279120000
0+
#279140000
b1 r
b0 m
0$
b1110000000000000000000000000000 q
b110000010101111001 [
0^
0a
1+
#279160000
0+
#279180000
b110000010101111000 [
b1 m
1%
b11100000000000000000000000000000 q
0#
1+
#279200000
0+
#279220000
0%
b110000010101110111 [
1+
#279240000
0+
#279260000
b110000010101110110 [
b10 m
1%
b11000000000000000000000000000000 q
1#
1+
#279280000
0+
#279300000
0%
b110000010101110101 [
1+
#279320000
0+
#279340000
b110000010101110100 [
b11 m
1%
b10000000000000000000000000000000 q
1+
#279360000
0+
#279380000
0%
b110000010101110011 [
1+
#279400000
0+
#279420000
b110000010101110010 [
b100 m
1%
b0 q
1+
#279440000
0+
#279460000
0%
b110000010101110001 [
1+
#279480000
0+
#279500000
b110000010101110000 [
b101 m
1%
0#
1+
#279520000
0+
#279540000
0%
b110000010101101111 [
1+
#279560000
0+
#279580000
b110000010101101110 [
b110 m
1%
1+
#279600000
0+
#279620000
0%
b110000010101101101 [
1+
#279640000
0+
#279660000
b110000010101101100 [
b111 m
1%
1+
#279680000
0+
#279700000
b0 r
1;
1$
0%
b110000010101101011 [
1+
#279720000
0+
#279740000
b1110001 X
0_
b110000010101101010 [
1#
0;
1+
#279760000
0+
#279780000
1_
1a
1^
b1110001 ]
b1110001 e
b110000010101101001 [
1+
#279800000
0+
#279820000
b110000010101101000 [
0^
0a
b1 r
b0 m
0$
b1110001000000000000000000000000 q
1+
#279840000
0+
#279860000
b1 m
1%
b11100010000000000000000000000000 q
0#
b110000010101100111 [
1+
#279880000
0+
#279900000
b110000010101100110 [
0%
1+
#279920000
0+
#279940000
b10 m
1%
b11000100000000000000000000000000 q
1#
b110000010101100101 [
1+
#279960000
0+
#279980000
b110000010101100100 [
0%
1+
#280000000
0+
#280020000
b11 m
1%
b10001000000000000000000000000000 q
b110000010101100011 [
1+
#280040000
0+
#280060000
b110000010101100010 [
0%
1+
#280080000
0+
#280100000
b100 m
1%
b10000000000000000000000000000 q
b110000010101100001 [
1+
#280120000
0+
#280140000
b110000010101100000 [
0%
1+
#280160000
0+
#280180000
b101 m
1%
b100000000000000000000000000000 q
0#
b110000010101011111 [
1+
#280200000
0+
#280220000
b110000010101011110 [
0%
1+
#280240000
0+
#280260000
b110 m
1%
b1000000000000000000000000000000 q
b110000010101011101 [
1+
#280280000
0+
#280300000
b110000010101011100 [
0%
1+
#280320000
0+
#280340000
b111 m
1%
b10000000000000000000000000000000 q
b110000010101011011 [
1+
#280360000
0+
#280380000
b110000010101011010 [
b0 r
1;
1$
0%
1+
#280400000
0+
#280420000
1#
0;
b1110010 X
0_
b110000010101011001 [
1+
#280440000
0+
#280460000
1_
1a
1^
b1110010 ]
b1110010 e
b110000010101011000 [
1+
#280480000
0+
#280500000
b1 r
b0 m
0$
b1110010000000000000000000000000 q
b110000010101010111 [
0^
0a
1+
#280520000
0+
#280540000
b110000010101010110 [
b1 m
1%
b11100100000000000000000000000000 q
0#
1+
#280560000
0+
#280580000
0%
b110000010101010101 [
1+
#280600000
0+
#280620000
b110000010101010100 [
b10 m
1%
b11001000000000000000000000000000 q
1#
1+
#280640000
0+
#280660000
0%
b110000010101010011 [
1+
#280680000
0+
#280700000
b110000010101010010 [
b11 m
1%
b10010000000000000000000000000000 q
1+
#280720000
0+
#280740000
0%
b110000010101010001 [
1+
#280760000
0+
#280780000
b110000010101010000 [
b100 m
1%
b100000000000000000000000000000 q
1+
#280800000
0+
#280820000
0%
b110000010101001111 [
1+
#280840000
0+
#280860000
b110000010101001110 [
b101 m
1%
b1000000000000000000000000000000 q
0#
1+
#280880000
0+
#280900000
0%
b110000010101001101 [
1+
#280920000
0+
#280940000
b110000010101001100 [
b110 m
1%
b10000000000000000000000000000000 q
1+
#280960000
0+
#280980000
0%
b110000010101001011 [
1+
#281000000
0+
#281020000
b110000010101001010 [
b111 m
1%
b0 q
1#
1+
#281040000
0+
#281060000
b0 r
1;
1$
0%
b110000010101001001 [
1+
#281080000
0+
#281100000
b1110011 X
0_
b110000010101001000 [
0;
1+
#281120000
0+
#281140000
1_
1a
1^
b1110011 ]
b1110011 e
b110000010101000111 [
1+
#281160000
0+
#281180000
b110000010101000110 [
0^
0a
b1 r
b0 m
0$
b1110011000000000000000000000000 q
1+
#281200000
0+
#281220000
b1 m
1%
b11100110000000000000000000000000 q
0#
b110000010101000101 [
1+
#281240000
0+
#281260000
b110000010101000100 [
0%
1+
#281280000
0+
#281300000
b10 m
1%
b11001100000000000000000000000000 q
1#
b110000010101000011 [
1+
#281320000
0+
#281340000
b110000010101000010 [
0%
1+
#281360000
0+
#281380000
b11 m
1%
b10011000000000000000000000000000 q
b110000010101000001 [
1+
#281400000
0+
#281420000
b110000010101000000 [
0%
1+
#281440000
0+
#281460000
b100 m
1%
b110000000000000000000000000000 q
b110000010100111111 [
1+
#281480000
0+
#281500000
b110000010100111110 [
0%
1+
#281520000
0+
#281540000
b101 m
1%
b1100000000000000000000000000000 q
0#
b110000010100111101 [
1+
#281560000
0+
#281580000
b110000010100111100 [
0%
1+
#281600000
0+
#281620000
b110 m
1%
b11000000000000000000000000000000 q
b110000010100111011 [
1+
#281640000
0+
#281660000
b110000010100111010 [
0%
1+
#281680000
0+
#281700000
b111 m
1%
b10000000000000000000000000000000 q
1#
b110000010100111001 [
1+
#281720000
0+
#281740000
b110000010100111000 [
b0 r
1;
1$
0%
1+
#281760000
0+
#281780000
0;
b1110100 X
0_
b110000010100110111 [
1+
#281800000
0+
#281820000
1_
1a
1^
b1110100 ]
b1110100 e
b110000010100110110 [
1+
#281840000
0+
#281860000
b1 r
b0 m
0$
b1110100000000000000000000000000 q
b110000010100110101 [
0^
0a
1+
#281880000
0+
#281900000
b110000010100110100 [
b1 m
1%
b11101000000000000000000000000000 q
0#
1+
#281920000
0+
#281940000
0%
b110000010100110011 [
1+
#281960000
0+
#281980000
b110000010100110010 [
b10 m
1%
b11010000000000000000000000000000 q
1#
1+
#282000000
0+
#282020000
0%
b110000010100110001 [
1+
#282040000
0+
#282060000
b110000010100110000 [
b11 m
1%
b10100000000000000000000000000000 q
1+
#282080000
0+
#282100000
0%
b110000010100101111 [
1+
#282120000
0+
#282140000
b110000010100101110 [
b100 m
1%
b1000000000000000000000000000000 q
1+
#282160000
0+
#282180000
0%
b110000010100101101 [
1+
#282200000
0+
#282220000
b110000010100101100 [
b101 m
1%
b10000000000000000000000000000000 q
0#
1+
#282240000
0+
#282260000
0%
b110000010100101011 [
1+
#282280000
0+
#282300000
b110000010100101010 [
b110 m
1%
b0 q
1#
1+
#282320000
0+
#282340000
0%
b110000010100101001 [
1+
#282360000
0+
#282380000
b110000010100101000 [
b111 m
1%
0#
1+
#282400000
0+
#282420000
b0 r
1;
1$
0%
b110000010100100111 [
1+
#282440000
0+
#282460000
b1110101 X
0_
b110000010100100110 [
1#
0;
1+
#282480000
0+
#282500000
1_
1a
1^
b1110101 ]
b1110101 e
b110000010100100101 [
1+
#282520000
0+
#282540000
b110000010100100100 [
0^
0a
b1 r
b0 m
0$
b1110101000000000000000000000000 q
1+
#282560000
0+
#282580000
b1 m
1%
b11101010000000000000000000000000 q
0#
b110000010100100011 [
1+
#282600000
0+
#282620000
b110000010100100010 [
0%
1+
#282640000
0+
#282660000
b10 m
1%
b11010100000000000000000000000000 q
1#
b110000010100100001 [
1+
#282680000
0+
#282700000
b110000010100100000 [
0%
1+
#282720000
0+
#282740000
b11 m
1%
b10101000000000000000000000000000 q
b110000010100011111 [
1+
#282760000
0+
#282780000
b110000010100011110 [
0%
1+
#282800000
0+
#282820000
b100 m
1%
b1010000000000000000000000000000 q
b110000010100011101 [
1+
#282840000
0+
#282860000
b110000010100011100 [
0%
1+
#282880000
0+
#282900000
b101 m
1%
b10100000000000000000000000000000 q
0#
b110000010100011011 [
1+
#282920000
0+
#282940000
b110000010100011010 [
0%
1+
#282960000
0+
#282980000
b110 m
1%
b1000000000000000000000000000000 q
1#
b110000010100011001 [
1+
#283000000
0+
#283020000
b110000010100011000 [
0%
1+
#283040000
0+
#283060000
b111 m
1%
b10000000000000000000000000000000 q
0#
b110000010100010111 [
1+
#283080000
0+
#283100000
b110000010100010110 [
b0 r
1;
1$
0%
1+
#283120000
0+
#283140000
1#
0;
b1110110 X
0_
b110000010100010101 [
1+
#283160000
0+
#283180000
1_
1a
1^
b1110110 ]
b1110110 e
b110000010100010100 [
1+
#283200000
0+
#283220000
b1 r
b0 m
0$
b1110110000000000000000000000000 q
b110000010100010011 [
0^
0a
1+
#283240000
0+
#283260000
b110000010100010010 [
b1 m
1%
b11101100000000000000000000000000 q
0#
1+
#283280000
0+
#283300000
0%
b110000010100010001 [
1+
#283320000
0+
#283340000
b110000010100010000 [
b10 m
1%
b11011000000000000000000000000000 q
1#
1+
#283360000
0+
#283380000
0%
b110000010100001111 [
1+
#283400000
0+
#283420000
b110000010100001110 [
b11 m
1%
b10110000000000000000000000000000 q
1+
#283440000
0+
#283460000
0%
b110000010100001101 [
1+
#283480000
0+
#283500000
b110000010100001100 [
b100 m
1%
b1100000000000000000000000000000 q
1+
#283520000
0+
#283540000
0%
b110000010100001011 [
1+
#283560000
0+
#283580000
b110000010100001010 [
b101 m
1%
b11000000000000000000000000000000 q
0#
1+
#283600000
0+
#283620000
0%
b110000010100001001 [
1+
#283640000
0+
#283660000
b110000010100001000 [
b110 m
1%
b10000000000000000000000000000000 q
1#
1+
#283680000
0+
#283700000
0%
b110000010100000111 [
1+
#283720000
0+
#283740000
b110000010100000110 [
b111 m
1%
b0 q
1+
#283760000
0+
#283780000
b0 r
1;
1$
0%
b110000010100000101 [
1+
#283800000
0+
#283820000
b1110111 X
0_
b110000010100000100 [
0;
1+
#283840000
0+
#283860000
1_
1a
1^
b1110111 ]
b1110111 e
b110000010100000011 [
1+
#283880000
0+
#283900000
b110000010100000010 [
0^
0a
b1 r
b0 m
0$
b1110111000000000000000000000000 q
1+
#283920000
0+
#283940000
b1 m
1%
b11101110000000000000000000000000 q
0#
b110000010100000001 [
1+
#283960000
0+
#283980000
b110000010100000000 [
0%
1+
#284000000
0+
#284020000
b10 m
1%
b11011100000000000000000000000000 q
1#
b110000010011111111 [
1+
#284040000
0+
#284060000
b110000010011111110 [
0%
1+
#284080000
0+
#284100000
b11 m
1%
b10111000000000000000000000000000 q
b110000010011111101 [
1+
#284120000
0+
#284140000
b110000010011111100 [
0%
1+
#284160000
0+
#284180000
b100 m
1%
b1110000000000000000000000000000 q
b110000010011111011 [
1+
#284200000
0+
#284220000
b110000010011111010 [
0%
1+
#284240000
0+
#284260000
b101 m
1%
b11100000000000000000000000000000 q
0#
b110000010011111001 [
1+
#284280000
0+
#284300000
b110000010011111000 [
0%
1+
#284320000
0+
#284340000
b110 m
1%
b11000000000000000000000000000000 q
1#
b110000010011110111 [
1+
#284360000
0+
#284380000
b110000010011110110 [
0%
1+
#284400000
0+
#284420000
b111 m
1%
b10000000000000000000000000000000 q
b110000010011110101 [
1+
#284440000
0+
#284460000
b110000010011110100 [
b0 r
1;
1$
0%
1+
#284480000
0+
#284500000
0;
b1111000 X
0_
b110000010011110011 [
1+
#284520000
0+
#284540000
1_
1a
1^
b1111000 ]
b1111000 e
b110000010011110010 [
1+
#284560000
0+
#284580000
b1 r
b0 m
0$
b1111000000000000000000000000000 q
b110000010011110001 [
0^
0a
1+
#284600000
0+
#284620000
b110000010011110000 [
b1 m
1%
b11110000000000000000000000000000 q
0#
1+
#284640000
0+
#284660000
0%
b110000010011101111 [
1+
#284680000
0+
#284700000
b110000010011101110 [
b10 m
1%
b11100000000000000000000000000000 q
1#
1+
#284720000
0+
#284740000
0%
b110000010011101101 [
1+
#284760000
0+
#284780000
b110000010011101100 [
b11 m
1%
b11000000000000000000000000000000 q
1+
#284800000
0+
#284820000
0%
b110000010011101011 [
1+
#284840000
0+
#284860000
b110000010011101010 [
b100 m
1%
b10000000000000000000000000000000 q
1+
#284880000
0+
#284900000
0%
b110000010011101001 [
1+
#284920000
0+
#284940000
b110000010011101000 [
b101 m
1%
b0 q
1+
#284960000
0+
#284980000
0%
b110000010011100111 [
1+
#285000000
0+
#285020000
b110000010011100110 [
b110 m
1%
0#
1+
#285040000
0+
#285060000
0%
b110000010011100101 [
1+
#285080000
0+
#285100000
b110000010011100100 [
b111 m
1%
1+
#285120000
0+
#285140000
b0 r
1;
1$
0%
b110000010011100011 [
1+
#285160000
0+
#285180000
b1111001 X
0_
b110000010011100010 [
1#
0;
1+
#285200000
0+
#285220000
1_
1a
1^
b1111001 ]
b1111001 e
b110000010011100001 [
1+
#285240000
0+
#285260000
b110000010011100000 [
0^
0a
b1 r
b0 m
0$
b1111001000000000000000000000000 q
1+
#285280000
0+
#285300000
b1 m
1%
b11110010000000000000000000000000 q
0#
b110000010011011111 [
1+
#285320000
0+
#285340000
b110000010011011110 [
0%
1+
#285360000
0+
#285380000
b10 m
1%
b11100100000000000000000000000000 q
1#
b110000010011011101 [
1+
#285400000
0+
#285420000
b110000010011011100 [
0%
1+
#285440000
0+
#285460000
b11 m
1%
b11001000000000000000000000000000 q
b110000010011011011 [
1+
#285480000
0+
#285500000
b110000010011011010 [
0%
1+
#285520000
0+
#285540000
b100 m
1%
b10010000000000000000000000000000 q
b110000010011011001 [
1+
#285560000
0+
#285580000
b110000010011011000 [
0%
1+
#285600000
0+
#285620000
b101 m
1%
b100000000000000000000000000000 q
b110000010011010111 [
1+
#285640000
0+
#285660000
b110000010011010110 [
0%
1+
#285680000
0+
#285700000
b110 m
1%
b1000000000000000000000000000000 q
0#
b110000010011010101 [
1+
#285720000
0+
#285740000
b110000010011010100 [
0%
1+
#285760000
0+
#285780000
b111 m
1%
b10000000000000000000000000000000 q
b110000010011010011 [
1+
#285800000
0+
#285820000
b110000010011010010 [
b0 r
1;
1$
0%
1+
#285840000
0+
#285860000
1#
0;
b1111010 X
0_
b110000010011010001 [
1+
#285880000
0+
#285900000
1_
1a
1^
b1111010 ]
b1111010 e
b110000010011010000 [
1+
#285920000
0+
#285940000
b1 r
b0 m
0$
b1111010000000000000000000000000 q
b110000010011001111 [
0^
0a
1+
#285960000
0+
#285980000
b110000010011001110 [
b1 m
1%
b11110100000000000000000000000000 q
0#
1+
#286000000
0+
#286020000
0%
b110000010011001101 [
1+
#286040000
0+
#286060000
b110000010011001100 [
b10 m
1%
b11101000000000000000000000000000 q
1#
1+
#286080000
0+
#286100000
0%
b110000010011001011 [
1+
#286120000
0+
#286140000
b110000010011001010 [
b11 m
1%
b11010000000000000000000000000000 q
1+
#286160000
0+
#286180000
0%
b110000010011001001 [
1+
#286200000
0+
#286220000
b110000010011001000 [
b100 m
1%
b10100000000000000000000000000000 q
1+
#286240000
0+
#286260000
0%
b110000010011000111 [
1+
#286280000
0+
#286300000
b110000010011000110 [
b101 m
1%
b1000000000000000000000000000000 q
1+
#286320000
0+
#286340000
0%
b110000010011000101 [
1+
#286360000
0+
#286380000
b110000010011000100 [
b110 m
1%
b10000000000000000000000000000000 q
0#
1+
#286400000
0+
#286420000
0%
b110000010011000011 [
1+
#286440000
0+
#286460000
b110000010011000010 [
b111 m
1%
b0 q
1#
1+
#286480000
0+
#286500000
b0 r
1;
1$
0%
b110000010011000001 [
1+
#286520000
0+
#286540000
b1111011 X
0_
b110000010011000000 [
0;
1+
#286560000
0+
#286580000
1_
1a
1^
b1111011 ]
b1111011 e
b110000010010111111 [
1+
#286600000
0+
#286620000
b110000010010111110 [
0^
0a
b1 r
b0 m
0$
b1111011000000000000000000000000 q
1+
#286640000
0+
#286660000
b1 m
1%
b11110110000000000000000000000000 q
0#
b110000010010111101 [
1+
#286680000
0+
#286700000
b110000010010111100 [
0%
1+
#286720000
0+
#286740000
b10 m
1%
b11101100000000000000000000000000 q
1#
b110000010010111011 [
1+
#286760000
0+
#286780000
b110000010010111010 [
0%
1+
#286800000
0+
#286820000
b11 m
1%
b11011000000000000000000000000000 q
b110000010010111001 [
1+
#286840000
0+
#286860000
b110000010010111000 [
0%
1+
#286880000
0+
#286900000
b100 m
1%
b10110000000000000000000000000000 q
b110000010010110111 [
1+
#286920000
0+
#286940000
b110000010010110110 [
0%
1+
#286960000
0+
#286980000
b101 m
1%
b1100000000000000000000000000000 q
b110000010010110101 [
1+
#287000000
0+
#287020000
b110000010010110100 [
0%
1+
#287040000
0+
#287060000
b110 m
1%
b11000000000000000000000000000000 q
0#
b110000010010110011 [
1+
#287080000
0+
#287100000
b110000010010110010 [
0%
1+
#287120000
0+
#287140000
b111 m
1%
b10000000000000000000000000000000 q
1#
b110000010010110001 [
1+
#287160000
0+
#287180000
b110000010010110000 [
b0 r
1;
1$
0%
1+
#287200000
0+
#287220000
0;
b1111100 X
0_
b110000010010101111 [
1+
#287240000
0+
#287260000
1_
1a
1^
b1111100 ]
b1111100 e
b110000010010101110 [
1+
#287280000
0+
#287300000
b1 r
b0 m
0$
b1111100000000000000000000000000 q
b110000010010101101 [
0^
0a
1+
#287320000
0+
#287340000
b110000010010101100 [
b1 m
1%
b11111000000000000000000000000000 q
0#
1+
#287360000
0+
#287380000
0%
b110000010010101011 [
1+
#287400000
0+
#287420000
b110000010010101010 [
b10 m
1%
b11110000000000000000000000000000 q
1#
1+
#287440000
0+
#287460000
0%
b110000010010101001 [
1+
#287480000
0+
#287500000
b110000010010101000 [
b11 m
1%
b11100000000000000000000000000000 q
1+
#287520000
0+
#287540000
0%
b110000010010100111 [
1+
#287560000
0+
#287580000
b110000010010100110 [
b100 m
1%
b11000000000000000000000000000000 q
1+
#287600000
0+
#287620000
0%
b110000010010100101 [
1+
#287640000
0+
#287660000
b110000010010100100 [
b101 m
1%
b10000000000000000000000000000000 q
1+
#287680000
0+
#287700000
0%
b110000010010100011 [
1+
#287720000
0+
#287740000
b110000010010100010 [
b110 m
1%
b0 q
1+
#287760000
0+
#287780000
0%
b110000010010100001 [
1+
#287800000
0+
#287820000
b110000010010100000 [
b111 m
1%
0#
1+
#287840000
0+
#287860000
b0 r
1;
1$
0%
b110000010010011111 [
1+
#287880000
0+
#287900000
b1111101 X
0_
b110000010010011110 [
1#
0;
1+
#287920000
0+
#287940000
1_
1a
1^
b1111101 ]
b1111101 e
b110000010010011101 [
1+
#287960000
0+
#287980000
b110000010010011100 [
0^
0a
b1 r
b0 m
0$
b1111101000000000000000000000000 q
1+
#288000000
0+
#288020000
b1 m
1%
b11111010000000000000000000000000 q
0#
b110000010010011011 [
1+
#288040000
0+
#288060000
b110000010010011010 [
0%
1+
#288080000
0+
#288100000
b10 m
1%
b11110100000000000000000000000000 q
1#
b110000010010011001 [
1+
#288120000
0+
#288140000
b110000010010011000 [
0%
1+
#288160000
0+
#288180000
b11 m
1%
b11101000000000000000000000000000 q
b110000010010010111 [
1+
#288200000
0+
#288220000
b110000010010010110 [
0%
1+
#288240000
0+
#288260000
b100 m
1%
b11010000000000000000000000000000 q
b110000010010010101 [
1+
#288280000
0+
#288300000
b110000010010010100 [
0%
1+
#288320000
0+
#288340000
b101 m
1%
b10100000000000000000000000000000 q
b110000010010010011 [
1+
#288360000
0+
#288380000
b110000010010010010 [
0%
1+
#288400000
0+
#288420000
b110 m
1%
b1000000000000000000000000000000 q
b110000010010010001 [
1+
#288440000
0+
#288460000
b110000010010010000 [
0%
1+
#288480000
0+
#288500000
b111 m
1%
b10000000000000000000000000000000 q
0#
b110000010010001111 [
1+
#288520000
0+
#288540000
b110000010010001110 [
b0 r
1;
1$
0%
1+
#288560000
0+
#288580000
1#
0;
b1111110 X
0_
b110000010010001101 [
1+
#288600000
0+
#288620000
1_
1a
1^
b1111110 ]
b1111110 e
b110000010010001100 [
1+
#288640000
0+
#288660000
b1 r
b0 m
0$
b1111110000000000000000000000000 q
b110000010010001011 [
0^
0a
1+
#288680000
0+
#288700000
b110000010010001010 [
b1 m
1%
b11111100000000000000000000000000 q
0#
1+
#288720000
0+
#288740000
0%
b110000010010001001 [
1+
#288760000
0+
#288780000
b110000010010001000 [
b10 m
1%
b11111000000000000000000000000000 q
1#
1+
#288800000
0+
#288820000
0%
b110000010010000111 [
1+
#288840000
0+
#288860000
b110000010010000110 [
b11 m
1%
b11110000000000000000000000000000 q
1+
#288880000
0+
#288900000
0%
b110000010010000101 [
1+
#288920000
0+
#288940000
b110000010010000100 [
b100 m
1%
b11100000000000000000000000000000 q
1+
#288960000
0+
#288980000
0%
b110000010010000011 [
1+
#289000000
0+
#289020000
b110000010010000010 [
b101 m
1%
b11000000000000000000000000000000 q
1+
#289040000
0+
#289060000
0%
b110000010010000001 [
1+
#289080000
0+
#289100000
b110000010010000000 [
b110 m
1%
b10000000000000000000000000000000 q
1+
#289120000
0+
#289140000
0%
b110000010001111111 [
1+
#289160000
0+
#289180000
b110000010001111110 [
b111 m
1%
b0 q
1+
#289200000
0+
#289220000
b0 r
1;
1$
0%
b110000010001111101 [
1+
#289240000
0+
#289260000
b1111111 X
0_
b110000010001111100 [
0;
1+
#289280000
0+
#289300000
1_
1a
1^
b1111111 ]
b1111111 e
b110000010001111011 [
1+
#289320000
0+
#289340000
b110000010001111010 [
0^
0a
b1 r
b0 m
0$
b1111111000000000000000000000000 q
1+
#289360000
0+
#289380000
b1 m
1%
b11111110000000000000000000000000 q
0#
b110000010001111001 [
1+
#289400000
0+
#289420000
b110000010001111000 [
0%
1+
#289440000
0+
#289460000
b10 m
1%
b11111100000000000000000000000000 q
1#
b110000010001110111 [
1+
#289480000
0+
#289500000
b110000010001110110 [
0%
1+
#289520000
0+
#289540000
b11 m
1%
b11111000000000000000000000000000 q
b110000010001110101 [
1+
#289560000
0+
#289580000
b110000010001110100 [
0%
1+
#289600000
0+
#289620000
b100 m
1%
b11110000000000000000000000000000 q
b110000010001110011 [
1+
#289640000
0+
#289660000
b110000010001110010 [
0%
1+
#289680000
0+
#289700000
b101 m
1%
b11100000000000000000000000000000 q
b110000010001110001 [
1+
#289720000
0+
#289740000
b110000010001110000 [
0%
1+
#289760000
0+
#289780000
b110 m
1%
b11000000000000000000000000000000 q
b110000010001101111 [
1+
#289800000
0+
#289820000
b110000010001101110 [
0%
1+
#289840000
0+
#289860000
b111 m
1%
b10000000000000000000000000000000 q
b110000010001101101 [
1+
#289880000
0+
#289900000
b110000010001101100 [
b0 r
1;
1$
0%
1+
#289920000
0+
#289940000
0;
b10000000 X
0_
b110000010001101011 [
1+
#289960000
0+
#289980000
1_
1a
1^
b10000000 ]
b10000000 e
b110000010001101010 [
1+
#290000000
0+
#290020000
b1 r
b0 m
0$
b110000010001101001 [
0^
0a
1+
#290040000
0+
#290060000
b110000010001101000 [
b1 m
1%
b0 q
1+
#290080000
0+
#290100000
0%
b110000010001100111 [
1+
#290120000
0+
#290140000
b110000010001100110 [
b10 m
1%
0#
1+
#290160000
0+
#290180000
0%
b110000010001100101 [
1+
#290200000
0+
#290220000
b110000010001100100 [
b11 m
1%
1+
#290240000
0+
#290260000
0%
b110000010001100011 [
1+
#290280000
0+
#290300000
b110000010001100010 [
b100 m
1%
1+
#290320000
0+
#290340000
0%
b110000010001100001 [
1+
#290360000
0+
#290380000
b110000010001100000 [
b101 m
1%
1+
#290400000
0+
#290420000
0%
b110000010001011111 [
1+
#290440000
0+
#290460000
b110000010001011110 [
b110 m
1%
1+
#290480000
0+
#290500000
0%
b110000010001011101 [
1+
#290520000
0+
#290540000
b110000010001011100 [
b111 m
1%
1+
#290560000
0+
#290580000
b0 r
1;
1$
0%
b110000010001011011 [
1+
#290600000
0+
#290620000
b10000001 X
0_
b110000010001011010 [
1#
0;
1+
#290640000
0+
#290660000
1_
1a
1^
b10000001 ]
b10000001 e
b110000010001011001 [
1+
#290680000
0+
#290700000
b110000010001011000 [
0^
0a
b1 r
b0 m
0$
b10000001000000000000000000000000 q
1+
#290720000
0+
#290740000
b1 m
1%
b10000000000000000000000000 q
b110000010001010111 [
1+
#290760000
0+
#290780000
b110000010001010110 [
0%
1+
#290800000
0+
#290820000
b10 m
1%
b100000000000000000000000000 q
0#
b110000010001010101 [
1+
#290840000
0+
#290860000
b110000010001010100 [
0%
1+
#290880000
0+
#290900000
b11 m
1%
b1000000000000000000000000000 q
b110000010001010011 [
1+
#290920000
0+
#290940000
b110000010001010010 [
0%
1+
#290960000
0+
#290980000
b100 m
1%
b10000000000000000000000000000 q
b110000010001010001 [
1+
#291000000
0+
#291020000
b110000010001010000 [
0%
1+
#291040000
0+
#291060000
b101 m
1%
b100000000000000000000000000000 q
b110000010001001111 [
1+
#291080000
0+
#291100000
b110000010001001110 [
0%
1+
#291120000
0+
#291140000
b110 m
1%
b1000000000000000000000000000000 q
b110000010001001101 [
1+
#291160000
0+
#291180000
b110000010001001100 [
0%
1+
#291200000
0+
#291220000
b111 m
1%
b10000000000000000000000000000000 q
b110000010001001011 [
1+
#291240000
0+
#291260000
b110000010001001010 [
b0 r
1;
1$
0%
1+
#291280000
0+
#291300000
1#
0;
b10000010 X
0_
b110000010001001001 [
1+
#291320000
0+
#291340000
1_
1a
1^
b10000010 ]
b10000010 e
b110000010001001000 [
1+
#291360000
0+
#291380000
b1 r
b0 m
0$
b10000010000000000000000000000000 q
b110000010001000111 [
0^
0a
1+
#291400000
0+
#291420000
b110000010001000110 [
b1 m
1%
b100000000000000000000000000 q
1+
#291440000
0+
#291460000
0%
b110000010001000101 [
1+
#291480000
0+
#291500000
b110000010001000100 [
b10 m
1%
b1000000000000000000000000000 q
0#
1+
#291520000
0+
#291540000
0%
b110000010001000011 [
1+
#291560000
0+
#291580000
b110000010001000010 [
b11 m
1%
b10000000000000000000000000000 q
1+
#291600000
0+
#291620000
0%
b110000010001000001 [
1+
#291640000
0+
#291660000
b110000010001000000 [
b100 m
1%
b100000000000000000000000000000 q
1+
#291680000
0+
#291700000
0%
b110000010000111111 [
1+
#291720000
0+
#291740000
b110000010000111110 [
b101 m
1%
b1000000000000000000000000000000 q
1+
#291760000
0+
#291780000
0%
b110000010000111101 [
1+
#291800000
0+
#291820000
b110000010000111100 [
b110 m
1%
b10000000000000000000000000000000 q
1+
#291840000
0+
#291860000
0%
b110000010000111011 [
1+
#291880000
0+
#291900000
b110000010000111010 [
b111 m
1%
b0 q
1#
1+
#291920000
0+
#291940000
b0 r
1;
1$
0%
b110000010000111001 [
1+
#291960000
0+
#291980000
b10000011 X
0_
b110000010000111000 [
0;
1+
#292000000
0+
#292020000
1_
1a
1^
b10000011 ]
b10000011 e
b110000010000110111 [
1+
#292040000
0+
#292060000
b110000010000110110 [
0^
0a
b1 r
b0 m
0$
b10000011000000000000000000000000 q
1+
#292080000
0+
#292100000
b1 m
1%
b110000000000000000000000000 q
b110000010000110101 [
1+
#292120000
0+
#292140000
b110000010000110100 [
0%
1+
#292160000
0+
#292180000
b10 m
1%
b1100000000000000000000000000 q
0#
b110000010000110011 [
1+
#292200000
0+
#292220000
b110000010000110010 [
0%
1+
#292240000
0+
#292260000
b11 m
1%
b11000000000000000000000000000 q
b110000010000110001 [
1+
#292280000
0+
#292300000
b110000010000110000 [
0%
1+
#292320000
0+
#292340000
b100 m
1%
b110000000000000000000000000000 q
b110000010000101111 [
1+
#292360000
0+
#292380000
b110000010000101110 [
0%
1+
#292400000
0+
#292420000
b101 m
1%
b1100000000000000000000000000000 q
b110000010000101101 [
1+
#292440000
0+
#292460000
b110000010000101100 [
0%
1+
#292480000
0+
#292500000
b110 m
1%
b11000000000000000000000000000000 q
b110000010000101011 [
1+
#292520000
0+
#292540000
b110000010000101010 [
0%
1+
#292560000
0+
#292580000
b111 m
1%
b10000000000000000000000000000000 q
1#
b110000010000101001 [
1+
#292600000
0+
#292620000
b110000010000101000 [
b0 r
1;
1$
0%
1+
#292640000
0+
#292660000
0;
b10000100 X
0_
b110000010000100111 [
1+
#292680000
0+
#292700000
1_
1a
1^
b10000100 ]
b10000100 e
b110000010000100110 [
1+
#292720000
0+
#292740000
b1 r
b0 m
0$
b10000100000000000000000000000000 q
b110000010000100101 [
0^
0a
1+
#292760000
0+
#292780000
b110000010000100100 [
b1 m
1%
b1000000000000000000000000000 q
1+
#292800000
0+
#292820000
0%
b110000010000100011 [
1+
#292840000
0+
#292860000
b110000010000100010 [
b10 m
1%
b10000000000000000000000000000 q
0#
1+
#292880000
0+
#292900000
0%
b110000010000100001 [
1+
#292920000
0+
#292940000
b110000010000100000 [
b11 m
1%
b100000000000000000000000000000 q
1+
#292960000
0+
#292980000
0%
b110000010000011111 [
1+
#293000000
0+
#293020000
b110000010000011110 [
b100 m
1%
b1000000000000000000000000000000 q
1+
#293040000
0+
#293060000
0%
b110000010000011101 [
1+
#293080000
0+
#293100000
b110000010000011100 [
b101 m
1%
b10000000000000000000000000000000 q
1+
#293120000
0+
#293140000
0%
b110000010000011011 [
1+
#293160000
0+
#293180000
b110000010000011010 [
b110 m
1%
b0 q
1#
1+
#293200000
0+
#293220000
0%
b110000010000011001 [
1+
#293240000
0+
#293260000
b110000010000011000 [
b111 m
1%
0#
1+
#293280000
0+
#293300000
b0 r
1;
1$
0%
b110000010000010111 [
1+
#293320000
0+
#293340000
b10000101 X
0_
b110000010000010110 [
1#
0;
1+
#293360000
0+
#293380000
1_
1a
1^
b10000101 ]
b10000101 e
b110000010000010101 [
1+
#293400000
0+
#293420000
b110000010000010100 [
0^
0a
b1 r
b0 m
0$
b10000101000000000000000000000000 q
1+
#293440000
0+
#293460000
b1 m
1%
b1010000000000000000000000000 q
b110000010000010011 [
1+
#293480000
0+
#293500000
b110000010000010010 [
0%
1+
#293520000
0+
#293540000
b10 m
1%
b10100000000000000000000000000 q
0#
b110000010000010001 [
1+
#293560000
0+
#293580000
b110000010000010000 [
0%
1+
#293600000
0+
#293620000
b11 m
1%
b101000000000000000000000000000 q
b110000010000001111 [
1+
#293640000
0+
#293660000
b110000010000001110 [
0%
1+
#293680000
0+
#293700000
b100 m
1%
b1010000000000000000000000000000 q
b110000010000001101 [
1+
#293720000
0+
#293740000
b110000010000001100 [
0%
1+
#293760000
0+
#293780000
b101 m
1%
b10100000000000000000000000000000 q
b110000010000001011 [
1+
#293800000
0+
#293820000
b110000010000001010 [
0%
1+
#293840000
0+
#293860000
b110 m
1%
b1000000000000000000000000000000 q
1#
b110000010000001001 [
1+
#293880000
0+
#293900000
b110000010000001000 [
0%
1+
#293920000
0+
#293940000
b111 m
1%
b10000000000000000000000000000000 q
0#
b110000010000000111 [
1+
#293960000
0+
#293980000
b110000010000000110 [
b0 r
1;
1$
0%
1+
#294000000
0+
#294020000
1#
0;
b10000110 X
0_
b110000010000000101 [
1+
#294040000
0+
#294060000
1_
1a
1^
b10000110 ]
b10000110 e
b110000010000000100 [
1+
#294080000
0+
#294100000
b1 r
b0 m
0$
b10000110000000000000000000000000 q
b110000010000000011 [
0^
0a
1+
#294120000
0+
#294140000
b110000010000000010 [
b1 m
1%
b1100000000000000000000000000 q
1+
#294160000
0+
#294180000
0%
b110000010000000001 [
1+
#294200000
0+
#294220000
b110000010000000000 [
b10 m
1%
b11000000000000000000000000000 q
0#
1+
#294240000
0+
#294260000
0%
b110000001111111111 [
1+
#294280000
0+
#294300000
b110000001111111110 [
b11 m
1%
b110000000000000000000000000000 q
1+
#294320000
0+
#294340000
0%
b110000001111111101 [
1+
#294360000
0+
#294380000
b110000001111111100 [
b100 m
1%
b1100000000000000000000000000000 q
1+
#294400000
0+
#294420000
0%
b110000001111111011 [
1+
#294440000
0+
#294460000
b110000001111111010 [
b101 m
1%
b11000000000000000000000000000000 q
1+
#294480000
0+
#294500000
0%
b110000001111111001 [
1+
#294520000
0+
#294540000
b110000001111111000 [
b110 m
1%
b10000000000000000000000000000000 q
1#
1+
#294560000
0+
#294580000
0%
b110000001111110111 [
1+
#294600000
0+
#294620000
b110000001111110110 [
b111 m
1%
b0 q
1+
#294640000
0+
#294660000
b0 r
1;
1$
0%
b110000001111110101 [
1+
#294680000
0+
#294700000
b10000111 X
0_
b110000001111110100 [
0;
1+
#294720000
0+
#294740000
1_
1a
1^
b10000111 ]
b10000111 e
b110000001111110011 [
1+
#294760000
0+
#294780000
b110000001111110010 [
0^
0a
b1 r
b0 m
0$
b10000111000000000000000000000000 q
1+
#294800000
0+
#294820000
b1 m
1%
b1110000000000000000000000000 q
b110000001111110001 [
1+
#294840000
0+
#294860000
b110000001111110000 [
0%
1+
#294880000
0+
#294900000
b10 m
1%
b11100000000000000000000000000 q
0#
b110000001111101111 [
1+
#294920000
0+
#294940000
b110000001111101110 [
0%
1+
#294960000
0+
#294980000
b11 m
1%
b111000000000000000000000000000 q
b110000001111101101 [
1+
#295000000
0+
#295020000
b110000001111101100 [
0%
1+
#295040000
0+
#295060000
b100 m
1%
b1110000000000000000000000000000 q
b110000001111101011 [
1+
#295080000
0+
#295100000
b110000001111101010 [
0%
1+
#295120000
0+
#295140000
b101 m
1%
b11100000000000000000000000000000 q
b110000001111101001 [
1+
#295160000
0+
#295180000
b110000001111101000 [
0%
1+
#295200000
0+
#295220000
b110 m
1%
b11000000000000000000000000000000 q
1#
b110000001111100111 [
1+
#295240000
0+
#295260000
b110000001111100110 [
0%
1+
#295280000
0+
#295300000
b111 m
1%
b10000000000000000000000000000000 q
b110000001111100101 [
1+
#295320000
0+
#295340000
b110000001111100100 [
b0 r
1;
1$
0%
1+
#295360000
0+
#295380000
0;
b10001000 X
0_
b110000001111100011 [
1+
#295400000
0+
#295420000
1_
1a
1^
b10001000 ]
b10001000 e
b110000001111100010 [
1+
#295440000
0+
#295460000
b1 r
b0 m
0$
b10001000000000000000000000000000 q
b110000001111100001 [
0^
0a
1+
#295480000
0+
#295500000
b110000001111100000 [
b1 m
1%
b10000000000000000000000000000 q
1+
#295520000
0+
#295540000
0%
b110000001111011111 [
1+
#295560000
0+
#295580000
b110000001111011110 [
b10 m
1%
b100000000000000000000000000000 q
0#
1+
#295600000
0+
#295620000
0%
b110000001111011101 [
1+
#295640000
0+
#295660000
b110000001111011100 [
b11 m
1%
b1000000000000000000000000000000 q
1+
#295680000
0+
#295700000
0%
b110000001111011011 [
1+
#295720000
0+
#295740000
b110000001111011010 [
b100 m
1%
b10000000000000000000000000000000 q
1+
#295760000
0+
#295780000
0%
b110000001111011001 [
1+
#295800000
0+
#295820000
b110000001111011000 [
b101 m
1%
b0 q
1#
1+
#295840000
0+
#295860000
0%
b110000001111010111 [
1+
#295880000
0+
#295900000
b110000001111010110 [
b110 m
1%
0#
1+
#295920000
0+
#295940000
0%
b110000001111010101 [
1+
#295960000
0+
#295980000
b110000001111010100 [
b111 m
1%
1+
#296000000
0+
#296020000
b0 r
1;
1$
0%
b110000001111010011 [
1+
#296040000
0+
#296060000
b10001001 X
0_
b110000001111010010 [
1#
0;
1+
#296080000
0+
#296100000
1_
1a
1^
b10001001 ]
b10001001 e
b110000001111010001 [
1+
#296120000
0+
#296140000
b110000001111010000 [
0^
0a
b1 r
b0 m
0$
b10001001000000000000000000000000 q
1+
#296160000
0+
#296180000
b1 m
1%
b10010000000000000000000000000 q
b110000001111001111 [
1+
#296200000
0+
#296220000
b110000001111001110 [
0%
1+
#296240000
0+
#296260000
b10 m
1%
b100100000000000000000000000000 q
0#
b110000001111001101 [
1+
#296280000
0+
#296300000
b110000001111001100 [
0%
1+
#296320000
0+
#296340000
b11 m
1%
b1001000000000000000000000000000 q
b110000001111001011 [
1+
#296360000
0+
#296380000
b110000001111001010 [
0%
1+
#296400000
0+
#296420000
b100 m
1%
b10010000000000000000000000000000 q
b110000001111001001 [
1+
#296440000
0+
#296460000
b110000001111001000 [
0%
1+
#296480000
0+
#296500000
b101 m
1%
b100000000000000000000000000000 q
1#
b110000001111000111 [
1+
#296520000
0+
#296540000
b110000001111000110 [
0%
1+
#296560000
0+
#296580000
b110 m
1%
b1000000000000000000000000000000 q
0#
b110000001111000101 [
1+
#296600000
0+
#296620000
b110000001111000100 [
0%
1+
#296640000
0+
#296660000
b111 m
1%
b10000000000000000000000000000000 q
b110000001111000011 [
1+
#296680000
0+
#296700000
b110000001111000010 [
b0 r
1;
1$
0%
1+
#296720000
0+
#296740000
1#
0;
b10001010 X
0_
b110000001111000001 [
1+
#296760000
0+
#296780000
1_
1a
1^
b10001010 ]
b10001010 e
b110000001111000000 [
1+
#296800000
0+
#296820000
b1 r
b0 m
0$
b10001010000000000000000000000000 q
b110000001110111111 [
0^
0a
1+
#296840000
0+
#296860000
b110000001110111110 [
b1 m
1%
b10100000000000000000000000000 q
1+
#296880000
0+
#296900000
0%
b110000001110111101 [
1+
#296920000
0+
#296940000
b110000001110111100 [
b10 m
1%
b101000000000000000000000000000 q
0#
1+
#296960000
0+
#296980000
0%
b110000001110111011 [
1+
#297000000
0+
#297020000
b110000001110111010 [
b11 m
1%
b1010000000000000000000000000000 q
1+
#297040000
0+
#297060000
0%
b110000001110111001 [
1+
#297080000
0+
#297100000
b110000001110111000 [
b100 m
1%
b10100000000000000000000000000000 q
1+
#297120000
0+
#297140000
0%
b110000001110110111 [
1+
#297160000
0+
#297180000
b110000001110110110 [
b101 m
1%
b1000000000000000000000000000000 q
1#
1+
#297200000
0+
#297220000
0%
b110000001110110101 [
1+
#297240000
0+
#297260000
b110000001110110100 [
b110 m
1%
b10000000000000000000000000000000 q
0#
1+
#297280000
0+
#297300000
0%
b110000001110110011 [
1+
#297320000
0+
#297340000
b110000001110110010 [
b111 m
1%
b0 q
1#
1+
#297360000
0+
#297380000
b0 r
1;
1$
0%
b110000001110110001 [
1+
#297400000
0+
#297420000
b10001011 X
0_
b110000001110110000 [
0;
1+
#297440000
0+
#297460000
1_
1a
1^
b10001011 ]
b10001011 e
b110000001110101111 [
1+
#297480000
0+
#297500000
b110000001110101110 [
0^
0a
b1 r
b0 m
0$
b10001011000000000000000000000000 q
1+
#297520000
0+
#297540000
b1 m
1%
b10110000000000000000000000000 q
b110000001110101101 [
1+
#297560000
0+
#297580000
b110000001110101100 [
0%
1+
#297600000
0+
#297620000
b10 m
1%
b101100000000000000000000000000 q
0#
b110000001110101011 [
1+
#297640000
0+
#297660000
b110000001110101010 [
0%
1+
#297680000
0+
#297700000
b11 m
1%
b1011000000000000000000000000000 q
b110000001110101001 [
1+
#297720000
0+
#297740000
b110000001110101000 [
0%
1+
#297760000
0+
#297780000
b100 m
1%
b10110000000000000000000000000000 q
b110000001110100111 [
1+
#297800000
0+
#297820000
b110000001110100110 [
0%
1+
#297840000
0+
#297860000
b101 m
1%
b1100000000000000000000000000000 q
1#
b110000001110100101 [
1+
#297880000
0+
#297900000
b110000001110100100 [
0%
1+
#297920000
0+
#297940000
b110 m
1%
b11000000000000000000000000000000 q
0#
b110000001110100011 [
1+
#297960000
0+
#297980000
b110000001110100010 [
0%
1+
#298000000
0+
#298020000
b111 m
1%
b10000000000000000000000000000000 q
1#
b110000001110100001 [
1+
#298040000
0+
#298060000
b110000001110100000 [
b0 r
1;
1$
0%
1+
#298080000
0+
#298100000
0;
b10001100 X
0_
b110000001110011111 [
1+
#298120000
0+
#298140000
1_
1a
1^
b10001100 ]
b10001100 e
b110000001110011110 [
1+
#298160000
0+
#298180000
b1 r
b0 m
0$
b10001100000000000000000000000000 q
b110000001110011101 [
0^
0a
1+
#298200000
0+
#298220000
b110000001110011100 [
b1 m
1%
b11000000000000000000000000000 q
1+
#298240000
0+
#298260000
0%
b110000001110011011 [
1+
#298280000
0+
#298300000
b110000001110011010 [
b10 m
1%
b110000000000000000000000000000 q
0#
1+
#298320000
0+
#298340000
0%
b110000001110011001 [
1+
#298360000
0+
#298380000
b110000001110011000 [
b11 m
1%
b1100000000000000000000000000000 q
1+
#298400000
0+
#298420000
0%
b110000001110010111 [
1+
#298440000
0+
#298460000
b110000001110010110 [
b100 m
1%
b11000000000000000000000000000000 q
1+
#298480000
0+
#298500000
0%
b110000001110010101 [
1+
#298520000
0+
#298540000
b110000001110010100 [
b101 m
1%
b10000000000000000000000000000000 q
1#
1+
#298560000
0+
#298580000
0%
b110000001110010011 [
1+
#298600000
0+
#298620000
b110000001110010010 [
b110 m
1%
b0 q
1+
#298640000
0+
#298660000
0%
b110000001110010001 [
1+
#298680000
0+
#298700000
b110000001110010000 [
b111 m
1%
0#
1+
#298720000
0+
#298740000
b0 r
1;
1$
0%
b110000001110001111 [
1+
#298760000
0+
#298780000
b10001101 X
0_
b110000001110001110 [
1#
0;
1+
#298800000
0+
#298820000
1_
1a
1^
b10001101 ]
b10001101 e
b110000001110001101 [
1+
#298840000
0+
#298860000
b110000001110001100 [
0^
0a
b1 r
b0 m
0$
b10001101000000000000000000000000 q
1+
#298880000
0+
#298900000
b1 m
1%
b11010000000000000000000000000 q
b110000001110001011 [
1+
#298920000
0+
#298940000
b110000001110001010 [
0%
1+
#298960000
0+
#298980000
b10 m
1%
b110100000000000000000000000000 q
0#
b110000001110001001 [
1+
#299000000
0+
#299020000
b110000001110001000 [
0%
1+
#299040000
0+
#299060000
b11 m
1%
b1101000000000000000000000000000 q
b110000001110000111 [
1+
#299080000
0+
#299100000
b110000001110000110 [
0%
1+
#299120000
0+
#299140000
b100 m
1%
b11010000000000000000000000000000 q
b110000001110000101 [
1+
#299160000
0+
#299180000
b110000001110000100 [
0%
1+
#299200000
0+
#299220000
b101 m
1%
b10100000000000000000000000000000 q
1#
b110000001110000011 [
1+
#299240000
0+
#299260000
b110000001110000010 [
0%
1+
#299280000
0+
#299300000
b110 m
1%
b1000000000000000000000000000000 q
b110000001110000001 [
1+
#299320000
0+
#299340000
b110000001110000000 [
0%
1+
#299360000
0+
#299380000
b111 m
1%
b10000000000000000000000000000000 q
0#
b110000001101111111 [
1+
#299400000
0+
#299420000
b110000001101111110 [
b0 r
1;
1$
0%
1+
#299440000
0+
#299460000
1#
0;
b10001110 X
0_
b110000001101111101 [
1+
#299480000
0+
#299500000
1_
1a
1^
b10001110 ]
b10001110 e
b110000001101111100 [
1+
#299520000
0+
#299540000
b1 r
b0 m
0$
b10001110000000000000000000000000 q
b110000001101111011 [
0^
0a
1+
#299560000
0+
#299580000
b110000001101111010 [
b1 m
1%
b11100000000000000000000000000 q
1+
#299600000
0+
#299620000
0%
b110000001101111001 [
1+
#299640000
0+
#299660000
b110000001101111000 [
b10 m
1%
b111000000000000000000000000000 q
0#
1+
#299680000
0+
#299700000
0%
b110000001101110111 [
1+
#299720000
0+
#299740000
b110000001101110110 [
b11 m
1%
b1110000000000000000000000000000 q
1+
#299760000
0+
#299780000
0%
b110000001101110101 [
1+
#299800000
0+
#299820000
b110000001101110100 [
b100 m
1%
b11100000000000000000000000000000 q
1+
#299840000
0+
#299860000
0%
b110000001101110011 [
1+
#299880000
0+
#299900000
b110000001101110010 [
b101 m
1%
b11000000000000000000000000000000 q
1#
1+
#299920000
0+
#299940000
0%
b110000001101110001 [
1+
#299960000
0+
#299980000
b110000001101110000 [
b110 m
1%
b10000000000000000000000000000000 q
1+
#300000000
0+
#300020000
0%
b110000001101101111 [
1+
#300040000
0+
#300060000
b110000001101101110 [
b111 m
1%
b0 q
1+
#300080000
0+
#300100000
b0 r
1;
1$
0%
b110000001101101101 [
1+
#300120000
0+
#300140000
b10001111 X
0_
b110000001101101100 [
0;
1+
#300160000
0+
#300180000
1_
1a
1^
b10001111 ]
b10001111 e
b110000001101101011 [
1+
#300200000
0+
#300220000
b110000001101101010 [
0^
0a
b1 r
b0 m
0$
b10001111000000000000000000000000 q
1+
#300240000
0+
#300260000
b1 m
1%
b11110000000000000000000000000 q
b110000001101101001 [
1+
#300280000
0+
#300300000
b110000001101101000 [
0%
1+
#300320000
0+
#300340000
b10 m
1%
b111100000000000000000000000000 q
0#
b110000001101100111 [
1+
#300360000
0+
#300380000
b110000001101100110 [
0%
1+
#300400000
0+
#300420000
b11 m
1%
b1111000000000000000000000000000 q
b110000001101100101 [
1+
#300440000
0+
#300460000
b110000001101100100 [
0%
1+
#300480000
0+
#300500000
b100 m
1%
b11110000000000000000000000000000 q
b110000001101100011 [
1+
#300520000
0+
#300540000
b110000001101100010 [
0%
1+
#300560000
0+
#300580000
b101 m
1%
b11100000000000000000000000000000 q
1#
b110000001101100001 [
1+
#300600000
0+
#300620000
b110000001101100000 [
0%
1+
#300640000
0+
#300660000
b110 m
1%
b11000000000000000000000000000000 q
b110000001101011111 [
1+
#300680000
0+
#300700000
b110000001101011110 [
0%
1+
#300720000
0+
#300740000
b111 m
1%
b10000000000000000000000000000000 q
b110000001101011101 [
1+
#300760000
0+
#300780000
b110000001101011100 [
b0 r
1;
1$
0%
1+
#300800000
0+
#300820000
0;
b10010000 X
0_
b110000001101011011 [
1+
#300840000
0+
#300860000
1_
1a
1^
b10010000 ]
b10010000 e
b110000001101011010 [
1+
#300880000
0+
#300900000
b1 r
b0 m
0$
b10010000000000000000000000000000 q
b110000001101011001 [
0^
0a
1+
#300920000
0+
#300940000
b110000001101011000 [
b1 m
1%
b100000000000000000000000000000 q
1+
#300960000
0+
#300980000
0%
b110000001101010111 [
1+
#301000000
0+
#301020000
b110000001101010110 [
b10 m
1%
b1000000000000000000000000000000 q
0#
1+
#301040000
0+
#301060000
0%
b110000001101010101 [
1+
#301080000
0+
#301100000
b110000001101010100 [
b11 m
1%
b10000000000000000000000000000000 q
1+
#301120000
0+
#301140000
0%
b110000001101010011 [
1+
#301160000
0+
#301180000
b110000001101010010 [
b100 m
1%
b0 q
1#
1+
#301200000
0+
#301220000
0%
b110000001101010001 [
1+
#301240000
0+
#301260000
b110000001101010000 [
b101 m
1%
0#
1+
#301280000
0+
#301300000
0%
b110000001101001111 [
1+
#301320000
0+
#301340000
b110000001101001110 [
b110 m
1%
1+
#301360000
0+
#301380000
0%
b110000001101001101 [
1+
#301400000
0+
#301420000
b110000001101001100 [
b111 m
1%
1+
#301440000
0+
#301460000
b0 r
1;
1$
0%
b110000001101001011 [
1+
#301480000
0+
#301500000
b10010001 X
0_
b110000001101001010 [
1#
0;
1+
#301520000
0+
#301540000
1_
1a
1^
b10010001 ]
b10010001 e
b110000001101001001 [
1+
#301560000
0+
#301580000
b110000001101001000 [
0^
0a
b1 r
b0 m
0$
b10010001000000000000000000000000 q
1+
#301600000
0+
#301620000
b1 m
1%
b100010000000000000000000000000 q
b110000001101000111 [
1+
#301640000
0+
#301660000
b110000001101000110 [
0%
1+
#301680000
0+
#301700000
b10 m
1%
b1000100000000000000000000000000 q
0#
b110000001101000101 [
1+
#301720000
0+
#301740000
b110000001101000100 [
0%
1+
#301760000
0+
#301780000
b11 m
1%
b10001000000000000000000000000000 q
b110000001101000011 [
1+
#301800000
0+
#301820000
b110000001101000010 [
0%
1+
#301840000
0+
#301860000
b100 m
1%
b10000000000000000000000000000 q
1#
b110000001101000001 [
1+
#301880000
0+
#301900000
b110000001101000000 [
0%
1+
#301920000
0+
#301940000
b101 m
1%
b100000000000000000000000000000 q
0#
b110000001100111111 [
1+
#301960000
0+
#301980000
b110000001100111110 [
0%
1+
#302000000
0+
#302020000
b110 m
1%
b1000000000000000000000000000000 q
b110000001100111101 [
1+
#302040000
0+
#302060000
b110000001100111100 [
0%
1+
#302080000
0+
#302100000
b111 m
1%
b10000000000000000000000000000000 q
b110000001100111011 [
1+
#302120000
0+
#302140000
b110000001100111010 [
b0 r
1;
1$
0%
1+
#302160000
0+
#302180000
1#
0;
b10010010 X
0_
b110000001100111001 [
1+
#302200000
0+
#302220000
1_
1a
1^
b10010010 ]
b10010010 e
b110000001100111000 [
1+
#302240000
0+
#302260000
b1 r
b0 m
0$
b10010010000000000000000000000000 q
b110000001100110111 [
0^
0a
1+
#302280000
0+
#302300000
b110000001100110110 [
b1 m
1%
b100100000000000000000000000000 q
1+
#302320000
0+
#302340000
0%
b110000001100110101 [
1+
#302360000
0+
#302380000
b110000001100110100 [
b10 m
1%
b1001000000000000000000000000000 q
0#
1+
#302400000
0+
#302420000
0%
b110000001100110011 [
1+
#302440000
0+
#302460000
b110000001100110010 [
b11 m
1%
b10010000000000000000000000000000 q
1+
#302480000
0+
#302500000
0%
b110000001100110001 [
1+
#302520000
0+
#302540000
b110000001100110000 [
b100 m
1%
b100000000000000000000000000000 q
1#
1+
#302560000
0+
#302580000
0%
b110000001100101111 [
1+
#302600000
0+
#302620000
b110000001100101110 [
b101 m
1%
b1000000000000000000000000000000 q
0#
1+
#302640000
0+
#302660000
0%
b110000001100101101 [
1+
#302680000
0+
#302700000
b110000001100101100 [
b110 m
1%
b10000000000000000000000000000000 q
1+
#302720000
0+
#302740000
0%
b110000001100101011 [
1+
#302760000
0+
#302780000
b110000001100101010 [
b111 m
1%
b0 q
1#
1+
#302800000
0+
#302820000
b0 r
1;
1$
0%
b110000001100101001 [
1+
#302840000
0+
#302860000
b10010011 X
0_
b110000001100101000 [
0;
1+
#302880000
0+
#302900000
1_
1a
1^
b10010011 ]
b10010011 e
b110000001100100111 [
1+
#302920000
0+
#302940000
b110000001100100110 [
0^
0a
b1 r
b0 m
0$
b10010011000000000000000000000000 q
1+
#302960000
0+
#302980000
b1 m
1%
b100110000000000000000000000000 q
b110000001100100101 [
1+
#303000000
0+
#303020000
b110000001100100100 [
0%
1+
#303040000
0+
#303060000
b10 m
1%
b1001100000000000000000000000000 q
0#
b110000001100100011 [
1+
#303080000
0+
#303100000
b110000001100100010 [
0%
1+
#303120000
0+
#303140000
b11 m
1%
b10011000000000000000000000000000 q
b110000001100100001 [
1+
#303160000
0+
#303180000
b110000001100100000 [
0%
1+
#303200000
0+
#303220000
b100 m
1%
b110000000000000000000000000000 q
1#
b110000001100011111 [
1+
#303240000
0+
#303260000
b110000001100011110 [
0%
1+
#303280000
0+
#303300000
b101 m
1%
b1100000000000000000000000000000 q
0#
b110000001100011101 [
1+
#303320000
0+
#303340000
b110000001100011100 [
0%
1+
#303360000
0+
#303380000
b110 m
1%
b11000000000000000000000000000000 q
b110000001100011011 [
1+
#303400000
0+
#303420000
b110000001100011010 [
0%
1+
#303440000
0+
#303460000
b111 m
1%
b10000000000000000000000000000000 q
1#
b110000001100011001 [
1+
#303480000
0+
#303500000
b110000001100011000 [
b0 r
1;
1$
0%
1+
#303520000
0+
#303540000
0;
b10010100 X
0_
b110000001100010111 [
1+
#303560000
0+
#303580000
1_
1a
1^
b10010100 ]
b10010100 e
b110000001100010110 [
1+
#303600000
0+
#303620000
b1 r
b0 m
0$
b10010100000000000000000000000000 q
b110000001100010101 [
0^
0a
1+
#303640000
0+
#303660000
b110000001100010100 [
b1 m
1%
b101000000000000000000000000000 q
1+
#303680000
0+
#303700000
0%
b110000001100010011 [
1+
#303720000
0+
#303740000
b110000001100010010 [
b10 m
1%
b1010000000000000000000000000000 q
0#
1+
#303760000
0+
#303780000
0%
b110000001100010001 [
1+
#303800000
0+
#303820000
b110000001100010000 [
b11 m
1%
b10100000000000000000000000000000 q
1+
#303840000
0+
#303860000
0%
b110000001100001111 [
1+
#303880000
0+
#303900000
b110000001100001110 [
b100 m
1%
b1000000000000000000000000000000 q
1#
1+
#303920000
0+
#303940000
0%
b110000001100001101 [
1+
#303960000
0+
#303980000
b110000001100001100 [
b101 m
1%
b10000000000000000000000000000000 q
0#
1+
#304000000
0+
#304020000
0%
b110000001100001011 [
1+
#304040000
0+
#304060000
b110000001100001010 [
b110 m
1%
b0 q
1#
1+
#304080000
0+
#304100000
0%
b110000001100001001 [
1+
#304120000
0+
#304140000
b110000001100001000 [
b111 m
1%
0#
1+
#304160000
0+
#304180000
b0 r
1;
1$
0%
b110000001100000111 [
1+
#304200000
0+
#304220000
b10010101 X
0_
b110000001100000110 [
1#
0;
1+
#304240000
0+
#304260000
1_
1a
1^
b10010101 ]
b10010101 e
b110000001100000101 [
1+
#304280000
0+
#304300000
b110000001100000100 [
0^
0a
b1 r
b0 m
0$
b10010101000000000000000000000000 q
1+
#304320000
0+
#304340000
b1 m
1%
b101010000000000000000000000000 q
b110000001100000011 [
1+
#304360000
0+
#304380000
b110000001100000010 [
0%
1+
#304400000
0+
#304420000
b10 m
1%
b1010100000000000000000000000000 q
0#
b110000001100000001 [
1+
#304440000
0+
#304460000
b110000001100000000 [
0%
1+
#304480000
0+
#304500000
b11 m
1%
b10101000000000000000000000000000 q
b110000001011111111 [
1+
#304520000
0+
#304540000
b110000001011111110 [
0%
1+
#304560000
0+
#304580000
b100 m
1%
b1010000000000000000000000000000 q
1#
b110000001011111101 [
1+
#304600000
0+
#304620000
b110000001011111100 [
0%
1+
#304640000
0+
#304660000
b101 m
1%
b10100000000000000000000000000000 q
0#
b110000001011111011 [
1+
#304680000
0+
#304700000
b110000001011111010 [
0%
1+
#304720000
0+
#304740000
b110 m
1%
b1000000000000000000000000000000 q
1#
b110000001011111001 [
1+
#304760000
0+
#304780000
b110000001011111000 [
0%
1+
#304800000
0+
#304820000
b111 m
1%
b10000000000000000000000000000000 q
0#
b110000001011110111 [
1+
#304840000
0+
#304860000
b110000001011110110 [
b0 r
1;
1$
0%
1+
#304880000
0+
#304900000
1#
0;
b10010110 X
0_
b110000001011110101 [
1+
#304920000
0+
#304940000
1_
1a
1^
b10010110 ]
b10010110 e
b110000001011110100 [
1+
#304960000
0+
#304980000
b1 r
b0 m
0$
b10010110000000000000000000000000 q
b110000001011110011 [
0^
0a
1+
#305000000
0+
#305020000
b110000001011110010 [
b1 m
1%
b101100000000000000000000000000 q
1+
#305040000
0+
#305060000
0%
b110000001011110001 [
1+
#305080000
0+
#305100000
b110000001011110000 [
b10 m
1%
b1011000000000000000000000000000 q
0#
1+
#305120000
0+
#305140000
0%
b110000001011101111 [
1+
#305160000
0+
#305180000
b110000001011101110 [
b11 m
1%
b10110000000000000000000000000000 q
1+
#305200000
0+
#305220000
0%
b110000001011101101 [
1+
#305240000
0+
#305260000
b110000001011101100 [
b100 m
1%
b1100000000000000000000000000000 q
1#
1+
#305280000
0+
#305300000
0%
b110000001011101011 [
1+
#305320000
0+
#305340000
b110000001011101010 [
b101 m
1%
b11000000000000000000000000000000 q
0#
1+
#305360000
0+
#305380000
0%
b110000001011101001 [
1+
#305400000
0+
#305420000
b110000001011101000 [
b110 m
1%
b10000000000000000000000000000000 q
1#
1+
#305440000
0+
#305460000
0%
b110000001011100111 [
1+
#305480000
0+
#305500000
b110000001011100110 [
b111 m
1%
b0 q
1+
#305520000
0+
#305540000
b0 r
1;
1$
0%
b110000001011100101 [
1+
#305560000
0+
#305580000
b10010111 X
0_
b110000001011100100 [
0;
1+
#305600000
0+
#305620000
1_
1a
1^
b10010111 ]
b10010111 e
b110000001011100011 [
1+
#305640000
0+
#305660000
b110000001011100010 [
0^
0a
b1 r
b0 m
0$
b10010111000000000000000000000000 q
1+
#305680000
0+
#305700000
b1 m
1%
b101110000000000000000000000000 q
b110000001011100001 [
1+
#305720000
0+
#305740000
b110000001011100000 [
0%
1+
#305760000
0+
#305780000
b10 m
1%
b1011100000000000000000000000000 q
0#
b110000001011011111 [
1+
#305800000
0+
#305820000
b110000001011011110 [
0%
1+
#305840000
0+
#305860000
b11 m
1%
b10111000000000000000000000000000 q
b110000001011011101 [
1+
#305880000
0+
#305900000
b110000001011011100 [
0%
1+
#305920000
0+
#305940000
b100 m
1%
b1110000000000000000000000000000 q
1#
b110000001011011011 [
1+
#305960000
0+
#305980000
b110000001011011010 [
0%
1+
#306000000
0+
#306020000
b101 m
1%
b11100000000000000000000000000000 q
0#
b110000001011011001 [
1+
#306040000
0+
#306060000
b110000001011011000 [
0%
1+
#306080000
0+
#306100000
b110 m
1%
b11000000000000000000000000000000 q
1#
b110000001011010111 [
1+
#306120000
0+
#306140000
b110000001011010110 [
0%
1+
#306160000
0+
#306180000
b111 m
1%
b10000000000000000000000000000000 q
b110000001011010101 [
1+
#306200000
0+
#306220000
b110000001011010100 [
b0 r
1;
1$
0%
1+
#306240000
0+
#306260000
0;
b10011000 X
0_
b110000001011010011 [
1+
#306280000
0+
#306300000
1_
1a
1^
b10011000 ]
b10011000 e
b110000001011010010 [
1+
#306320000
0+
#306340000
b1 r
b0 m
0$
b10011000000000000000000000000000 q
b110000001011010001 [
0^
0a
1+
#306360000
0+
#306380000
b110000001011010000 [
b1 m
1%
b110000000000000000000000000000 q
1+
#306400000
0+
#306420000
0%
b110000001011001111 [
1+
#306440000
0+
#306460000
b110000001011001110 [
b10 m
1%
b1100000000000000000000000000000 q
0#
1+
#306480000
0+
#306500000
0%
b110000001011001101 [
1+
#306520000
0+
#306540000
b110000001011001100 [
b11 m
1%
b11000000000000000000000000000000 q
1+
#306560000
0+
#306580000
0%
b110000001011001011 [
1+
#306600000
0+
#306620000
b110000001011001010 [
b100 m
1%
b10000000000000000000000000000000 q
1#
1+
#306640000
0+
#306660000
0%
b110000001011001001 [
1+
#306680000
0+
#306700000
b110000001011001000 [
b101 m
1%
b0 q
1+
#306720000
0+
#306740000
0%
b110000001011000111 [
1+
#306760000
0+
#306780000
b110000001011000110 [
b110 m
1%
0#
1+
#306800000
0+
#306820000
0%
b110000001011000101 [
1+
#306840000
0+
#306860000
b110000001011000100 [
b111 m
1%
1+
#306880000
0+
#306900000
b0 r
1;
1$
0%
b110000001011000011 [
1+
#306920000
0+
#306940000
b10011001 X
0_
b110000001011000010 [
1#
0;
1+
#306960000
0+
#306980000
1_
1a
1^
b10011001 ]
b10011001 e
b110000001011000001 [
1+
#307000000
0+
#307020000
b110000001011000000 [
0^
0a
b1 r
b0 m
0$
b10011001000000000000000000000000 q
1+
#307040000
0+
#307060000
b1 m
1%
b110010000000000000000000000000 q
b110000001010111111 [
1+
#307080000
0+
#307100000
b110000001010111110 [
0%
1+
#307120000
0+
#307140000
b10 m
1%
b1100100000000000000000000000000 q
0#
b110000001010111101 [
1+
#307160000
0+
#307180000
b110000001010111100 [
0%
1+
#307200000
0+
#307220000
b11 m
1%
b11001000000000000000000000000000 q
b110000001010111011 [
1+
#307240000
0+
#307260000
b110000001010111010 [
0%
1+
#307280000
0+
#307300000
b100 m
1%
b10010000000000000000000000000000 q
1#
b110000001010111001 [
1+
#307320000
0+
#307340000
b110000001010111000 [
0%
1+
#307360000
0+
#307380000
b101 m
1%
b100000000000000000000000000000 q
b110000001010110111 [
1+
#307400000
0+
#307420000
b110000001010110110 [
0%
1+
#307440000
0+
#307460000
b110 m
1%
b1000000000000000000000000000000 q
0#
b110000001010110101 [
1+
#307480000
0+
#307500000
b110000001010110100 [
0%
1+
#307520000
0+
#307540000
b111 m
1%
b10000000000000000000000000000000 q
b110000001010110011 [
1+
#307560000
0+
#307580000
b110000001010110010 [
b0 r
1;
1$
0%
1+
#307600000
0+
#307620000
1#
0;
b10011010 X
0_
b110000001010110001 [
1+
#307640000
0+
#307660000
1_
1a
1^
b10011010 ]
b10011010 e
b110000001010110000 [
1+
#307680000
0+
#307700000
b1 r
b0 m
0$
b10011010000000000000000000000000 q
b110000001010101111 [
0^
0a
1+
#307720000
0+
#307740000
b110000001010101110 [
b1 m
1%
b110100000000000000000000000000 q
1+
#307760000
0+
#307780000
0%
b110000001010101101 [
1+
#307800000
0+
#307820000
b110000001010101100 [
b10 m
1%
b1101000000000000000000000000000 q
0#
1+
#307840000
0+
#307860000
0%
b110000001010101011 [
1+
#307880000
0+
#307900000
b110000001010101010 [
b11 m
1%
b11010000000000000000000000000000 q
1+
#307920000
0+
#307940000
0%
b110000001010101001 [
1+
#307960000
0+
#307980000
b110000001010101000 [
b100 m
1%
b10100000000000000000000000000000 q
1#
1+
#308000000
0+
#308020000
0%
b110000001010100111 [
1+
#308040000
0+
#308060000
b110000001010100110 [
b101 m
1%
b1000000000000000000000000000000 q
1+
#308080000
0+
#308100000
0%
b110000001010100101 [
1+
#308120000
0+
#308140000
b110000001010100100 [
b110 m
1%
b10000000000000000000000000000000 q
0#
1+
#308160000
0+
#308180000
0%
b110000001010100011 [
1+
#308200000
0+
#308220000
b110000001010100010 [
b111 m
1%
b0 q
1#
1+
#308240000
0+
#308260000
b0 r
1;
1$
0%
b110000001010100001 [
1+
#308280000
0+
#308300000
b10011011 X
0_
b110000001010100000 [
0;
1+
#308320000
0+
#308340000
1_
1a
1^
b10011011 ]
b10011011 e
b110000001010011111 [
1+
#308360000
0+
#308380000
b110000001010011110 [
0^
0a
b1 r
b0 m
0$
b10011011000000000000000000000000 q
1+
#308400000
0+
#308420000
b1 m
1%
b110110000000000000000000000000 q
b110000001010011101 [
1+
#308440000
0+
#308460000
b110000001010011100 [
0%
1+
#308480000
0+
#308500000
b10 m
1%
b1101100000000000000000000000000 q
0#
b110000001010011011 [
1+
#308520000
0+
#308540000
b110000001010011010 [
0%
1+
#308560000
0+
#308580000
b11 m
1%
b11011000000000000000000000000000 q
b110000001010011001 [
1+
#308600000
0+
#308620000
b110000001010011000 [
0%
1+
#308640000
0+
#308660000
b100 m
1%
b10110000000000000000000000000000 q
1#
b110000001010010111 [
1+
#308680000
0+
#308700000
b110000001010010110 [
0%
1+
#308720000
0+
#308740000
b101 m
1%
b1100000000000000000000000000000 q
b110000001010010101 [
1+
#308760000
0+
#308780000
b110000001010010100 [
0%
1+
#308800000
0+
#308820000
b110 m
1%
b11000000000000000000000000000000 q
0#
b110000001010010011 [
1+
#308840000
0+
#308860000
b110000001010010010 [
0%
1+
#308880000
0+
#308900000
b111 m
1%
b10000000000000000000000000000000 q
1#
b110000001010010001 [
1+
#308920000
0+
#308940000
b110000001010010000 [
b0 r
1;
1$
0%
1+
#308960000
0+
#308980000
0;
b10011100 X
0_
b110000001010001111 [
1+
#309000000
0+
#309020000
1_
1a
1^
b10011100 ]
b10011100 e
b110000001010001110 [
1+
#309040000
0+
#309060000
b1 r
b0 m
0$
b10011100000000000000000000000000 q
b110000001010001101 [
0^
0a
1+
#309080000
0+
#309100000
b110000001010001100 [
b1 m
1%
b111000000000000000000000000000 q
1+
#309120000
0+
#309140000
0%
b110000001010001011 [
1+
#309160000
0+
#309180000
b110000001010001010 [
b10 m
1%
b1110000000000000000000000000000 q
0#
1+
#309200000
0+
#309220000
0%
b110000001010001001 [
1+
#309240000
0+
#309260000
b110000001010001000 [
b11 m
1%
b11100000000000000000000000000000 q
1+
#309280000
0+
#309300000
0%
b110000001010000111 [
1+
#309320000
0+
#309340000
b110000001010000110 [
b100 m
1%
b11000000000000000000000000000000 q
1#
1+
#309360000
0+
#309380000
0%
b110000001010000101 [
1+
#309400000
0+
#309420000
b110000001010000100 [
b101 m
1%
b10000000000000000000000000000000 q
1+
#309440000
0+
#309460000
0%
b110000001010000011 [
1+
#309480000
0+
#309500000
b110000001010000010 [
b110 m
1%
b0 q
1+
#309520000
0+
#309540000
0%
b110000001010000001 [
1+
#309560000
0+
#309580000
b110000001010000000 [
b111 m
1%
0#
1+
#309600000
0+
#309620000
b0 r
1;
1$
0%
b110000001001111111 [
1+
#309640000
0+
#309660000
b10011101 X
0_
b110000001001111110 [
1#
0;
1+
#309680000
0+
#309700000
1_
1a
1^
b10011101 ]
b10011101 e
b110000001001111101 [
1+
#309720000
0+
#309740000
b110000001001111100 [
0^
0a
b1 r
b0 m
0$
b10011101000000000000000000000000 q
1+
#309760000
0+
#309780000
b1 m
1%
b111010000000000000000000000000 q
b110000001001111011 [
1+
#309800000
0+
#309820000
b110000001001111010 [
0%
1+
#309840000
0+
#309860000
b10 m
1%
b1110100000000000000000000000000 q
0#
b110000001001111001 [
1+
#309880000
0+
#309900000
b110000001001111000 [
0%
1+
#309920000
0+
#309940000
b11 m
1%
b11101000000000000000000000000000 q
b110000001001110111 [
1+
#309960000
0+
#309980000
b110000001001110110 [
0%
1+
#310000000
0+
#310020000
b100 m
1%
b11010000000000000000000000000000 q
1#
b110000001001110101 [
1+
#310040000
0+
#310060000
b110000001001110100 [
0%
1+
#310080000
0+
#310100000
b101 m
1%
b10100000000000000000000000000000 q
b110000001001110011 [
1+
#310120000
0+
#310140000
b110000001001110010 [
0%
1+
#310160000
0+
#310180000
b110 m
1%
b1000000000000000000000000000000 q
b110000001001110001 [
1+
#310200000
0+
#310220000
b110000001001110000 [
0%
1+
#310240000
0+
#310260000
b111 m
1%
b10000000000000000000000000000000 q
0#
b110000001001101111 [
1+
#310280000
0+
#310300000
b110000001001101110 [
b0 r
1;
1$
0%
1+
#310320000
0+
#310340000
1#
0;
b10011110 X
0_
b110000001001101101 [
1+
#310360000
0+
#310380000
1_
1a
1^
b10011110 ]
b10011110 e
b110000001001101100 [
1+
#310400000
0+
#310420000
b1 r
b0 m
0$
b10011110000000000000000000000000 q
b110000001001101011 [
0^
0a
1+
#310440000
0+
#310460000
b110000001001101010 [
b1 m
1%
b111100000000000000000000000000 q
1+
#310480000
0+
#310500000
0%
b110000001001101001 [
1+
#310520000
0+
#310540000
b110000001001101000 [
b10 m
1%
b1111000000000000000000000000000 q
0#
1+
#310560000
0+
#310580000
0%
b110000001001100111 [
1+
#310600000
0+
#310620000
b110000001001100110 [
b11 m
1%
b11110000000000000000000000000000 q
1+
#310640000
0+
#310660000
0%
b110000001001100101 [
1+
#310680000
0+
#310700000
b110000001001100100 [
b100 m
1%
b11100000000000000000000000000000 q
1#
1+
#310720000
0+
#310740000
0%
b110000001001100011 [
1+
#310760000
0+
#310780000
b110000001001100010 [
b101 m
1%
b11000000000000000000000000000000 q
1+
#310800000
0+
#310820000
0%
b110000001001100001 [
1+
#310840000
0+
#310860000
b110000001001100000 [
b110 m
1%
b10000000000000000000000000000000 q
1+
#310880000
0+
#310900000
0%
b110000001001011111 [
1+
#310920000
0+
#310940000
b110000001001011110 [
b111 m
1%
b0 q
1+
#310960000
0+
#310980000
b0 r
1;
1$
0%
b110000001001011101 [
1+
#311000000
0+
#311020000
b10011111 X
0_
b110000001001011100 [
0;
1+
#311040000
0+
#311060000
1_
1a
1^
b10011111 ]
b10011111 e
b110000001001011011 [
1+
#311080000
0+
#311100000
b110000001001011010 [
0^
0a
b1 r
b0 m
0$
b10011111000000000000000000000000 q
1+
#311120000
0+
#311140000
b1 m
1%
b111110000000000000000000000000 q
b110000001001011001 [
1+
#311160000
0+
#311180000
b110000001001011000 [
0%
1+
#311200000
0+
#311220000
b10 m
1%
b1111100000000000000000000000000 q
0#
b110000001001010111 [
1+
#311240000
0+
#311260000
b110000001001010110 [
0%
1+
#311280000
0+
#311300000
b11 m
1%
b11111000000000000000000000000000 q
b110000001001010101 [
1+
#311320000
0+
#311340000
b110000001001010100 [
0%
1+
#311360000
0+
#311380000
b100 m
1%
b11110000000000000000000000000000 q
1#
b110000001001010011 [
1+
#311400000
0+
#311420000
b110000001001010010 [
0%
1+
#311440000
0+
#311460000
b101 m
1%
b11100000000000000000000000000000 q
b110000001001010001 [
1+
#311480000
0+
#311500000
b110000001001010000 [
0%
1+
#311520000
0+
#311540000
b110 m
1%
b11000000000000000000000000000000 q
b110000001001001111 [
1+
#311560000
0+
#311580000
b110000001001001110 [
0%
1+
#311600000
0+
#311620000
b111 m
1%
b10000000000000000000000000000000 q
b110000001001001101 [
1+
#311640000
0+
#311660000
b110000001001001100 [
b0 r
1;
1$
0%
1+
#311680000
0+
#311700000
0;
b10100000 X
0_
b110000001001001011 [
1+
#311720000
0+
#311740000
1_
1a
1^
b10100000 ]
b10100000 e
b110000001001001010 [
1+
#311760000
0+
#311780000
b1 r
b0 m
0$
b10100000000000000000000000000000 q
b110000001001001001 [
0^
0a
1+
#311800000
0+
#311820000
b110000001001001000 [
b1 m
1%
b1000000000000000000000000000000 q
1+
#311840000
0+
#311860000
0%
b110000001001000111 [
1+
#311880000
0+
#311900000
b110000001001000110 [
b10 m
1%
b10000000000000000000000000000000 q
0#
1+
#311920000
0+
#311940000
0%
b110000001001000101 [
1+
#311960000
0+
#311980000
b110000001001000100 [
b11 m
1%
b0 q
1#
1+
#312000000
0+
#312020000
0%
b110000001001000011 [
1+
#312040000
0+
#312060000
b110000001001000010 [
b100 m
1%
0#
1+
#312080000
0+
#312100000
0%
b110000001001000001 [
1+
#312120000
0+
#312140000
b110000001001000000 [
b101 m
1%
1+
#312160000
0+
#312180000
0%
b110000001000111111 [
1+
#312200000
0+
#312220000
b110000001000111110 [
b110 m
1%
1+
#312240000
0+
#312260000
0%
b110000001000111101 [
1+
#312280000
0+
#312300000
b110000001000111100 [
b111 m
1%
1+
#312320000
0+
#312340000
b0 r
1;
1$
0%
b110000001000111011 [
1+
#312360000
0+
#312380000
b10100001 X
0_
b110000001000111010 [
1#
0;
1+
#312400000
0+
#312420000
1_
1a
1^
b10100001 ]
b10100001 e
b110000001000111001 [
1+
#312440000
0+
#312460000
b110000001000111000 [
0^
0a
b1 r
b0 m
0$
b10100001000000000000000000000000 q
1+
#312480000
0+
#312500000
b1 m
1%
b1000010000000000000000000000000 q
b110000001000110111 [
1+
#312520000
0+
#312540000
b110000001000110110 [
0%
1+
#312560000
0+
#312580000
b10 m
1%
b10000100000000000000000000000000 q
0#
b110000001000110101 [
1+
#312600000
0+
#312620000
b110000001000110100 [
0%
1+
#312640000
0+
#312660000
b11 m
1%
b1000000000000000000000000000 q
1#
b110000001000110011 [
1+
#312680000
0+
#312700000
b110000001000110010 [
0%
1+
#312720000
0+
#312740000
b100 m
1%
b10000000000000000000000000000 q
0#
b110000001000110001 [
1+
#312760000
0+
#312780000
b110000001000110000 [
0%
1+
#312800000
0+
#312820000
b101 m
1%
b100000000000000000000000000000 q
b110000001000101111 [
1+
#312840000
0+
#312860000
b110000001000101110 [
0%
1+
#312880000
0+
#312900000
b110 m
1%
b1000000000000000000000000000000 q
b110000001000101101 [
1+
#312920000
0+
#312940000
b110000001000101100 [
0%
1+
#312960000
0+
#312980000
b111 m
1%
b10000000000000000000000000000000 q
b110000001000101011 [
1+
#313000000
0+
#313020000
b110000001000101010 [
b0 r
1;
1$
0%
1+
#313040000
0+
#313060000
1#
0;
b10100010 X
0_
b110000001000101001 [
1+
#313080000
0+
#313100000
1_
1a
1^
b10100010 ]
b10100010 e
b110000001000101000 [
1+
#313120000
0+
#313140000
b1 r
b0 m
0$
b10100010000000000000000000000000 q
b110000001000100111 [
0^
0a
1+
#313160000
0+
#313180000
b110000001000100110 [
b1 m
1%
b1000100000000000000000000000000 q
1+
#313200000
0+
#313220000
0%
b110000001000100101 [
1+
#313240000
0+
#313260000
b110000001000100100 [
b10 m
1%
b10001000000000000000000000000000 q
0#
1+
#313280000
0+
#313300000
0%
b110000001000100011 [
1+
#313320000
0+
#313340000
b110000001000100010 [
b11 m
1%
b10000000000000000000000000000 q
1#
1+
#313360000
0+
#313380000
0%
b110000001000100001 [
1+
#313400000
0+
#313420000
b110000001000100000 [
b100 m
1%
b100000000000000000000000000000 q
0#
1+
#313440000
0+
#313460000
0%
b110000001000011111 [
1+
#313480000
0+
#313500000
b110000001000011110 [
b101 m
1%
b1000000000000000000000000000000 q
1+
#313520000
0+
#313540000
0%
b110000001000011101 [
1+
#313560000
0+
#313580000
b110000001000011100 [
b110 m
1%
b10000000000000000000000000000000 q
1+
#313600000
0+
#313620000
0%
b110000001000011011 [
1+
#313640000
0+
#313660000
b110000001000011010 [
b111 m
1%
b0 q
1#
1+
#313680000
0+
#313700000
b0 r
1;
1$
0%
b110000001000011001 [
1+
#313720000
0+
#313740000
b10100011 X
0_
b110000001000011000 [
0;
1+
#313760000
0+
#313780000
1_
1a
1^
b10100011 ]
b10100011 e
b110000001000010111 [
1+
#313800000
0+
#313820000
b110000001000010110 [
0^
0a
b1 r
b0 m
0$
b10100011000000000000000000000000 q
1+
#313840000
0+
#313860000
b1 m
1%
b1000110000000000000000000000000 q
b110000001000010101 [
1+
#313880000
0+
#313900000
b110000001000010100 [
0%
1+
#313920000
0+
#313940000
b10 m
1%
b10001100000000000000000000000000 q
0#
b110000001000010011 [
1+
#313960000
0+
#313980000
b110000001000010010 [
0%
1+
#314000000
0+
#314020000
b11 m
1%
b11000000000000000000000000000 q
1#
b110000001000010001 [
1+
#314040000
0+
#314060000
b110000001000010000 [
0%
1+
#314080000
0+
#314100000
b100 m
1%
b110000000000000000000000000000 q
0#
b110000001000001111 [
1+
#314120000
0+
#314140000
b110000001000001110 [
0%
1+
#314160000
0+
#314180000
b101 m
1%
b1100000000000000000000000000000 q
b110000001000001101 [
1+
#314200000
0+
#314220000
b110000001000001100 [
0%
1+
#314240000
0+
#314260000
b110 m
1%
b11000000000000000000000000000000 q
b110000001000001011 [
1+
#314280000
0+
#314300000
b110000001000001010 [
0%
1+
#314320000
0+
#314340000
b111 m
1%
b10000000000000000000000000000000 q
1#
b110000001000001001 [
1+
#314360000
0+
#314380000
b110000001000001000 [
b0 r
1;
1$
0%
1+
#314400000
0+
#314420000
0;
b10100100 X
0_
b110000001000000111 [
1+
#314440000
0+
#314460000
1_
1a
1^
b10100100 ]
b10100100 e
b110000001000000110 [
1+
#314480000
0+
#314500000
b1 r
b0 m
0$
b10100100000000000000000000000000 q
b110000001000000101 [
0^
0a
1+
#314520000
0+
#314540000
b110000001000000100 [
b1 m
1%
b1001000000000000000000000000000 q
1+
#314560000
0+
#314580000
0%
b110000001000000011 [
1+
#314600000
0+
#314620000
b110000001000000010 [
b10 m
1%
b10010000000000000000000000000000 q
0#
1+
#314640000
0+
#314660000
0%
b110000001000000001 [
1+
#314680000
0+
#314700000
b110000001000000000 [
b11 m
1%
b100000000000000000000000000000 q
1#
1+
#314720000
0+
#314740000
0%
b110000000111111111 [
1+
#314760000
0+
#314780000
b110000000111111110 [
b100 m
1%
b1000000000000000000000000000000 q
0#
1+
#314800000
0+
#314820000
0%
b110000000111111101 [
1+
#314840000
0+
#314860000
b110000000111111100 [
b101 m
1%
b10000000000000000000000000000000 q
1+
#314880000
0+
#314900000
0%
b110000000111111011 [
1+
#314920000
0+
#314940000
b110000000111111010 [
b110 m
1%
b0 q
1#
1+
#314960000
0+
#314980000
0%
b110000000111111001 [
1+
#315000000
0+
#315020000
b110000000111111000 [
b111 m
1%
0#
1+
#315040000
0+
#315060000
b0 r
1;
1$
0%
b110000000111110111 [
1+
#315080000
0+
#315100000
b10100101 X
0_
b110000000111110110 [
1#
0;
1+
#315120000
0+
#315140000
1_
1a
1^
b10100101 ]
b10100101 e
b110000000111110101 [
1+
#315160000
0+
#315180000
b110000000111110100 [
0^
0a
b1 r
b0 m
0$
b10100101000000000000000000000000 q
1+
#315200000
0+
#315220000
b1 m
1%
b1001010000000000000000000000000 q
b110000000111110011 [
1+
#315240000
0+
#315260000
b110000000111110010 [
0%
1+
#315280000
0+
#315300000
b10 m
1%
b10010100000000000000000000000000 q
0#
b110000000111110001 [
1+
#315320000
0+
#315340000
b110000000111110000 [
0%
1+
#315360000
0+
#315380000
b11 m
1%
b101000000000000000000000000000 q
1#
b110000000111101111 [
1+
#315400000
0+
#315420000
b110000000111101110 [
0%
1+
#315440000
0+
#315460000
b100 m
1%
b1010000000000000000000000000000 q
0#
b110000000111101101 [
1+
#315480000
0+
#315500000
b110000000111101100 [
0%
1+
#315520000
0+
#315540000
b101 m
1%
b10100000000000000000000000000000 q
b110000000111101011 [
1+
#315560000
0+
#315580000
b110000000111101010 [
0%
1+
#315600000
0+
#315620000
b110 m
1%
b1000000000000000000000000000000 q
1#
b110000000111101001 [
1+
#315640000
0+
#315660000
b110000000111101000 [
0%
1+
#315680000
0+
#315700000
b111 m
1%
b10000000000000000000000000000000 q
0#
b110000000111100111 [
1+
#315720000
0+
#315740000
b110000000111100110 [
b0 r
1;
1$
0%
1+
#315760000
0+
#315780000
1#
0;
b10100110 X
0_
b110000000111100101 [
1+
#315800000
0+
#315820000
1_
1a
1^
b10100110 ]
b10100110 e
b110000000111100100 [
1+
#315840000
0+
#315860000
b1 r
b0 m
0$
b10100110000000000000000000000000 q
b110000000111100011 [
0^
0a
1+
#315880000
0+
#315900000
b110000000111100010 [
b1 m
1%
b1001100000000000000000000000000 q
1+
#315920000
0+
#315940000
0%
b110000000111100001 [
1+
#315960000
0+
#315980000
b110000000111100000 [
b10 m
1%
b10011000000000000000000000000000 q
0#
1+
#316000000
0+
#316020000
0%
b110000000111011111 [
1+
#316040000
0+
#316060000
b110000000111011110 [
b11 m
1%
b110000000000000000000000000000 q
1#
1+
#316080000
0+
#316100000
0%
b110000000111011101 [
1+
#316120000
0+
#316140000
b110000000111011100 [
b100 m
1%
b1100000000000000000000000000000 q
0#
1+
#316160000
0+
#316180000
0%
b110000000111011011 [
1+
#316200000
0+
#316220000
b110000000111011010 [
b101 m
1%
b11000000000000000000000000000000 q
1+
#316240000
0+
#316260000
0%
b110000000111011001 [
1+
#316280000
0+
#316300000
b110000000111011000 [
b110 m
1%
b10000000000000000000000000000000 q
1#
1+
#316320000
0+
#316340000
0%
b110000000111010111 [
1+
#316360000
0+
#316380000
b110000000111010110 [
b111 m
1%
b0 q
1+
#316400000
0+
#316420000
b0 r
1;
1$
0%
b110000000111010101 [
1+
#316440000
0+
#316460000
b10100111 X
0_
b110000000111010100 [
0;
1+
#316480000
0+
#316500000
1_
1a
1^
b10100111 ]
b10100111 e
b110000000111010011 [
1+
#316520000
0+
#316540000
b110000000111010010 [
0^
0a
b1 r
b0 m
0$
b10100111000000000000000000000000 q
1+
#316560000
0+
#316580000
b1 m
1%
b1001110000000000000000000000000 q
b110000000111010001 [
1+
#316600000
0+
#316620000
b110000000111010000 [
0%
1+
#316640000
0+
#316660000
b10 m
1%
b10011100000000000000000000000000 q
0#
b110000000111001111 [
1+
#316680000
0+
#316700000
b110000000111001110 [
0%
1+
#316720000
0+
#316740000
b11 m
1%
b111000000000000000000000000000 q
1#
b110000000111001101 [
1+
#316760000
0+
#316780000
b110000000111001100 [
0%
1+
#316800000
0+
#316820000
b100 m
1%
b1110000000000000000000000000000 q
0#
b110000000111001011 [
1+
#316840000
0+
#316860000
b110000000111001010 [
0%
1+
#316880000
0+
#316900000
b101 m
1%
b11100000000000000000000000000000 q
b110000000111001001 [
1+
#316920000
0+
#316940000
b110000000111001000 [
0%
1+
#316960000
0+
#316980000
b110 m
1%
b11000000000000000000000000000000 q
1#
b110000000111000111 [
1+
#317000000
0+
#317020000
b110000000111000110 [
0%
1+
#317040000
0+
#317060000
b111 m
1%
b10000000000000000000000000000000 q
b110000000111000101 [
1+
#317080000
0+
#317100000
b110000000111000100 [
b0 r
1;
1$
0%
1+
#317120000
0+
#317140000
0;
b10101000 X
0_
b110000000111000011 [
1+
#317160000
0+
#317180000
1_
1a
1^
b10101000 ]
b10101000 e
b110000000111000010 [
1+
#317200000
0+
#317220000
b1 r
b0 m
0$
b10101000000000000000000000000000 q
b110000000111000001 [
0^
0a
1+
#317240000
0+
#317260000
b110000000111000000 [
b1 m
1%
b1010000000000000000000000000000 q
1+
#317280000
0+
#317300000
0%
b110000000110111111 [
1+
#317320000
0+
#317340000
b110000000110111110 [
b10 m
1%
b10100000000000000000000000000000 q
0#
1+
#317360000
0+
#317380000
0%
b110000000110111101 [
1+
#317400000
0+
#317420000
b110000000110111100 [
b11 m
1%
b1000000000000000000000000000000 q
1#
1+
#317440000
0+
#317460000
0%
b110000000110111011 [
1+
#317480000
0+
#317500000
b110000000110111010 [
b100 m
1%
b10000000000000000000000000000000 q
0#
1+
#317520000
0+
#317540000
0%
b110000000110111001 [
1+
#317560000
0+
#317580000
b110000000110111000 [
b101 m
1%
b0 q
1#
1+
#317600000
0+
#317620000
0%
b110000000110110111 [
1+
#317640000
0+
#317660000
b110000000110110110 [
b110 m
1%
0#
1+
#317680000
0+
#317700000
0%
b110000000110110101 [
1+
#317720000
0+
#317740000
b110000000110110100 [
b111 m
1%
1+
#317760000
0+
#317780000
b0 r
1;
1$
0%
b110000000110110011 [
1+
#317800000
0+
#317820000
b10101001 X
0_
b110000000110110010 [
1#
0;
1+
#317840000
0+
#317860000
1_
1a
1^
b10101001 ]
b10101001 e
b110000000110110001 [
1+
#317880000
0+
#317900000
b110000000110110000 [
0^
0a
b1 r
b0 m
0$
b10101001000000000000000000000000 q
1+
#317920000
0+
#317940000
b1 m
1%
b1010010000000000000000000000000 q
b110000000110101111 [
1+
#317960000
0+
#317980000
b110000000110101110 [
0%
1+
#318000000
0+
#318020000
b10 m
1%
b10100100000000000000000000000000 q
0#
b110000000110101101 [
1+
#318040000
0+
#318060000
b110000000110101100 [
0%
1+
#318080000
0+
#318100000
b11 m
1%
b1001000000000000000000000000000 q
1#
b110000000110101011 [
1+
#318120000
0+
#318140000
b110000000110101010 [
0%
1+
#318160000
0+
#318180000
b100 m
1%
b10010000000000000000000000000000 q
0#
b110000000110101001 [
1+
#318200000
0+
#318220000
b110000000110101000 [
0%
1+
#318240000
0+
#318260000
b101 m
1%
b100000000000000000000000000000 q
1#
b110000000110100111 [
1+
#318280000
0+
#318300000
b110000000110100110 [
0%
1+
#318320000
0+
#318340000
b110 m
1%
b1000000000000000000000000000000 q
0#
b110000000110100101 [
1+
#318360000
0+
#318380000
b110000000110100100 [
0%
1+
#318400000
0+
#318420000
b111 m
1%
b10000000000000000000000000000000 q
b110000000110100011 [
1+
#318440000
0+
#318460000
b110000000110100010 [
b0 r
1;
1$
0%
1+
#318480000
0+
#318500000
1#
0;
b10101010 X
0_
b110000000110100001 [
1+
#318520000
0+
#318540000
1_
1a
1^
b10101010 ]
b10101010 e
b110000000110100000 [
1+
#318560000
0+
#318580000
b1 r
b0 m
0$
b10101010000000000000000000000000 q
b110000000110011111 [
0^
0a
1+
#318600000
0+
#318620000
b110000000110011110 [
b1 m
1%
b1010100000000000000000000000000 q
1+
#318640000
0+
#318660000
0%
b110000000110011101 [
1+
#318680000
0+
#318700000
b110000000110011100 [
b10 m
1%
b10101000000000000000000000000000 q
0#
1+
#318720000
0+
#318740000
0%
b110000000110011011 [
1+
#318760000
0+
#318780000
b110000000110011010 [
b11 m
1%
b1010000000000000000000000000000 q
1#
1+
#318800000
0+
#318820000
0%
b110000000110011001 [
1+
#318840000
0+
#318860000
b110000000110011000 [
b100 m
1%
b10100000000000000000000000000000 q
0#
1+
#318880000
0+
#318900000
0%
b110000000110010111 [
1+
#318920000
0+
#318940000
b110000000110010110 [
b101 m
1%
b1000000000000000000000000000000 q
1#
1+
#318960000
0+
#318980000
0%
b110000000110010101 [
1+
#319000000
0+
#319020000
b110000000110010100 [
b110 m
1%
b10000000000000000000000000000000 q
0#
1+
#319040000
0+
#319060000
0%
b110000000110010011 [
1+
#319080000
0+
#319100000
b110000000110010010 [
b111 m
1%
b0 q
1#
1+
#319120000
0+
#319140000
b0 r
1;
1$
0%
b110000000110010001 [
1+
#319160000
0+
#319180000
b10101011 X
0_
b110000000110010000 [
0;
1+
#319200000
0+
#319220000
1_
1a
1^
b10101011 ]
b10101011 e
b110000000110001111 [
1+
#319240000
0+
#319260000
b110000000110001110 [
0^
0a
b1 r
b0 m
0$
b10101011000000000000000000000000 q
1+
#319280000
0+
#319300000
b1 m
1%
b1010110000000000000000000000000 q
b110000000110001101 [
1+
#319320000
0+
#319340000
b110000000110001100 [
0%
1+
#319360000
0+
#319380000
b10 m
1%
b10101100000000000000000000000000 q
0#
b110000000110001011 [
1+
#319400000
0+
#319420000
b110000000110001010 [
0%
1+
#319440000
0+
#319460000
b11 m
1%
b1011000000000000000000000000000 q
1#
b110000000110001001 [
1+
#319480000
0+
#319500000
b110000000110001000 [
0%
1+
#319520000
0+
#319540000
b100 m
1%
b10110000000000000000000000000000 q
0#
b110000000110000111 [
1+
#319560000
0+
#319580000
b110000000110000110 [
0%
1+
#319600000
0+
#319620000
b101 m
1%
b1100000000000000000000000000000 q
1#
b110000000110000101 [
1+
#319640000
0+
#319660000
b110000000110000100 [
0%
1+
#319680000
0+
#319700000
b110 m
1%
b11000000000000000000000000000000 q
0#
b110000000110000011 [
1+
#319720000
0+
#319740000
b110000000110000010 [
0%
1+
#319760000
0+
#319780000
b111 m
1%
b10000000000000000000000000000000 q
1#
b110000000110000001 [
1+
#319800000
0+
#319820000
b110000000110000000 [
b0 r
1;
1$
0%
1+
#319840000
0+
#319860000
0;
b10101100 X
0_
b110000000101111111 [
1+
#319880000
0+
#319900000
1_
1a
1^
b10101100 ]
b10101100 e
b110000000101111110 [
1+
#319920000
0+
#319940000
b1 r
b0 m
0$
b10101100000000000000000000000000 q
b110000000101111101 [
0^
0a
1+
#319960000
0+
#319980000
b110000000101111100 [
b1 m
1%
b1011000000000000000000000000000 q
1+
#320000000
0+
#320020000
0%
b110000000101111011 [
1+
#320040000
0+
#320060000
b110000000101111010 [
b10 m
1%
b10110000000000000000000000000000 q
0#
1+
#320080000
0+
#320100000
0%
b110000000101111001 [
1+
#320120000
0+
#320140000
b110000000101111000 [
b11 m
1%
b1100000000000000000000000000000 q
1#
1+
#320160000
0+
#320180000
0%
b110000000101110111 [
1+
#320200000
0+
#320220000
b110000000101110110 [
b100 m
1%
b11000000000000000000000000000000 q
0#
1+
#320240000
0+
#320260000
0%
b110000000101110101 [
1+
#320280000
0+
#320300000
b110000000101110100 [
b101 m
1%
b10000000000000000000000000000000 q
1#
1+
#320320000
0+
#320340000
0%
b110000000101110011 [
1+
#320360000
0+
#320380000
b110000000101110010 [
b110 m
1%
b0 q
1+
#320400000
0+
#320420000
0%
b110000000101110001 [
1+
#320440000
0+
#320460000
b110000000101110000 [
b111 m
1%
0#
1+
#320480000
0+
#320500000
b0 r
1;
1$
0%
b110000000101101111 [
1+
#320520000
0+
#320540000
b10101101 X
0_
b110000000101101110 [
1#
0;
1+
#320560000
0+
#320580000
1_
1a
1^
b10101101 ]
b10101101 e
b110000000101101101 [
1+
#320600000
0+
#320620000
b110000000101101100 [
0^
0a
b1 r
b0 m
0$
b10101101000000000000000000000000 q
1+
#320640000
0+
#320660000
b1 m
1%
b1011010000000000000000000000000 q
b110000000101101011 [
1+
#320680000
0+
#320700000
b110000000101101010 [
0%
1+
#320720000
0+
#320740000
b10 m
1%
b10110100000000000000000000000000 q
0#
b110000000101101001 [
1+
#320760000
0+
#320780000
b110000000101101000 [
0%
1+
#320800000
0+
#320820000
b11 m
1%
b1101000000000000000000000000000 q
1#
b110000000101100111 [
1+
#320840000
0+
#320860000
b110000000101100110 [
0%
1+
#320880000
0+
#320900000
b100 m
1%
b11010000000000000000000000000000 q
0#
b110000000101100101 [
1+
#320920000
0+
#320940000
b110000000101100100 [
0%
1+
#320960000
0+
#320980000
b101 m
1%
b10100000000000000000000000000000 q
1#
b110000000101100011 [
1+
#321000000
0+
#321020000
b110000000101100010 [
0%
1+
#321040000
0+
#321060000
b110 m
1%
b1000000000000000000000000000000 q
b110000000101100001 [
1+
#321080000
0+
#321100000
b110000000101100000 [
0%
1+
#321120000
0+
#321140000
b111 m
1%
b10000000000000000000000000000000 q
0#
b110000000101011111 [
1+
#321160000
0+
#321180000
b110000000101011110 [
b0 r
1;
1$
0%
1+
#321200000
0+
#321220000
1#
0;
b10101110 X
0_
b110000000101011101 [
1+
#321240000
0+
#321260000
1_
1a
1^
b10101110 ]
b10101110 e
b110000000101011100 [
1+
#321280000
0+
#321300000
b1 r
b0 m
0$
b10101110000000000000000000000000 q
b110000000101011011 [
0^
0a
1+
#321320000
0+
#321340000
b110000000101011010 [
b1 m
1%
b1011100000000000000000000000000 q
1+
#321360000
0+
#321380000
0%
b110000000101011001 [
1+
#321400000
0+
#321420000
b110000000101011000 [
b10 m
1%
b10111000000000000000000000000000 q
0#
1+
#321440000
0+
#321460000
0%
b110000000101010111 [
1+
#321480000
0+
#321500000
b110000000101010110 [
b11 m
1%
b1110000000000000000000000000000 q
1#
1+
#321520000
0+
#321540000
0%
b110000000101010101 [
1+
#321560000
0+
#321580000
b110000000101010100 [
b100 m
1%
b11100000000000000000000000000000 q
0#
1+
#321600000
0+
#321620000
0%
b110000000101010011 [
1+
#321640000
0+
#321660000
b110000000101010010 [
b101 m
1%
b11000000000000000000000000000000 q
1#
1+
#321680000
0+
#321700000
0%
b110000000101010001 [
1+
#321720000
0+
#321740000
b110000000101010000 [
b110 m
1%
b10000000000000000000000000000000 q
1+
#321760000
0+
#321780000
0%
b110000000101001111 [
1+
#321800000
0+
#321820000
b110000000101001110 [
b111 m
1%
b0 q
1+
#321840000
0+
#321860000
b0 r
1;
1$
0%
b110000000101001101 [
1+
#321880000
0+
#321900000
b10101111 X
0_
b110000000101001100 [
0;
1+
#321920000
0+
#321940000
1_
1a
1^
b10101111 ]
b10101111 e
b110000000101001011 [
1+
#321960000
0+
#321980000
b110000000101001010 [
0^
0a
b1 r
b0 m
0$
b10101111000000000000000000000000 q
1+
#322000000
0+
#322020000
b1 m
1%
b1011110000000000000000000000000 q
b110000000101001001 [
1+
#322040000
0+
#322060000
b110000000101001000 [
0%
1+
#322080000
0+
#322100000
b10 m
1%
b10111100000000000000000000000000 q
0#
b110000000101000111 [
1+
#322120000
0+
#322140000
b110000000101000110 [
0%
1+
#322160000
0+
#322180000
b11 m
1%
b1111000000000000000000000000000 q
1#
b110000000101000101 [
1+
#322200000
0+
#322220000
b110000000101000100 [
0%
1+
#322240000
0+
#322260000
b100 m
1%
b11110000000000000000000000000000 q
0#
b110000000101000011 [
1+
#322280000
0+
#322300000
b110000000101000010 [
0%
1+
#322320000
0+
#322340000
b101 m
1%
b11100000000000000000000000000000 q
1#
b110000000101000001 [
1+
#322360000
0+
#322380000
b110000000101000000 [
0%
1+
#322400000
0+
#322420000
b110 m
1%
b11000000000000000000000000000000 q
b110000000100111111 [
1+
#322440000
0+
#322460000
b110000000100111110 [
0%
1+
#322480000
0+
#322500000
b111 m
1%
b10000000000000000000000000000000 q
b110000000100111101 [
1+
#322520000
0+
#322540000
b110000000100111100 [
b0 r
1;
1$
0%
1+
#322560000
0+
#322580000
0;
b10110000 X
0_
b110000000100111011 [
1+
#322600000
0+
#322620000
1_
1a
1^
b10110000 ]
b10110000 e
b110000000100111010 [
1+
#322640000
0+
#322660000
b1 r
b0 m
0$
b10110000000000000000000000000000 q
b110000000100111001 [
0^
0a
1+
#322680000
0+
#322700000
b110000000100111000 [
b1 m
1%
b1100000000000000000000000000000 q
1+
#322720000
0+
#322740000
0%
b110000000100110111 [
1+
#322760000
0+
#322780000
b110000000100110110 [
b10 m
1%
b11000000000000000000000000000000 q
0#
1+
#322800000
0+
#322820000
0%
b110000000100110101 [
1+
#322840000
0+
#322860000
b110000000100110100 [
b11 m
1%
b10000000000000000000000000000000 q
1#
1+
#322880000
0+
#322900000
0%
b110000000100110011 [
1+
#322920000
0+
#322940000
b110000000100110010 [
b100 m
1%
b0 q
1+
#322960000
0+
#322980000
0%
b110000000100110001 [
1+
#323000000
0+
#323020000
b110000000100110000 [
b101 m
1%
0#
1+
#323040000
0+
#323060000
0%
b110000000100101111 [
1+
#323080000
0+
#323100000
b110000000100101110 [
b110 m
1%
1+
#323120000
0+
#323140000
0%
b110000000100101101 [
1+
#323160000
0+
#323180000
b110000000100101100 [
b111 m
1%
1+
#323200000
0+
#323220000
b0 r
1;
1$
0%
b110000000100101011 [
1+
#323240000
0+
#323260000
b10110001 X
0_
b110000000100101010 [
1#
0;
1+
#323280000
0+
#323300000
1_
1a
1^
b10110001 ]
b10110001 e
b110000000100101001 [
1+
#323320000
0+
#323340000
b110000000100101000 [
0^
0a
b1 r
b0 m
0$
b10110001000000000000000000000000 q
1+
#323360000
0+
#323380000
b1 m
1%
b1100010000000000000000000000000 q
b110000000100100111 [
1+
#323400000
0+
#323420000
b110000000100100110 [
0%
1+
#323440000
0+
#323460000
b10 m
1%
b11000100000000000000000000000000 q
0#
b110000000100100101 [
1+
#323480000
0+
#323500000
b110000000100100100 [
0%
1+
#323520000
0+
#323540000
b11 m
1%
b10001000000000000000000000000000 q
1#
b110000000100100011 [
1+
#323560000
0+
#323580000
b110000000100100010 [
0%
1+
#323600000
0+
#323620000
b100 m
1%
b10000000000000000000000000000 q
b110000000100100001 [
1+
#323640000
0+
#323660000
b110000000100100000 [
0%
1+
#323680000
0+
#323700000
b101 m
1%
b100000000000000000000000000000 q
0#
b110000000100011111 [
1+
#323720000
0+
#323740000
b110000000100011110 [
0%
1+
#323760000
0+
#323780000
b110 m
1%
b1000000000000000000000000000000 q
b110000000100011101 [
1+
#323800000
0+
#323820000
b110000000100011100 [
0%
1+
#323840000
0+
#323860000
b111 m
1%
b10000000000000000000000000000000 q
b110000000100011011 [
1+
#323880000
0+
#323900000
b110000000100011010 [
b0 r
1;
1$
0%
1+
#323920000
0+
#323940000
1#
0;
b10110010 X
0_
b110000000100011001 [
1+
#323960000
0+
#323980000
1_
1a
1^
b10110010 ]
b10110010 e
b110000000100011000 [
1+
#324000000
0+
#324020000
b1 r
b0 m
0$
b10110010000000000000000000000000 q
b110000000100010111 [
0^
0a
1+
#324040000
0+
#324060000
b110000000100010110 [
b1 m
1%
b1100100000000000000000000000000 q
1+
#324080000
0+
#324100000
0%
b110000000100010101 [
1+
#324120000
0+
#324140000
b110000000100010100 [
b10 m
1%
b11001000000000000000000000000000 q
0#
1+
#324160000
0+
#324180000
0%
b110000000100010011 [
1+
#324200000
0+
#324220000
b110000000100010010 [
b11 m
1%
b10010000000000000000000000000000 q
1#
1+
#324240000
0+
#324260000
0%
b110000000100010001 [
1+
#324280000
0+
#324300000
b110000000100010000 [
b100 m
1%
b100000000000000000000000000000 q
1+
#324320000
0+
#324340000
0%
b110000000100001111 [
1+
#324360000
0+
#324380000
b110000000100001110 [
b101 m
1%
b1000000000000000000000000000000 q
0#
1+
#324400000
0+
#324420000
0%
b110000000100001101 [
1+
#324440000
0+
#324460000
b110000000100001100 [
b110 m
1%
b10000000000000000000000000000000 q
1+
#324480000
0+
#324500000
0%
b110000000100001011 [
1+
#324520000
0+
#324540000
b110000000100001010 [
b111 m
1%
b0 q
1#
1+
#324560000
0+
#324580000
b0 r
1;
1$
0%
b110000000100001001 [
1+
#324600000
0+
#324620000
b10110011 X
0_
b110000000100001000 [
0;
1+
#324640000
0+
#324660000
1_
1a
1^
b10110011 ]
b10110011 e
b110000000100000111 [
1+
#324680000
0+
#324700000
b110000000100000110 [
0^
0a
b1 r
b0 m
0$
b10110011000000000000000000000000 q
1+
#324720000
0+
#324740000
b1 m
1%
b1100110000000000000000000000000 q
b110000000100000101 [
1+
#324760000
0+
#324780000
b110000000100000100 [
0%
1+
#324800000
0+
#324820000
b10 m
1%
b11001100000000000000000000000000 q
0#
b110000000100000011 [
1+
#324840000
0+
#324860000
b110000000100000010 [
0%
1+
#324880000
0+
#324900000
b11 m
1%
b10011000000000000000000000000000 q
1#
b110000000100000001 [
1+
#324920000
0+
#324940000
b110000000100000000 [
0%
1+
#324960000
0+
#324980000
b100 m
1%
b110000000000000000000000000000 q
b110000000011111111 [
1+
#325000000
0+
#325020000
b110000000011111110 [
0%
1+
#325040000
0+
#325060000
b101 m
1%
b1100000000000000000000000000000 q
0#
b110000000011111101 [
1+
#325080000
0+
#325100000
b110000000011111100 [
0%
1+
#325120000
0+
#325140000
b110 m
1%
b11000000000000000000000000000000 q
b110000000011111011 [
1+
#325160000
0+
#325180000
b110000000011111010 [
0%
1+
#325200000
0+
#325220000
b111 m
1%
b10000000000000000000000000000000 q
1#
b110000000011111001 [
1+
#325240000
0+
#325260000
b110000000011111000 [
b0 r
1;
1$
0%
1+
#325280000
0+
#325300000
0;
b10110100 X
0_
b110000000011110111 [
1+
#325320000
0+
#325340000
1_
1a
1^
b10110100 ]
b10110100 e
b110000000011110110 [
1+
#325360000
0+
#325380000
b1 r
b0 m
0$
b10110100000000000000000000000000 q
b110000000011110101 [
0^
0a
1+
#325400000
0+
#325420000
b110000000011110100 [
b1 m
1%
b1101000000000000000000000000000 q
1+
#325440000
0+
#325460000
0%
b110000000011110011 [
1+
#325480000
0+
#325500000
b110000000011110010 [
b10 m
1%
b11010000000000000000000000000000 q
0#
1+
#325520000
0+
#325540000
0%
b110000000011110001 [
1+
#325560000
0+
#325580000
b110000000011110000 [
b11 m
1%
b10100000000000000000000000000000 q
1#
1+
#325600000
0+
#325620000
0%
b110000000011101111 [
1+
#325640000
0+
#325660000
b110000000011101110 [
b100 m
1%
b1000000000000000000000000000000 q
1+
#325680000
0+
#325700000
0%
b110000000011101101 [
1+
#325720000
0+
#325740000
b110000000011101100 [
b101 m
1%
b10000000000000000000000000000000 q
0#
1+
#325760000
0+
#325780000
0%
b110000000011101011 [
1+
#325800000
0+
#325820000
b110000000011101010 [
b110 m
1%
b0 q
1#
1+
#325840000
0+
#325860000
0%
b110000000011101001 [
1+
#325880000
0+
#325900000
b110000000011101000 [
b111 m
1%
0#
1+
#325920000
0+
#325940000
b0 r
1;
1$
0%
b110000000011100111 [
1+
#325960000
0+
#325980000
b10110101 X
0_
b110000000011100110 [
1#
0;
1+
#326000000
0+
#326020000
1_
1a
1^
b10110101 ]
b10110101 e
b110000000011100101 [
1+
#326040000
0+
#326060000
b110000000011100100 [
0^
0a
b1 r
b0 m
0$
b10110101000000000000000000000000 q
1+
#326080000
0+
#326100000
b1 m
1%
b1101010000000000000000000000000 q
b110000000011100011 [
1+
#326120000
0+
#326140000
b110000000011100010 [
0%
1+
#326160000
0+
#326180000
b10 m
1%
b11010100000000000000000000000000 q
0#
b110000000011100001 [
1+
#326200000
0+
#326220000
b110000000011100000 [
0%
1+
#326240000
0+
#326260000
b11 m
1%
b10101000000000000000000000000000 q
1#
b110000000011011111 [
1+
#326280000
0+
#326300000
b110000000011011110 [
0%
1+
#326320000
0+
#326340000
b100 m
1%
b1010000000000000000000000000000 q
b110000000011011101 [
1+
#326360000
0+
#326380000
b110000000011011100 [
0%
1+
#326400000
0+
#326420000
b101 m
1%
b10100000000000000000000000000000 q
0#
b110000000011011011 [
1+
#326440000
0+
#326460000
b110000000011011010 [
0%
1+
#326480000
0+
#326500000
b110 m
1%
b1000000000000000000000000000000 q
1#
b110000000011011001 [
1+
#326520000
0+
#326540000
b110000000011011000 [
0%
1+
#326560000
0+
#326580000
b111 m
1%
b10000000000000000000000000000000 q
0#
b110000000011010111 [
1+
#326600000
0+
#326620000
b110000000011010110 [
b0 r
1;
1$
0%
1+
#326640000
0+
#326660000
1#
0;
b10110110 X
0_
b110000000011010101 [
1+
#326680000
0+
#326700000
1_
1a
1^
b10110110 ]
b10110110 e
b110000000011010100 [
1+
#326720000
0+
#326740000
b1 r
b0 m
0$
b10110110000000000000000000000000 q
b110000000011010011 [
0^
0a
1+
#326760000
0+
#326780000
b110000000011010010 [
b1 m
1%
b1101100000000000000000000000000 q
1+
#326800000
0+
#326820000
0%
b110000000011010001 [
1+
#326840000
0+
#326860000
b110000000011010000 [
b10 m
1%
b11011000000000000000000000000000 q
0#
1+
#326880000
0+
#326900000
0%
b110000000011001111 [
1+
#326920000
0+
#326940000
b110000000011001110 [
b11 m
1%
b10110000000000000000000000000000 q
1#
1+
#326960000
0+
#326980000
0%
b110000000011001101 [
1+
#327000000
0+
#327020000
b110000000011001100 [
b100 m
1%
b1100000000000000000000000000000 q
1+
#327040000
0+
#327060000
0%
b110000000011001011 [
1+
#327080000
0+
#327100000
b110000000011001010 [
b101 m
1%
b11000000000000000000000000000000 q
0#
1+
#327120000
0+
#327140000
0%
b110000000011001001 [
1+
#327160000
0+
#327180000
b110000000011001000 [
b110 m
1%
b10000000000000000000000000000000 q
1#
1+
#327200000
0+
#327220000
0%
b110000000011000111 [
1+
#327240000
0+
#327260000
b110000000011000110 [
b111 m
1%
b0 q
1+
#327280000
0+
#327300000
b0 r
1;
1$
0%
b110000000011000101 [
1+
#327320000
0+
#327340000
b10110111 X
0_
b110000000011000100 [
0;
1+
#327360000
0+
#327380000
1_
1a
1^
b10110111 ]
b10110111 e
b110000000011000011 [
1+
#327400000
0+
#327420000
b110000000011000010 [
0^
0a
b1 r
b0 m
0$
b10110111000000000000000000000000 q
1+
#327440000
0+
#327460000
b1 m
1%
b1101110000000000000000000000000 q
b110000000011000001 [
1+
#327480000
0+
#327500000
b110000000011000000 [
0%
1+
#327520000
0+
#327540000
b10 m
1%
b11011100000000000000000000000000 q
0#
b110000000010111111 [
1+
#327560000
0+
#327580000
b110000000010111110 [
0%
1+
#327600000
0+
#327620000
b11 m
1%
b10111000000000000000000000000000 q
1#
b110000000010111101 [
1+
#327640000
0+
#327660000
b110000000010111100 [
0%
1+
#327680000
0+
#327700000
b100 m
1%
b1110000000000000000000000000000 q
b110000000010111011 [
1+
#327720000
0+
#327740000
b110000000010111010 [
0%
1+
#327760000
0+
#327780000
b101 m
1%
b11100000000000000000000000000000 q
0#
b110000000010111001 [
1+
#327800000
0+
#327820000
b110000000010111000 [
0%
1+
#327840000
0+
#327860000
b110 m
1%
b11000000000000000000000000000000 q
1#
b110000000010110111 [
1+
#327880000
0+
#327900000
b110000000010110110 [
0%
1+
#327920000
0+
#327940000
b111 m
1%
b10000000000000000000000000000000 q
b110000000010110101 [
1+
#327960000
0+
#327980000
b110000000010110100 [
b0 r
1;
1$
0%
1+
#328000000
0+
#328020000
0;
b10111000 X
0_
b110000000010110011 [
1+
#328040000
0+
#328060000
1_
1a
1^
b10111000 ]
b10111000 e
b110000000010110010 [
1+
#328080000
0+
#328100000
b1 r
b0 m
0$
b10111000000000000000000000000000 q
b110000000010110001 [
0^
0a
1+
#328120000
0+
#328140000
b110000000010110000 [
b1 m
1%
b1110000000000000000000000000000 q
1+
#328160000
0+
#328180000
0%
b110000000010101111 [
1+
#328200000
0+
#328220000
b110000000010101110 [
b10 m
1%
b11100000000000000000000000000000 q
0#
1+
#328240000
0+
#328260000
0%
b110000000010101101 [
1+
#328280000
0+
#328300000
b110000000010101100 [
b11 m
1%
b11000000000000000000000000000000 q
1#
1+
#328320000
0+
#328340000
0%
b110000000010101011 [
1+
#328360000
0+
#328380000
b110000000010101010 [
b100 m
1%
b10000000000000000000000000000000 q
1+
#328400000
0+
#328420000
0%
b110000000010101001 [
1+
#328440000
0+
#328460000
b110000000010101000 [
b101 m
1%
b0 q
1+
#328480000
0+
#328500000
0%
b110000000010100111 [
1+
#328520000
0+
#328540000
b110000000010100110 [
b110 m
1%
0#
1+
#328560000
0+
#328580000
0%
b110000000010100101 [
1+
#328600000
0+
#328620000
b110000000010100100 [
b111 m
1%
1+
#328640000
0+
#328660000
b0 r
1;
1$
0%
b110000000010100011 [
1+
#328680000
0+
#328700000
b10111001 X
0_
b110000000010100010 [
1#
0;
1+
#328720000
0+
#328740000
1_
1a
1^
b10111001 ]
b10111001 e
b110000000010100001 [
1+
#328760000
0+
#328780000
b110000000010100000 [
0^
0a
b1 r
b0 m
0$
b10111001000000000000000000000000 q
1+
#328800000
0+
#328820000
b1 m
1%
b1110010000000000000000000000000 q
b110000000010011111 [
1+
#328840000
0+
#328860000
b110000000010011110 [
0%
1+
#328880000
0+
#328900000
b10 m
1%
b11100100000000000000000000000000 q
0#
b110000000010011101 [
1+
#328920000
0+
#328940000
b110000000010011100 [
0%
1+
#328960000
0+
#328980000
b11 m
1%
b11001000000000000000000000000000 q
1#
b110000000010011011 [
1+
#329000000
0+
#329020000
b110000000010011010 [
0%
1+
#329040000
0+
#329060000
b100 m
1%
b10010000000000000000000000000000 q
b110000000010011001 [
1+
#329080000
0+
#329100000
b110000000010011000 [
0%
1+
#329120000
0+
#329140000
b101 m
1%
b100000000000000000000000000000 q
b110000000010010111 [
1+
#329160000
0+
#329180000
b110000000010010110 [
0%
1+
#329200000
0+
#329220000
b110 m
1%
b1000000000000000000000000000000 q
0#
b110000000010010101 [
1+
#329240000
0+
#329260000
b110000000010010100 [
0%
1+
#329280000
0+
#329300000
b111 m
1%
b10000000000000000000000000000000 q
b110000000010010011 [
1+
#329320000
0+
#329340000
b110000000010010010 [
b0 r
1;
1$
0%
1+
#329360000
0+
#329380000
1#
0;
b10111010 X
0_
b110000000010010001 [
1+
#329400000
0+
#329420000
1_
1a
1^
b10111010 ]
b10111010 e
b110000000010010000 [
1+
#329440000
0+
#329460000
b1 r
b0 m
0$
b10111010000000000000000000000000 q
b110000000010001111 [
0^
0a
1+
#329480000
0+
#329500000
b110000000010001110 [
b1 m
1%
b1110100000000000000000000000000 q
1+
#329520000
0+
#329540000
0%
b110000000010001101 [
1+
#329560000
0+
#329580000
b110000000010001100 [
b10 m
1%
b11101000000000000000000000000000 q
0#
1+
#329600000
0+
#329620000
0%
b110000000010001011 [
1+
#329640000
0+
#329660000
b110000000010001010 [
b11 m
1%
b11010000000000000000000000000000 q
1#
1+
#329680000
0+
#329700000
0%
b110000000010001001 [
1+
#329720000
0+
#329740000
b110000000010001000 [
b100 m
1%
b10100000000000000000000000000000 q
1+
#329760000
0+
#329780000
0%
b110000000010000111 [
1+
#329800000
0+
#329820000
b110000000010000110 [
b101 m
1%
b1000000000000000000000000000000 q
1+
#329840000
0+
#329860000
0%
b110000000010000101 [
1+
#329880000
0+
#329900000
b110000000010000100 [
b110 m
1%
b10000000000000000000000000000000 q
0#
1+
#329920000
0+
#329940000
0%
b110000000010000011 [
1+
#329960000
0+
#329980000
b110000000010000010 [
b111 m
1%
b0 q
1#
1+
#330000000
0+
#330020000
b0 r
1;
1$
0%
b110000000010000001 [
1+
#330040000
0+
#330060000
b10111011 X
0_
b110000000010000000 [
0;
1+
#330080000
0+
#330100000
1_
1a
1^
b10111011 ]
b10111011 e
b110000000001111111 [
1+
#330120000
0+
#330140000
b110000000001111110 [
0^
0a
b1 r
b0 m
0$
b10111011000000000000000000000000 q
1+
#330160000
0+
#330180000
b1 m
1%
b1110110000000000000000000000000 q
b110000000001111101 [
1+
#330200000
0+
#330220000
b110000000001111100 [
0%
1+
#330240000
0+
#330260000
b10 m
1%
b11101100000000000000000000000000 q
0#
b110000000001111011 [
1+
#330280000
0+
#330300000
b110000000001111010 [
0%
1+
#330320000
0+
#330340000
b11 m
1%
b11011000000000000000000000000000 q
1#
b110000000001111001 [
1+
#330360000
0+
#330380000
b110000000001111000 [
0%
1+
#330400000
0+
#330420000
b100 m
1%
b10110000000000000000000000000000 q
b110000000001110111 [
1+
#330440000
0+
#330460000
b110000000001110110 [
0%
1+
#330480000
0+
#330500000
b101 m
1%
b1100000000000000000000000000000 q
b110000000001110101 [
1+
#330520000
0+
#330540000
b110000000001110100 [
0%
1+
#330560000
0+
#330580000
b110 m
1%
b11000000000000000000000000000000 q
0#
b110000000001110011 [
1+
#330600000
0+
#330620000
b110000000001110010 [
0%
1+
#330640000
0+
#330660000
b111 m
1%
b10000000000000000000000000000000 q
1#
b110000000001110001 [
1+
#330680000
0+
#330700000
b110000000001110000 [
b0 r
1;
1$
0%
1+
#330720000
0+
#330740000
0;
b10111100 X
0_
b110000000001101111 [
1+
#330760000
0+
#330780000
1_
1a
1^
b10111100 ]
b10111100 e
b110000000001101110 [
1+
#330800000
0+
#330820000
b1 r
b0 m
0$
b10111100000000000000000000000000 q
b110000000001101101 [
0^
0a
1+
#330840000
0+
#330860000
b110000000001101100 [
b1 m
1%
b1111000000000000000000000000000 q
1+
#330880000
0+
#330900000
0%
b110000000001101011 [
1+
#330920000
0+
#330940000
b110000000001101010 [
b10 m
1%
b11110000000000000000000000000000 q
0#
1+
#330960000
0+
#330980000
0%
b110000000001101001 [
1+
#331000000
0+
#331020000
b110000000001101000 [
b11 m
1%
b11100000000000000000000000000000 q
1#
1+
#331040000
0+
#331060000
0%
b110000000001100111 [
1+
#331080000
0+
#331100000
b110000000001100110 [
b100 m
1%
b11000000000000000000000000000000 q
1+
#331120000
0+
#331140000
0%
b110000000001100101 [
1+
#331160000
0+
#331180000
b110000000001100100 [
b101 m
1%
b10000000000000000000000000000000 q
1+
#331200000
0+
#331220000
0%
b110000000001100011 [
1+
#331240000
0+
#331260000
b110000000001100010 [
b110 m
1%
b0 q
1+
#331280000
0+
#331300000
0%
b110000000001100001 [
1+
#331320000
0+
#331340000
b110000000001100000 [
b111 m
1%
0#
1+
#331360000
0+
#331380000
b0 r
1;
1$
0%
b110000000001011111 [
1+
#331400000
0+
#331420000
b10111101 X
0_
b110000000001011110 [
1#
0;
1+
#331440000
0+
#331460000
1_
1a
1^
b10111101 ]
b10111101 e
b110000000001011101 [
1+
#331480000
0+
#331500000
b110000000001011100 [
0^
0a
b1 r
b0 m
0$
b10111101000000000000000000000000 q
1+
#331520000
0+
#331540000
b1 m
1%
b1111010000000000000000000000000 q
b110000000001011011 [
1+
#331560000
0+
#331580000
b110000000001011010 [
0%
1+
#331600000
0+
#331620000
b10 m
1%
b11110100000000000000000000000000 q
0#
b110000000001011001 [
1+
#331640000
0+
#331660000
b110000000001011000 [
0%
1+
#331680000
0+
#331700000
b11 m
1%
b11101000000000000000000000000000 q
1#
b110000000001010111 [
1+
#331720000
0+
#331740000
b110000000001010110 [
0%
1+
#331760000
0+
#331780000
b100 m
1%
b11010000000000000000000000000000 q
b110000000001010101 [
1+
#331800000
0+
#331820000
b110000000001010100 [
0%
1+
#331840000
0+
#331860000
b101 m
1%
b10100000000000000000000000000000 q
b110000000001010011 [
1+
#331880000
0+
#331900000
b110000000001010010 [
0%
1+
#331920000
0+
#331940000
b110 m
1%
b1000000000000000000000000000000 q
b110000000001010001 [
1+
#331960000
0+
#331980000
b110000000001010000 [
0%
1+
#332000000
0+
#332020000
b111 m
1%
b10000000000000000000000000000000 q
0#
b110000000001001111 [
1+
#332040000
0+
#332060000
b110000000001001110 [
b0 r
1;
1$
0%
1+
#332080000
0+
#332100000
1#
0;
b10111110 X
0_
b110000000001001101 [
1+
#332120000
0+
#332140000
1_
1a
1^
b10111110 ]
b10111110 e
b110000000001001100 [
1+
#332160000
0+
#332180000
b1 r
b0 m
0$
b10111110000000000000000000000000 q
b110000000001001011 [
0^
0a
1+
#332200000
0+
#332220000
b110000000001001010 [
b1 m
1%
b1111100000000000000000000000000 q
1+
#332240000
0+
#332260000
0%
b110000000001001001 [
1+
#332280000
0+
#332300000
b110000000001001000 [
b10 m
1%
b11111000000000000000000000000000 q
0#
1+
#332320000
0+
#332340000
0%
b110000000001000111 [
1+
#332360000
0+
#332380000
b110000000001000110 [
b11 m
1%
b11110000000000000000000000000000 q
1#
1+
#332400000
0+
#332420000
0%
b110000000001000101 [
1+
#332440000
0+
#332460000
b110000000001000100 [
b100 m
1%
b11100000000000000000000000000000 q
1+
#332480000
0+
#332500000
0%
b110000000001000011 [
1+
#332520000
0+
#332540000
b110000000001000010 [
b101 m
1%
b11000000000000000000000000000000 q
1+
#332560000
0+
#332580000
0%
b110000000001000001 [
1+
#332600000
0+
#332620000
b110000000001000000 [
b110 m
1%
b10000000000000000000000000000000 q
1+
#332640000
0+
#332660000
0%
b110000000000111111 [
1+
#332680000
0+
#332700000
b110000000000111110 [
b111 m
1%
b0 q
1+
#332720000
0+
#332740000
b0 r
1;
1$
0%
b110000000000111101 [
1+
#332760000
0+
#332780000
b10111111 X
0_
b110000000000111100 [
0;
1+
#332800000
0+
#332820000
1_
1a
1^
b10111111 ]
b10111111 e
b110000000000111011 [
1+
#332840000
0+
#332860000
b110000000000111010 [
0^
0a
b1 r
b0 m
0$
b10111111000000000000000000000000 q
1+
#332880000
0+
#332900000
b1 m
1%
b1111110000000000000000000000000 q
b110000000000111001 [
1+
#332920000
0+
#332940000
b110000000000111000 [
0%
1+
#332960000
0+
#332980000
b10 m
1%
b11111100000000000000000000000000 q
0#
b110000000000110111 [
1+
#333000000
0+
#333020000
b110000000000110110 [
0%
1+
#333040000
0+
#333060000
b11 m
1%
b11111000000000000000000000000000 q
1#
b110000000000110101 [
1+
#333080000
0+
#333100000
b110000000000110100 [
0%
1+
#333120000
0+
#333140000
b100 m
1%
b11110000000000000000000000000000 q
b110000000000110011 [
1+
#333160000
0+
#333180000
b110000000000110010 [
0%
1+
#333200000
0+
#333220000
b101 m
1%
b11100000000000000000000000000000 q
b110000000000110001 [
1+
#333240000
0+
#333260000
b110000000000110000 [
0%
1+
#333280000
0+
#333300000
b110 m
1%
b11000000000000000000000000000000 q
b110000000000101111 [
1+
#333320000
0+
#333340000
b110000000000101110 [
0%
1+
#333360000
0+
#333380000
b111 m
1%
b10000000000000000000000000000000 q
b110000000000101101 [
1+
#333400000
0+
#333420000
b110000000000101100 [
b0 r
1;
1$
0%
1+
#333440000
0+
#333460000
0;
b11000000 X
0_
b110000000000101011 [
1+
#333480000
0+
#333500000
1_
1a
1^
b11000000 ]
b11000000 e
b110000000000101010 [
1+
#333520000
0+
#333540000
b1 r
b0 m
0$
b11000000000000000000000000000000 q
b110000000000101001 [
0^
0a
1+
#333560000
0+
#333580000
b110000000000101000 [
b1 m
1%
b10000000000000000000000000000000 q
1+
#333600000
0+
#333620000
0%
b110000000000100111 [
1+
#333640000
0+
#333660000
b110000000000100110 [
b10 m
1%
b0 q
1+
#333680000
0+
#333700000
0%
b110000000000100101 [
1+
#333720000
0+
#333740000
b110000000000100100 [
b11 m
1%
0#
1+
#333760000
0+
#333780000
0%
b110000000000100011 [
1+
#333800000
0+
#333820000
b110000000000100010 [
b100 m
1%
1+
#333840000
0+
#333860000
0%
b110000000000100001 [
1+
#333880000
0+
#333900000
b110000000000100000 [
b101 m
1%
1+
#333920000
0+
#333940000
0%
b110000000000011111 [
1+
#333960000
0+
#333980000
b110000000000011110 [
b110 m
1%
1+
#334000000
0+
#334020000
0%
b110000000000011101 [
1+
#334040000
0+
#334060000
b110000000000011100 [
b111 m
1%
1+
#334080000
0+
#334100000
b0 r
1;
1$
0%
b110000000000011011 [
1+
#334120000
0+
#334140000
b11000001 X
0_
b110000000000011010 [
1#
0;
1+
#334160000
0+
#334180000
1_
1a
1^
b11000001 ]
b11000001 e
b110000000000011001 [
1+
#334200000
0+
#334220000
b110000000000011000 [
0^
0a
b1 r
b0 m
0$
b11000001000000000000000000000000 q
1+
#334240000
0+
#334260000
b1 m
1%
b10000010000000000000000000000000 q
b110000000000010111 [
1+
#334280000
0+
#334300000
b110000000000010110 [
0%
1+
#334320000
0+
#334340000
b10 m
1%
b100000000000000000000000000 q
b110000000000010101 [
1+
#334360000
0+
#334380000
b110000000000010100 [
0%
1+
#334400000
0+
#334420000
b11 m
1%
b1000000000000000000000000000 q
0#
b110000000000010011 [
1+
#334440000
0+
#334460000
b110000000000010010 [
0%
1+
#334480000
0+
#334500000
b100 m
1%
b10000000000000000000000000000 q
b110000000000010001 [
1+
#334520000
0+
#334540000
b110000000000010000 [
0%
1+
#334560000
0+
#334580000
b101 m
1%
b100000000000000000000000000000 q
b110000000000001111 [
1+
#334600000
0+
#334620000
b110000000000001110 [
0%
1+
#334640000
0+
#334660000
b110 m
1%
b1000000000000000000000000000000 q
b110000000000001101 [
1+
#334680000
0+
#334700000
b110000000000001100 [
0%
1+
#334720000
0+
#334740000
b111 m
1%
b10000000000000000000000000000000 q
b110000000000001011 [
1+
#334760000
0+
#334780000
b110000000000001010 [
b0 r
1;
1$
0%
1+
#334800000
0+
#334820000
1#
0;
b11000010 X
0_
b110000000000001001 [
1+
#334840000
0+
#334860000
1_
1a
1^
b11000010 ]
b11000010 e
b110000000000001000 [
1+
#334880000
0+
#334900000
b1 r
b0 m
0$
b11000010000000000000000000000000 q
b110000000000000111 [
0^
0a
1+
#334920000
0+
#334940000
b110000000000000110 [
b1 m
1%
b10000100000000000000000000000000 q
1+
#334960000
0+
#334980000
0%
b110000000000000101 [
1+
#335000000
0+
#335020000
b110000000000000100 [
b10 m
1%
b1000000000000000000000000000 q
1+
#335040000
0+
#335060000
0%
b110000000000000011 [
1+
#335080000
0+
#335100000
b110000000000000010 [
b11 m
1%
b10000000000000000000000000000 q
0#
1+
#335120000
0+
#335140000
0%
b110000000000000001 [
1+
#335160000
0+
#335180000
b110000000000000000 [
b100 m
1%
b100000000000000000000000000000 q
1+
#335200000
0+
#335220000
0%
b101111111111111111 [
1+
#335240000
0+
#335260000
b101111111111111110 [
b101 m
1%
b1000000000000000000000000000000 q
1+
#335280000
0+
#335300000
0%
b101111111111111101 [
1+
#335320000
0+
#335340000
b101111111111111100 [
b110 m
1%
b10000000000000000000000000000000 q
1+
#335360000
0+
#335380000
0%
b101111111111111011 [
1+
#335400000
0+
#335420000
b101111111111111010 [
b111 m
1%
b0 q
1#
1+
#335440000
0+
#335460000
b0 r
1;
1$
0%
b101111111111111001 [
1+
#335480000
0+
#335500000
b11000011 X
0_
b101111111111111000 [
0;
1+
#335520000
0+
#335540000
1_
1a
1^
b11000011 ]
b11000011 e
b101111111111110111 [
1+
#335560000
0+
#335580000
b101111111111110110 [
0^
0a
b1 r
b0 m
0$
b11000011000000000000000000000000 q
1+
#335600000
0+
#335620000
b1 m
1%
b10000110000000000000000000000000 q
b101111111111110101 [
1+
#335640000
0+
#335660000
b101111111111110100 [
0%
1+
#335680000
0+
#335700000
b10 m
1%
b1100000000000000000000000000 q
b101111111111110011 [
1+
#335720000
0+
#335740000
b101111111111110010 [
0%
1+
#335760000
0+
#335780000
b11 m
1%
b11000000000000000000000000000 q
0#
b101111111111110001 [
1+
#335800000
0+
#335820000
b101111111111110000 [
0%
1+
#335840000
0+
#335860000
b100 m
1%
b110000000000000000000000000000 q
b101111111111101111 [
1+
#335880000
0+
#335900000
b101111111111101110 [
0%
1+
#335920000
0+
#335940000
b101 m
1%
b1100000000000000000000000000000 q
b101111111111101101 [
1+
#335960000
0+
#335980000
b101111111111101100 [
0%
1+
#336000000
0+
#336020000
b110 m
1%
b11000000000000000000000000000000 q
b101111111111101011 [
1+
#336040000
0+
#336060000
b101111111111101010 [
0%
1+
#336080000
0+
#336100000
b111 m
1%
b10000000000000000000000000000000 q
1#
b101111111111101001 [
1+
#336120000
0+
#336140000
b101111111111101000 [
b0 r
1;
1$
0%
1+
#336160000
0+
#336180000
0;
b11000100 X
0_
b101111111111100111 [
1+
#336200000
0+
#336220000
1_
1a
1^
b11000100 ]
b11000100 e
b101111111111100110 [
1+
#336240000
0+
#336260000
b1 r
b0 m
0$
b11000100000000000000000000000000 q
b101111111111100101 [
0^
0a
1+
#336280000
0+
#336300000
b101111111111100100 [
b1 m
1%
b10001000000000000000000000000000 q
1+
#336320000
0+
#336340000
0%
b101111111111100011 [
1+
#336360000
0+
#336380000
b101111111111100010 [
b10 m
1%
b10000000000000000000000000000 q
1+
#336400000
0+
#336420000
0%
b101111111111100001 [
1+
#336440000
0+
#336460000
b101111111111100000 [
b11 m
1%
b100000000000000000000000000000 q
0#
1+
#336480000
0+
#336500000
0%
b101111111111011111 [
1+
#336520000
0+
#336540000
b101111111111011110 [
b100 m
1%
b1000000000000000000000000000000 q
1+
#336560000
0+
#336580000
0%
b101111111111011101 [
1+
#336600000
0+
#336620000
b101111111111011100 [
b101 m
1%
b10000000000000000000000000000000 q
1+
#336640000
0+
#336660000
0%
b101111111111011011 [
1+
#336680000
0+
#336700000
b101111111111011010 [
b110 m
1%
b0 q
1#
1+
#336720000
0+
#336740000
0%
b101111111111011001 [
1+
#336760000
0+
#336780000
b101111111111011000 [
b111 m
1%
0#
1+
#336800000
0+
#336820000
b0 r
1;
1$
0%
b101111111111010111 [
1+
#336840000
0+
#336860000
b11000101 X
0_
b101111111111010110 [
1#
0;
1+
#336880000
0+
#336900000
1_
1a
1^
b11000101 ]
b11000101 e
b101111111111010101 [
1+
#336920000
0+
#336940000
b101111111111010100 [
0^
0a
b1 r
b0 m
0$
b11000101000000000000000000000000 q
1+
#336960000
0+
#336980000
b1 m
1%
b10001010000000000000000000000000 q
b101111111111010011 [
1+
#337000000
0+
#337020000
b101111111111010010 [
0%
1+
#337040000
0+
#337060000
b10 m
1%
b10100000000000000000000000000 q
b101111111111010001 [
1+
#337080000
0+
#337100000
b101111111111010000 [
0%
1+
#337120000
0+
#337140000
b11 m
1%
b101000000000000000000000000000 q
0#
b101111111111001111 [
1+
#337160000
0+
#337180000
b101111111111001110 [
0%
1+
#337200000
0+
#337220000
b100 m
1%
b1010000000000000000000000000000 q
b101111111111001101 [
1+
#337240000
0+
#337260000
b101111111111001100 [
0%
1+
#337280000
0+
#337300000
b101 m
1%
b10100000000000000000000000000000 q
b101111111111001011 [
1+
#337320000
0+
#337340000
b101111111111001010 [
0%
1+
#337360000
0+
#337380000
b110 m
1%
b1000000000000000000000000000000 q
1#
b101111111111001001 [
1+
#337400000
0+
#337420000
b101111111111001000 [
0%
1+
#337440000
0+
#337460000
b111 m
1%
b10000000000000000000000000000000 q
0#
b101111111111000111 [
1+
#337480000
0+
#337500000
b101111111111000110 [
b0 r
1;
1$
0%
1+
#337520000
0+
#337540000
1#
0;
b11000110 X
0_
b101111111111000101 [
1+
#337560000
0+
#337580000
1_
1a
1^
b11000110 ]
b11000110 e
b101111111111000100 [
1+
#337600000
0+
#337620000
b1 r
b0 m
0$
b11000110000000000000000000000000 q
b101111111111000011 [
0^
0a
1+
#337640000
0+
#337660000
b101111111111000010 [
b1 m
1%
b10001100000000000000000000000000 q
1+
#337680000
0+
#337700000
0%
b101111111111000001 [
1+
#337720000
0+
#337740000
b101111111111000000 [
b10 m
1%
b11000000000000000000000000000 q
1+
#337760000
0+
#337780000
0%
b101111111110111111 [
1+
#337800000
0+
#337820000
b101111111110111110 [
b11 m
1%
b110000000000000000000000000000 q
0#
1+
#337840000
0+
#337860000
0%
b101111111110111101 [
1+
#337880000
0+
#337900000
b101111111110111100 [
b100 m
1%
b1100000000000000000000000000000 q
1+
#337920000
0+
#337940000
0%
b101111111110111011 [
1+
#337960000
0+
#337980000
b101111111110111010 [
b101 m
1%
b11000000000000000000000000000000 q
1+
#338000000
0+
#338020000
0%
b101111111110111001 [
1+
#338040000
0+
#338060000
b101111111110111000 [
b110 m
1%
b10000000000000000000000000000000 q
1#
1+
#338080000
0+
#338100000
0%
b101111111110110111 [
1+
#338120000
0+
#338140000
b101111111110110110 [
b111 m
1%
b0 q
1+
#338160000
0+
#338180000
b0 r
1;
1$
0%
b101111111110110101 [
1+
#338200000
0+
#338220000
b11000111 X
0_
b101111111110110100 [
0;
1+
#338240000
0+
#338260000
1_
1a
1^
b11000111 ]
b11000111 e
b101111111110110011 [
1+
#338280000
0+
#338300000
b101111111110110010 [
0^
0a
b1 r
b0 m
0$
b11000111000000000000000000000000 q
1+
#338320000
0+
#338340000
b1 m
1%
b10001110000000000000000000000000 q
b101111111110110001 [
1+
#338360000
0+
#338380000
b101111111110110000 [
0%
1+
#338400000
0+
#338420000
b10 m
1%
b11100000000000000000000000000 q
b101111111110101111 [
1+
#338440000
0+
#338460000
b101111111110101110 [
0%
1+
#338480000
0+
#338500000
b11 m
1%
b111000000000000000000000000000 q
0#
b101111111110101101 [
1+
#338520000
0+
#338540000
b101111111110101100 [
0%
1+
#338560000
0+
#338580000
b100 m
1%
b1110000000000000000000000000000 q
b101111111110101011 [
1+
#338600000
0+
#338620000
b101111111110101010 [
0%
1+
#338640000
0+
#338660000
b101 m
1%
b11100000000000000000000000000000 q
b101111111110101001 [
1+
#338680000
0+
#338700000
b101111111110101000 [
0%
1+
#338720000
0+
#338740000
b110 m
1%
b11000000000000000000000000000000 q
1#
b101111111110100111 [
1+
#338760000
0+
#338780000
b101111111110100110 [
0%
1+
#338800000
0+
#338820000
b111 m
1%
b10000000000000000000000000000000 q
b101111111110100101 [
1+
#338840000
0+
#338860000
b101111111110100100 [
b0 r
1;
1$
0%
1+
#338880000
0+
#338900000
0;
b11001000 X
0_
b101111111110100011 [
1+
#338920000
0+
#338940000
1_
1a
1^
b11001000 ]
b11001000 e
b101111111110100010 [
1+
#338960000
0+
#338980000
b1 r
b0 m
0$
b11001000000000000000000000000000 q
b101111111110100001 [
0^
0a
1+
#339000000
0+
#339020000
b101111111110100000 [
b1 m
1%
b10010000000000000000000000000000 q
1+
#339040000
0+
#339060000
0%
b101111111110011111 [
1+
#339080000
0+
#339100000
b101111111110011110 [
b10 m
1%
b100000000000000000000000000000 q
1+
#339120000
0+
#339140000
0%
b101111111110011101 [
1+
#339160000
0+
#339180000
b101111111110011100 [
b11 m
1%
b1000000000000000000000000000000 q
0#
1+
#339200000
0+
#339220000
0%
b101111111110011011 [
1+
#339240000
0+
#339260000
b101111111110011010 [
b100 m
1%
b10000000000000000000000000000000 q
1+
#339280000
0+
#339300000
0%
b101111111110011001 [
1+
#339320000
0+
#339340000
b101111111110011000 [
b101 m
1%
b0 q
1#
1+
#339360000
0+
#339380000
0%
b101111111110010111 [
1+
#339400000
0+
#339420000
b101111111110010110 [
b110 m
1%
0#
1+
#339440000
0+
#339460000
0%
b101111111110010101 [
1+
#339480000
0+
#339500000
b101111111110010100 [
b111 m
1%
1+
#339520000
0+
#339540000
b0 r
1;
1$
0%
b101111111110010011 [
1+
#339560000
0+
#339580000
b11001001 X
0_
b101111111110010010 [
1#
0;
1+
#339600000
0+
#339620000
1_
1a
1^
b11001001 ]
b11001001 e
b101111111110010001 [
1+
#339640000
0+
#339660000
b101111111110010000 [
0^
0a
b1 r
b0 m
0$
b11001001000000000000000000000000 q
1+
#339680000
0+
#339700000
b1 m
1%
b10010010000000000000000000000000 q
b101111111110001111 [
1+
#339720000
0+
#339740000
b101111111110001110 [
0%
1+
#339760000
0+
#339780000
b10 m
1%
b100100000000000000000000000000 q
b101111111110001101 [
1+
#339800000
0+
#339820000
b101111111110001100 [
0%
1+
#339840000
0+
#339860000
b11 m
1%
b1001000000000000000000000000000 q
0#
b101111111110001011 [
1+
#339880000
0+
#339900000
b101111111110001010 [
0%
1+
#339920000
0+
#339940000
b100 m
1%
b10010000000000000000000000000000 q
b101111111110001001 [
1+
#339960000
0+
#339980000
b101111111110001000 [
0%
1+
#340000000
0+
#340020000
b101 m
1%
b100000000000000000000000000000 q
1#
b101111111110000111 [
1+
#340040000
0+
#340060000
b101111111110000110 [
0%
1+
#340080000
0+
#340100000
b110 m
1%
b1000000000000000000000000000000 q
0#
b101111111110000101 [
1+
#340120000
0+
#340140000
b101111111110000100 [
0%
1+
#340160000
0+
#340180000
b111 m
1%
b10000000000000000000000000000000 q
b101111111110000011 [
1+
#340200000
0+
#340220000
b101111111110000010 [
b0 r
1;
1$
0%
1+
#340240000
0+
#340260000
1#
0;
b11001010 X
0_
b101111111110000001 [
1+
#340280000
0+
#340300000
1_
1a
1^
b11001010 ]
b11001010 e
b101111111110000000 [
1+
#340320000
0+
#340340000
b1 r
b0 m
0$
b11001010000000000000000000000000 q
b101111111101111111 [
0^
0a
1+
#340360000
0+
#340380000
b101111111101111110 [
b1 m
1%
b10010100000000000000000000000000 q
1+
#340400000
0+
#340420000
0%
b101111111101111101 [
1+
#340440000
0+
#340460000
b101111111101111100 [
b10 m
1%
b101000000000000000000000000000 q
1+
#340480000
0+
#340500000
0%
b101111111101111011 [
1+
#340520000
0+
#340540000
b101111111101111010 [
b11 m
1%
b1010000000000000000000000000000 q
0#
1+
#340560000
0+
#340580000
0%
b101111111101111001 [
1+
#340600000
0+
#340620000
b101111111101111000 [
b100 m
1%
b10100000000000000000000000000000 q
1+
#340640000
0+
#340660000
0%
b101111111101110111 [
1+
#340680000
0+
#340700000
b101111111101110110 [
b101 m
1%
b1000000000000000000000000000000 q
1#
1+
#340720000
0+
#340740000
0%
b101111111101110101 [
1+
#340760000
0+
#340780000
b101111111101110100 [
b110 m
1%
b10000000000000000000000000000000 q
0#
1+
#340800000
0+
#340820000
0%
b101111111101110011 [
1+
#340840000
0+
#340860000
b101111111101110010 [
b111 m
1%
b0 q
1#
1+
#340880000
0+
#340900000
b0 r
1;
1$
0%
b101111111101110001 [
1+
#340920000
0+
#340940000
b11001011 X
0_
b101111111101110000 [
0;
1+
#340960000
0+
#340980000
1_
1a
1^
b11001011 ]
b11001011 e
b101111111101101111 [
1+
#341000000
0+
#341020000
b101111111101101110 [
0^
0a
b1 r
b0 m
0$
b11001011000000000000000000000000 q
1+
#341040000
0+
#341060000
b1 m
1%
b10010110000000000000000000000000 q
b101111111101101101 [
1+
#341080000
0+
#341100000
b101111111101101100 [
0%
1+
#341120000
0+
#341140000
b10 m
1%
b101100000000000000000000000000 q
b101111111101101011 [
1+
#341160000
0+
#341180000
b101111111101101010 [
0%
1+
#341200000
0+
#341220000
b11 m
1%
b1011000000000000000000000000000 q
0#
b101111111101101001 [
1+
#341240000
0+
#341260000
b101111111101101000 [
0%
1+
#341280000
0+
#341300000
b100 m
1%
b10110000000000000000000000000000 q
b101111111101100111 [
1+
#341320000
0+
#341340000
b101111111101100110 [
0%
1+
#341360000
0+
#341380000
b101 m
1%
b1100000000000000000000000000000 q
1#
b101111111101100101 [
1+
#341400000
0+
#341420000
b101111111101100100 [
0%
1+
#341440000
0+
#341460000
b110 m
1%
b11000000000000000000000000000000 q
0#
b101111111101100011 [
1+
#341480000
0+
#341500000
b101111111101100010 [
0%
1+
#341520000
0+
#341540000
b111 m
1%
b10000000000000000000000000000000 q
1#
b101111111101100001 [
1+
#341560000
0+
#341580000
b101111111101100000 [
b0 r
1;
1$
0%
1+
#341600000
0+
#341620000
0;
b11001100 X
0_
b101111111101011111 [
1+
#341640000
0+
#341660000
1_
1a
1^
b11001100 ]
b11001100 e
b101111111101011110 [
1+
#341680000
0+
#341700000
b1 r
b0 m
0$
b11001100000000000000000000000000 q
b101111111101011101 [
0^
0a
1+
#341720000
0+
#341740000
b101111111101011100 [
b1 m
1%
b10011000000000000000000000000000 q
1+
#341760000
0+
#341780000
0%
b101111111101011011 [
1+
#341800000
0+
#341820000
b101111111101011010 [
b10 m
1%
b110000000000000000000000000000 q
1+
#341840000
0+
#341860000
0%
b101111111101011001 [
1+
#341880000
0+
#341900000
b101111111101011000 [
b11 m
1%
b1100000000000000000000000000000 q
0#
1+
#341920000
0+
#341940000
0%
b101111111101010111 [
1+
#341960000
0+
#341980000
b101111111101010110 [
b100 m
1%
b11000000000000000000000000000000 q
1+
#342000000
0+
#342020000
0%
b101111111101010101 [
1+
#342040000
0+
#342060000
b101111111101010100 [
b101 m
1%
b10000000000000000000000000000000 q
1#
1+
#342080000
0+
#342100000
0%
b101111111101010011 [
1+
#342120000
0+
#342140000
b101111111101010010 [
b110 m
1%
b0 q
1+
#342160000
0+
#342180000
0%
b101111111101010001 [
1+
#342200000
0+
#342220000
b101111111101010000 [
b111 m
1%
0#
1+
#342240000
0+
#342260000
b0 r
1;
1$
0%
b101111111101001111 [
1+
#342280000
0+
#342300000
b11001101 X
0_
b101111111101001110 [
1#
0;
1+
#342320000
0+
#342340000
1_
1a
1^
b11001101 ]
b11001101 e
b101111111101001101 [
1+
#342360000
0+
#342380000
b101111111101001100 [
0^
0a
b1 r
b0 m
0$
b11001101000000000000000000000000 q
1+
#342400000
0+
#342420000
b1 m
1%
b10011010000000000000000000000000 q
b101111111101001011 [
1+
#342440000
0+
#342460000
b101111111101001010 [
0%
1+
#342480000
0+
#342500000
b10 m
1%
b110100000000000000000000000000 q
b101111111101001001 [
1+
#342520000
0+
#342540000
b101111111101001000 [
0%
1+
#342560000
0+
#342580000
b11 m
1%
b1101000000000000000000000000000 q
0#
b101111111101000111 [
1+
#342600000
0+
#342620000
b101111111101000110 [
0%
1+
#342640000
0+
#342660000
b100 m
1%
b11010000000000000000000000000000 q
b101111111101000101 [
1+
#342680000
0+
#342700000
b101111111101000100 [
0%
1+
#342720000
0+
#342740000
b101 m
1%
b10100000000000000000000000000000 q
1#
b101111111101000011 [
1+
#342760000
0+
#342780000
b101111111101000010 [
0%
1+
#342800000
0+
#342820000
b110 m
1%
b1000000000000000000000000000000 q
b101111111101000001 [
1+
#342840000
0+
#342860000
b101111111101000000 [
0%
1+
#342880000
0+
#342900000
b111 m
1%
b10000000000000000000000000000000 q
0#
b101111111100111111 [
1+
#342920000
0+
#342940000
b101111111100111110 [
b0 r
1;
1$
0%
1+
#342960000
0+
#342980000
1#
0;
b11001110 X
0_
b101111111100111101 [
1+
#343000000
0+
#343020000
1_
1a
1^
b11001110 ]
b11001110 e
b101111111100111100 [
1+
#343040000
0+
#343060000
b1 r
b0 m
0$
b11001110000000000000000000000000 q
b101111111100111011 [
0^
0a
1+
#343080000
0+
#343100000
b101111111100111010 [
b1 m
1%
b10011100000000000000000000000000 q
1+
#343120000
0+
#343140000
0%
b101111111100111001 [
1+
#343160000
0+
#343180000
b101111111100111000 [
b10 m
1%
b111000000000000000000000000000 q
1+
#343200000
0+
#343220000
0%
b101111111100110111 [
1+
#343240000
0+
#343260000
b101111111100110110 [
b11 m
1%
b1110000000000000000000000000000 q
0#
1+
#343280000
0+
#343300000
0%
b101111111100110101 [
1+
#343320000
0+
#343340000
b101111111100110100 [
b100 m
1%
b11100000000000000000000000000000 q
1+
#343360000
0+
#343380000
0%
b101111111100110011 [
1+
#343400000
0+
#343420000
b101111111100110010 [
b101 m
1%
b11000000000000000000000000000000 q
1#
1+
#343440000
0+
#343460000
0%
b101111111100110001 [
1+
#343480000
0+
#343500000
b101111111100110000 [
b110 m
1%
b10000000000000000000000000000000 q
1+
#343520000
0+
#343540000
0%
b101111111100101111 [
1+
#343560000
0+
#343580000
b101111111100101110 [
b111 m
1%
b0 q
1+
#343600000
0+
#343620000
b0 r
1;
1$
0%
b101111111100101101 [
1+
#343640000
0+
#343660000
b11001111 X
0_
b101111111100101100 [
0;
1+
#343680000
0+
#343700000
1_
1a
1^
b11001111 ]
b11001111 e
b101111111100101011 [
1+
#343720000
0+
#343740000
b101111111100101010 [
0^
0a
b1 r
b0 m
0$
b11001111000000000000000000000000 q
1+
#343760000
0+
#343780000
b1 m
1%
b10011110000000000000000000000000 q
b101111111100101001 [
1+
#343800000
0+
#343820000
b101111111100101000 [
0%
1+
#343840000
0+
#343860000
b10 m
1%
b111100000000000000000000000000 q
b101111111100100111 [
1+
#343880000
0+
#343900000
b101111111100100110 [
0%
1+
#343920000
0+
#343940000
b11 m
1%
b1111000000000000000000000000000 q
0#
b101111111100100101 [
1+
#343960000
0+
#343980000
b101111111100100100 [
0%
1+
#344000000
0+
#344020000
b100 m
1%
b11110000000000000000000000000000 q
b101111111100100011 [
1+
#344040000
0+
#344060000
b101111111100100010 [
0%
1+
#344080000
0+
#344100000
b101 m
1%
b11100000000000000000000000000000 q
1#
b101111111100100001 [
1+
#344120000
0+
#344140000
b101111111100100000 [
0%
1+
#344160000
0+
#344180000
b110 m
1%
b11000000000000000000000000000000 q
b101111111100011111 [
1+
#344200000
0+
#344220000
b101111111100011110 [
0%
1+
#344240000
0+
#344260000
b111 m
1%
b10000000000000000000000000000000 q
b101111111100011101 [
1+
#344280000
0+
#344300000
b101111111100011100 [
b0 r
1;
1$
0%
1+
#344320000
0+
#344340000
0;
b11010000 X
0_
b101111111100011011 [
1+
#344360000
0+
#344380000
1_
1a
1^
b11010000 ]
b11010000 e
b101111111100011010 [
1+
#344400000
0+
#344420000
b1 r
b0 m
0$
b11010000000000000000000000000000 q
b101111111100011001 [
0^
0a
1+
#344440000
0+
#344460000
b101111111100011000 [
b1 m
1%
b10100000000000000000000000000000 q
1+
#344480000
0+
#344500000
0%
b101111111100010111 [
1+
#344520000
0+
#344540000
b101111111100010110 [
b10 m
1%
b1000000000000000000000000000000 q
1+
#344560000
0+
#344580000
0%
b101111111100010101 [
1+
#344600000
0+
#344620000
b101111111100010100 [
b11 m
1%
b10000000000000000000000000000000 q
0#
1+
#344640000
0+
#344660000
0%
b101111111100010011 [
1+
#344680000
0+
#344700000
b101111111100010010 [
b100 m
1%
b0 q
1#
1+
#344720000
0+
#344740000
0%
b101111111100010001 [
1+
#344760000
0+
#344780000
b101111111100010000 [
b101 m
1%
0#
1+
#344800000
0+
#344820000
0%
b101111111100001111 [
1+
#344840000
0+
#344860000
b101111111100001110 [
b110 m
1%
1+
#344880000
0+
#344900000
0%
b101111111100001101 [
1+
#344920000
0+
#344940000
b101111111100001100 [
b111 m
1%
1+
#344960000
0+
#344980000
b0 r
1;
1$
0%
b101111111100001011 [
1+
#345000000
0+
#345020000
b11010001 X
0_
b101111111100001010 [
1#
0;
1+
#345040000
0+
#345060000
1_
1a
1^
b11010001 ]
b11010001 e
b101111111100001001 [
1+
#345080000
0+
#345100000
b101111111100001000 [
0^
0a
b1 r
b0 m
0$
b11010001000000000000000000000000 q
1+
#345120000
0+
#345140000
b1 m
1%
b10100010000000000000000000000000 q
b101111111100000111 [
1+
#345160000
0+
#345180000
b101111111100000110 [
0%
1+
#345200000
0+
#345220000
b10 m
1%
b1000100000000000000000000000000 q
b101111111100000101 [
1+
#345240000
0+
#345260000
b101111111100000100 [
0%
1+
#345280000
0+
#345300000
b11 m
1%
b10001000000000000000000000000000 q
0#
b101111111100000011 [
1+
#345320000
0+
#345340000
b101111111100000010 [
0%
1+
#345360000
0+
#345380000
b100 m
1%
b10000000000000000000000000000 q
1#
b101111111100000001 [
1+
#345400000
0+
#345420000
b101111111100000000 [
0%
1+
#345440000
0+
#345460000
b101 m
1%
b100000000000000000000000000000 q
0#
b101111111011111111 [
1+
#345480000
0+
#345500000
b101111111011111110 [
0%
1+
#345520000
0+
#345540000
b110 m
1%
b1000000000000000000000000000000 q
b101111111011111101 [
1+
#345560000
0+
#345580000
b101111111011111100 [
0%
1+
#345600000
0+
#345620000
b111 m
1%
b10000000000000000000000000000000 q
b101111111011111011 [
1+
#345640000
0+
#345660000
b101111111011111010 [
b0 r
1;
1$
0%
1+
#345680000
0+
#345700000
1#
0;
b11010010 X
0_
b101111111011111001 [
1+
#345720000
0+
#345740000
1_
1a
1^
b11010010 ]
b11010010 e
b101111111011111000 [
1+
#345760000
0+
#345780000
b1 r
b0 m
0$
b11010010000000000000000000000000 q
b101111111011110111 [
0^
0a
1+
#345800000
0+
#345820000
b101111111011110110 [
b1 m
1%
b10100100000000000000000000000000 q
1+
#345840000
0+
#345860000
0%
b101111111011110101 [
1+
#345880000
0+
#345900000
b101111111011110100 [
b10 m
1%
b1001000000000000000000000000000 q
1+
#345920000
0+
#345940000
0%
b101111111011110011 [
1+
#345960000
0+
#345980000
b101111111011110010 [
b11 m
1%
b10010000000000000000000000000000 q
0#
1+
#346000000
0+
#346020000
0%
b101111111011110001 [
1+
#346040000
0+
#346060000
b101111111011110000 [
b100 m
1%
b100000000000000000000000000000 q
1#
1+
#346080000
0+
#346100000
0%
b101111111011101111 [
1+
#346120000
0+
#346140000
b101111111011101110 [
b101 m
1%
b1000000000000000000000000000000 q
0#
1+
#346160000
0+
#346180000
0%
b101111111011101101 [
1+
#346200000
0+
#346220000
b101111111011101100 [
b110 m
1%
b10000000000000000000000000000000 q
1+
#346240000
0+
#346260000
0%
b101111111011101011 [
1+
#346280000
0+
#346300000
b101111111011101010 [
b111 m
1%
b0 q
1#
1+
#346320000
0+
#346340000
b0 r
1;
1$
0%
b101111111011101001 [
1+
#346360000
0+
#346380000
b11010011 X
0_
b101111111011101000 [
0;
1+
#346400000
0+
#346420000
1_
1a
1^
b11010011 ]
b11010011 e
b101111111011100111 [
1+
#346440000
0+
#346460000
b101111111011100110 [
0^
0a
b1 r
b0 m
0$
b11010011000000000000000000000000 q
1+
#346480000
0+
#346500000
b1 m
1%
b10100110000000000000000000000000 q
b101111111011100101 [
1+
#346520000
0+
#346540000
b101111111011100100 [
0%
1+
#346560000
0+
#346580000
b10 m
1%
b1001100000000000000000000000000 q
b101111111011100011 [
1+
#346600000
0+
#346620000
b101111111011100010 [
0%
1+
#346640000
0+
#346660000
b11 m
1%
b10011000000000000000000000000000 q
0#
b101111111011100001 [
1+
#346680000
0+
#346700000
b101111111011100000 [
0%
1+
#346720000
0+
#346740000
b100 m
1%
b110000000000000000000000000000 q
1#
b101111111011011111 [
1+
#346760000
0+
#346780000
b101111111011011110 [
0%
1+
#346800000
0+
#346820000
b101 m
1%
b1100000000000000000000000000000 q
0#
b101111111011011101 [
1+
#346840000
0+
#346860000
b101111111011011100 [
0%
1+
#346880000
0+
#346900000
b110 m
1%
b11000000000000000000000000000000 q
b101111111011011011 [
1+
#346920000
0+
#346940000
b101111111011011010 [
0%
1+
#346960000
0+
#346980000
b111 m
1%
b10000000000000000000000000000000 q
1#
b101111111011011001 [
1+
#347000000
0+
#347020000
b101111111011011000 [
b0 r
1;
1$
0%
1+
#347040000
0+
#347060000
0;
b11010100 X
0_
b101111111011010111 [
1+
#347080000
0+
#347100000
1_
1a
1^
b11010100 ]
b11010100 e
b101111111011010110 [
1+
#347120000
0+
#347140000
b1 r
b0 m
0$
b11010100000000000000000000000000 q
b101111111011010101 [
0^
0a
1+
#347160000
0+
#347180000
b101111111011010100 [
b1 m
1%
b10101000000000000000000000000000 q
1+
#347200000
0+
#347220000
0%
b101111111011010011 [
1+
#347240000
0+
#347260000
b101111111011010010 [
b10 m
1%
b1010000000000000000000000000000 q
1+
#347280000
0+
#347300000
0%
b101111111011010001 [
1+
#347320000
0+
#347340000
b101111111011010000 [
b11 m
1%
b10100000000000000000000000000000 q
0#
1+
#347360000
0+
#347380000
0%
b101111111011001111 [
1+
#347400000
0+
#347420000
b101111111011001110 [
b100 m
1%
b1000000000000000000000000000000 q
1#
1+
#347440000
0+
#347460000
0%
b101111111011001101 [
1+
#347480000
0+
#347500000
b101111111011001100 [
b101 m
1%
b10000000000000000000000000000000 q
0#
1+
#347520000
0+
#347540000
0%
b101111111011001011 [
1+
#347560000
0+
#347580000
b101111111011001010 [
b110 m
1%
b0 q
1#
1+
#347600000
0+
#347620000
0%
b101111111011001001 [
1+
#347640000
0+
#347660000
b101111111011001000 [
b111 m
1%
0#
1+
#347680000
0+
#347700000
b0 r
1;
1$
0%
b101111111011000111 [
1+
#347720000
0+
#347740000
b11010101 X
0_
b101111111011000110 [
1#
0;
1+
#347760000
0+
#347780000
1_
1a
1^
b11010101 ]
b11010101 e
b101111111011000101 [
1+
#347800000
0+
#347820000
b101111111011000100 [
0^
0a
b1 r
b0 m
0$
b11010101000000000000000000000000 q
1+
#347840000
0+
#347860000
b1 m
1%
b10101010000000000000000000000000 q
b101111111011000011 [
1+
#347880000
0+
#347900000
b101111111011000010 [
0%
1+
#347920000
0+
#347940000
b10 m
1%
b1010100000000000000000000000000 q
b101111111011000001 [
1+
#347960000
0+
#347980000
b101111111011000000 [
0%
1+
#348000000
0+
#348020000
b11 m
1%
b10101000000000000000000000000000 q
0#
b101111111010111111 [
1+
#348040000
0+
#348060000
b101111111010111110 [
0%
1+
#348080000
0+
#348100000
b100 m
1%
b1010000000000000000000000000000 q
1#
b101111111010111101 [
1+
#348120000
0+
#348140000
b101111111010111100 [
0%
1+
#348160000
0+
#348180000
b101 m
1%
b10100000000000000000000000000000 q
0#
b101111111010111011 [
1+
#348200000
0+
#348220000
b101111111010111010 [
0%
1+
#348240000
0+
#348260000
b110 m
1%
b1000000000000000000000000000000 q
1#
b101111111010111001 [
1+
#348280000
0+
#348300000
b101111111010111000 [
0%
1+
#348320000
0+
#348340000
b111 m
1%
b10000000000000000000000000000000 q
0#
b101111111010110111 [
1+
#348360000
0+
#348380000
b101111111010110110 [
b0 r
1;
1$
0%
1+
#348400000
0+
#348420000
1#
0;
b11010110 X
0_
b101111111010110101 [
1+
#348440000
0+
#348460000
1_
1a
1^
b11010110 ]
b11010110 e
b101111111010110100 [
1+
#348480000
0+
#348500000
b1 r
b0 m
0$
b11010110000000000000000000000000 q
b101111111010110011 [
0^
0a
1+
#348520000
0+
#348540000
b101111111010110010 [
b1 m
1%
b10101100000000000000000000000000 q
1+
#348560000
0+
#348580000
0%
b101111111010110001 [
1+
#348600000
0+
#348620000
b101111111010110000 [
b10 m
1%
b1011000000000000000000000000000 q
1+
#348640000
0+
#348660000
0%
b101111111010101111 [
1+
#348680000
0+
#348700000
b101111111010101110 [
b11 m
1%
b10110000000000000000000000000000 q
0#
1+
#348720000
0+
#348740000
0%
b101111111010101101 [
1+
#348760000
0+
#348780000
b101111111010101100 [
b100 m
1%
b1100000000000000000000000000000 q
1#
1+
#348800000
0+
#348820000
0%
b101111111010101011 [
1+
#348840000
0+
#348860000
b101111111010101010 [
b101 m
1%
b11000000000000000000000000000000 q
0#
1+
#348880000
0+
#348900000
0%
b101111111010101001 [
1+
#348920000
0+
#348940000
b101111111010101000 [
b110 m
1%
b10000000000000000000000000000000 q
1#
1+
#348960000
0+
#348980000
0%
b101111111010100111 [
1+
#349000000
0+
#349020000
b101111111010100110 [
b111 m
1%
b0 q
1+
#349040000
0+
#349060000
b0 r
1;
1$
0%
b101111111010100101 [
1+
#349080000
0+
#349100000
b11010111 X
0_
b101111111010100100 [
0;
1+
#349120000
0+
#349140000
1_
1a
1^
b11010111 ]
b11010111 e
b101111111010100011 [
1+
#349160000
0+
#349180000
b101111111010100010 [
0^
0a
b1 r
b0 m
0$
b11010111000000000000000000000000 q
1+
#349200000
0+
#349220000
b1 m
1%
b10101110000000000000000000000000 q
b101111111010100001 [
1+
#349240000
0+
#349260000
b101111111010100000 [
0%
1+
#349280000
0+
#349300000
b10 m
1%
b1011100000000000000000000000000 q
b101111111010011111 [
1+
#349320000
0+
#349340000
b101111111010011110 [
0%
1+
#349360000
0+
#349380000
b11 m
1%
b10111000000000000000000000000000 q
0#
b101111111010011101 [
1+
#349400000
0+
#349420000
b101111111010011100 [
0%
1+
#349440000
0+
#349460000
b100 m
1%
b1110000000000000000000000000000 q
1#
b101111111010011011 [
1+
#349480000
0+
#349500000
b101111111010011010 [
0%
1+
#349520000
0+
#349540000
b101 m
1%
b11100000000000000000000000000000 q
0#
b101111111010011001 [
1+
#349560000
0+
#349580000
b101111111010011000 [
0%
1+
#349600000
0+
#349620000
b110 m
1%
b11000000000000000000000000000000 q
1#
b101111111010010111 [
1+
#349640000
0+
#349660000
b101111111010010110 [
0%
1+
#349680000
0+
#349700000
b111 m
1%
b10000000000000000000000000000000 q
b101111111010010101 [
1+
#349720000
0+
#349740000
b101111111010010100 [
b0 r
1;
1$
0%
1+
#349760000
0+
#349780000
0;
b11011000 X
0_
b101111111010010011 [
1+
#349800000
0+
#349820000
1_
1a
1^
b11011000 ]
b11011000 e
b101111111010010010 [
1+
#349840000
0+
#349860000
b1 r
b0 m
0$
b11011000000000000000000000000000 q
b101111111010010001 [
0^
0a
1+
#349880000
0+
#349900000
b101111111010010000 [
b1 m
1%
b10110000000000000000000000000000 q
1+
#349920000
0+
#349940000
0%
b101111111010001111 [
1+
#349960000
0+
#349980000
b101111111010001110 [
b10 m
1%
b1100000000000000000000000000000 q
1+
#350000000
0+
#350020000
0%
b101111111010001101 [
1+
#350040000
0+
#350060000
b101111111010001100 [
b11 m
1%
b11000000000000000000000000000000 q
0#
1+
#350080000
0+
#350100000
0%
b101111111010001011 [
1+
#350120000
0+
#350140000
b101111111010001010 [
b100 m
1%
b10000000000000000000000000000000 q
1#
1+
#350160000
0+
#350180000
0%
b101111111010001001 [
1+
#350200000
0+
#350220000
b101111111010001000 [
b101 m
1%
b0 q
1+
#350240000
0+
#350260000
0%
b101111111010000111 [
1+
#350280000
0+
#350300000
b101111111010000110 [
b110 m
1%
0#
1+
#350320000
0+
#350340000
0%
b101111111010000101 [
1+
#350360000
0+
#350380000
b101111111010000100 [
b111 m
1%
1+
#350400000
0+
#350420000
b0 r
1;
1$
0%
b101111111010000011 [
1+
#350440000
0+
#350460000
b11011001 X
0_
b101111111010000010 [
1#
0;
1+
#350480000
0+
#350500000
1_
1a
1^
b11011001 ]
b11011001 e
b101111111010000001 [
1+
#350520000
0+
#350540000
b101111111010000000 [
0^
0a
b1 r
b0 m
0$
b11011001000000000000000000000000 q
1+
#350560000
0+
#350580000
b1 m
1%
b10110010000000000000000000000000 q
b101111111001111111 [
1+
#350600000
0+
#350620000
b101111111001111110 [
0%
1+
#350640000
0+
#350660000
b10 m
1%
b1100100000000000000000000000000 q
b101111111001111101 [
1+
#350680000
0+
#350700000
b101111111001111100 [
0%
1+
#350720000
0+
#350740000
b11 m
1%
b11001000000000000000000000000000 q
0#
b101111111001111011 [
1+
#350760000
0+
#350780000
b101111111001111010 [
0%
1+
#350800000
0+
#350820000
b100 m
1%
b10010000000000000000000000000000 q
1#
b101111111001111001 [
1+
#350840000
0+
#350860000
b101111111001111000 [
0%
1+
#350880000
0+
#350900000
b101 m
1%
b100000000000000000000000000000 q
b101111111001110111 [
1+
#350920000
0+
#350940000
b101111111001110110 [
0%
1+
#350960000
0+
#350980000
b110 m
1%
b1000000000000000000000000000000 q
0#
b101111111001110101 [
1+
#351000000
0+
#351020000
b101111111001110100 [
0%
1+
#351040000
0+
#351060000
b111 m
1%
b10000000000000000000000000000000 q
b101111111001110011 [
1+
#351080000
0+
#351100000
b101111111001110010 [
b0 r
1;
1$
0%
1+
#351120000
0+
#351140000
1#
0;
b11011010 X
0_
b101111111001110001 [
1+
#351160000
0+
#351180000
1_
1a
1^
b11011010 ]
b11011010 e
b101111111001110000 [
1+
#351200000
0+
#351220000
b1 r
b0 m
0$
b11011010000000000000000000000000 q
b101111111001101111 [
0^
0a
1+
#351240000
0+
#351260000
b101111111001101110 [
b1 m
1%
b10110100000000000000000000000000 q
1+
#351280000
0+
#351300000
0%
b101111111001101101 [
1+
#351320000
0+
#351340000
b101111111001101100 [
b10 m
1%
b1101000000000000000000000000000 q
1+
#351360000
0+
#351380000
0%
b101111111001101011 [
1+
#351400000
0+
#351420000
b101111111001101010 [
b11 m
1%
b11010000000000000000000000000000 q
0#
1+
#351440000
0+
#351460000
0%
b101111111001101001 [
1+
#351480000
0+
#351500000
b101111111001101000 [
b100 m
1%
b10100000000000000000000000000000 q
1#
1+
#351520000
0+
#351540000
0%
b101111111001100111 [
1+
#351560000
0+
#351580000
b101111111001100110 [
b101 m
1%
b1000000000000000000000000000000 q
1+
#351600000
0+
#351620000
0%
b101111111001100101 [
1+
#351640000
0+
#351660000
b101111111001100100 [
b110 m
1%
b10000000000000000000000000000000 q
0#
1+
#351680000
0+
#351700000
0%
b101111111001100011 [
1+
#351720000
0+
#351740000
b101111111001100010 [
b111 m
1%
b0 q
1#
1+
#351760000
0+
#351780000
b0 r
1;
1$
0%
b101111111001100001 [
1+
#351800000
0+
#351820000
b11011011 X
0_
b101111111001100000 [
0;
1+
#351840000
0+
#351860000
1_
1a
1^
b11011011 ]
b11011011 e
b101111111001011111 [
1+
#351880000
0+
#351900000
b101111111001011110 [
0^
0a
b1 r
b0 m
0$
b11011011000000000000000000000000 q
1+
#351920000
0+
#351940000
b1 m
1%
b10110110000000000000000000000000 q
b101111111001011101 [
1+
#351960000
0+
#351980000
b101111111001011100 [
0%
1+
#352000000
0+
#352020000
b10 m
1%
b1101100000000000000000000000000 q
b101111111001011011 [
1+
#352040000
0+
#352060000
b101111111001011010 [
0%
1+
#352080000
0+
#352100000
b11 m
1%
b11011000000000000000000000000000 q
0#
b101111111001011001 [
1+
#352120000
0+
#352140000
b101111111001011000 [
0%
1+
#352160000
0+
#352180000
b100 m
1%
b10110000000000000000000000000000 q
1#
b101111111001010111 [
1+
#352200000
0+
#352220000
b101111111001010110 [
0%
1+
#352240000
0+
#352260000
b101 m
1%
b1100000000000000000000000000000 q
b101111111001010101 [
1+
#352280000
0+
#352300000
b101111111001010100 [
0%
1+
#352320000
0+
#352340000
b110 m
1%
b11000000000000000000000000000000 q
0#
b101111111001010011 [
1+
#352360000
0+
#352380000
b101111111001010010 [
0%
1+
#352400000
0+
#352420000
b111 m
1%
b10000000000000000000000000000000 q
1#
b101111111001010001 [
1+
#352440000
0+
#352460000
b101111111001010000 [
b0 r
1;
1$
0%
1+
#352480000
0+
#352500000
0;
b11011100 X
0_
b101111111001001111 [
1+
#352520000
0+
#352540000
1_
1a
1^
b11011100 ]
b11011100 e
b101111111001001110 [
1+
#352560000
0+
#352580000
b1 r
b0 m
0$
b11011100000000000000000000000000 q
b101111111001001101 [
0^
0a
1+
#352600000
0+
#352620000
b101111111001001100 [
b1 m
1%
b10111000000000000000000000000000 q
1+
#352640000
0+
#352660000
0%
b101111111001001011 [
1+
#352680000
0+
#352700000
b101111111001001010 [
b10 m
1%
b1110000000000000000000000000000 q
1+
#352720000
0+
#352740000
0%
b101111111001001001 [
1+
#352760000
0+
#352780000
b101111111001001000 [
b11 m
1%
b11100000000000000000000000000000 q
0#
1+
#352800000
0+
#352820000
0%
b101111111001000111 [
1+
#352840000
0+
#352860000
b101111111001000110 [
b100 m
1%
b11000000000000000000000000000000 q
1#
1+
#352880000
0+
#352900000
0%
b101111111001000101 [
1+
#352920000
0+
#352940000
b101111111001000100 [
b101 m
1%
b10000000000000000000000000000000 q
1+
#352960000
0+
#352980000
0%
b101111111001000011 [
1+
#353000000
0+
#353020000
b101111111001000010 [
b110 m
1%
b0 q
1+
#353040000
0+
#353060000
0%
b101111111001000001 [
1+
#353080000
0+
#353100000
b101111111001000000 [
b111 m
1%
0#
1+
#353120000
0+
#353140000
b0 r
1;
1$
0%
b101111111000111111 [
1+
#353160000
0+
#353180000
b11011101 X
0_
b101111111000111110 [
1#
0;
1+
#353200000
0+
#353220000
1_
1a
1^
b11011101 ]
b11011101 e
b101111111000111101 [
1+
#353240000
0+
#353260000
b101111111000111100 [
0^
0a
b1 r
b0 m
0$
b11011101000000000000000000000000 q
1+
#353280000
0+
#353300000
b1 m
1%
b10111010000000000000000000000000 q
b101111111000111011 [
1+
#353320000
0+
#353340000
b101111111000111010 [
0%
1+
#353360000
0+
#353380000
b10 m
1%
b1110100000000000000000000000000 q
b101111111000111001 [
1+
#353400000
0+
#353420000
b101111111000111000 [
0%
1+
#353440000
0+
#353460000
b11 m
1%
b11101000000000000000000000000000 q
0#
b101111111000110111 [
1+
#353480000
0+
#353500000
b101111111000110110 [
0%
1+
#353520000
0+
#353540000
b100 m
1%
b11010000000000000000000000000000 q
1#
b101111111000110101 [
1+
#353560000
0+
#353580000
b101111111000110100 [
0%
1+
#353600000
0+
#353620000
b101 m
1%
b10100000000000000000000000000000 q
b101111111000110011 [
1+
#353640000
0+
#353660000
b101111111000110010 [
0%
1+
#353680000
0+
#353700000
b110 m
1%
b1000000000000000000000000000000 q
b101111111000110001 [
1+
#353720000
0+
#353740000
b101111111000110000 [
0%
1+
#353760000
0+
#353780000
b111 m
1%
b10000000000000000000000000000000 q
0#
b101111111000101111 [
1+
#353800000
0+
#353820000
b101111111000101110 [
b0 r
1;
1$
0%
1+
#353840000
0+
#353860000
1#
0;
b11011110 X
0_
b101111111000101101 [
1+
#353880000
0+
#353900000
1_
1a
1^
b11011110 ]
b11011110 e
b101111111000101100 [
1+
#353920000
0+
#353940000
b1 r
b0 m
0$
b11011110000000000000000000000000 q
b101111111000101011 [
0^
0a
1+
#353960000
0+
#353980000
b101111111000101010 [
b1 m
1%
b10111100000000000000000000000000 q
1+
#354000000
0+
#354020000
0%
b101111111000101001 [
1+
#354040000
0+
#354060000
b101111111000101000 [
b10 m
1%
b1111000000000000000000000000000 q
1+
#354080000
0+
#354100000
0%
b101111111000100111 [
1+
#354120000
0+
#354140000
b101111111000100110 [
b11 m
1%
b11110000000000000000000000000000 q
0#
1+
#354160000
0+
#354180000
0%
b101111111000100101 [
1+
#354200000
0+
#354220000
b101111111000100100 [
b100 m
1%
b11100000000000000000000000000000 q
1#
1+
#354240000
0+
#354260000
0%
b101111111000100011 [
1+
#354280000
0+
#354300000
b101111111000100010 [
b101 m
1%
b11000000000000000000000000000000 q
1+
#354320000
0+
#354340000
0%
b101111111000100001 [
1+
#354360000
0+
#354380000
b101111111000100000 [
b110 m
1%
b10000000000000000000000000000000 q
1+
#354400000
0+
#354420000
0%
b101111111000011111 [
1+
#354440000
0+
#354460000
b101111111000011110 [
b111 m
1%
b0 q
1+
#354480000
0+
#354500000
b0 r
1;
1$
0%
b101111111000011101 [
1+
#354520000
0+
#354540000
b11011111 X
0_
b101111111000011100 [
0;
1+
#354560000
0+
#354580000
1_
1a
1^
b11011111 ]
b11011111 e
b101111111000011011 [
1+
#354600000
0+
#354620000
b101111111000011010 [
0^
0a
b1 r
b0 m
0$
b11011111000000000000000000000000 q
1+
#354640000
0+
#354660000
b1 m
1%
b10111110000000000000000000000000 q
b101111111000011001 [
1+
#354680000
0+
#354700000
b101111111000011000 [
0%
1+
#354720000
0+
#354740000
b10 m
1%
b1111100000000000000000000000000 q
b101111111000010111 [
1+
#354760000
0+
#354780000
b101111111000010110 [
0%
1+
#354800000
0+
#354820000
b11 m
1%
b11111000000000000000000000000000 q
0#
b101111111000010101 [
1+
#354840000
0+
#354860000
b101111111000010100 [
0%
1+
#354880000
0+
#354900000
b100 m
1%
b11110000000000000000000000000000 q
1#
b101111111000010011 [
1+
#354920000
0+
#354940000
b101111111000010010 [
0%
1+
#354960000
0+
#354980000
b101 m
1%
b11100000000000000000000000000000 q
b101111111000010001 [
1+
#355000000
0+
#355020000
b101111111000010000 [
0%
1+
#355040000
0+
#355060000
b110 m
1%
b11000000000000000000000000000000 q
b101111111000001111 [
1+
#355080000
0+
#355100000
b101111111000001110 [
0%
1+
#355120000
0+
#355140000
b111 m
1%
b10000000000000000000000000000000 q
b101111111000001101 [
1+
#355160000
0+
#355180000
b101111111000001100 [
b0 r
1;
1$
0%
1+
#355200000
0+
#355220000
0;
b11100000 X
0_
b101111111000001011 [
1+
#355240000
0+
#355260000
1_
1a
1^
b11100000 ]
b11100000 e
b101111111000001010 [
1+
#355280000
0+
#355300000
b1 r
b0 m
0$
b11100000000000000000000000000000 q
b101111111000001001 [
0^
0a
1+
#355320000
0+
#355340000
b101111111000001000 [
b1 m
1%
b11000000000000000000000000000000 q
1+
#355360000
0+
#355380000
0%
b101111111000000111 [
1+
#355400000
0+
#355420000
b101111111000000110 [
b10 m
1%
b10000000000000000000000000000000 q
1+
#355440000
0+
#355460000
0%
b101111111000000101 [
1+
#355480000
0+
#355500000
b101111111000000100 [
b11 m
1%
b0 q
1+
#355520000
0+
#355540000
0%
b101111111000000011 [
1+
#355560000
0+
#355580000
b101111111000000010 [
b100 m
1%
0#
1+
#355600000
0+
#355620000
0%
b101111111000000001 [
1+
#355640000
0+
#355660000
b101111111000000000 [
b101 m
1%
1+
#355680000
0+
#355700000
0%
b101111110111111111 [
1+
#355720000
0+
#355740000
b101111110111111110 [
b110 m
1%
1+
#355760000
0+
#355780000
0%
b101111110111111101 [
1+
#355800000
0+
#355820000
b101111110111111100 [
b111 m
1%
1+
#355840000
0+
#355860000
b0 r
1;
1$
0%
b101111110111111011 [
1+
#355880000
0+
#355900000
b11100001 X
0_
b101111110111111010 [
1#
0;
1+
#355920000
0+
#355940000
1_
1a
1^
b11100001 ]
b11100001 e
b101111110111111001 [
1+
#355960000
0+
#355980000
b101111110111111000 [
0^
0a
b1 r
b0 m
0$
b11100001000000000000000000000000 q
1+
#356000000
0+
#356020000
b1 m
1%
b11000010000000000000000000000000 q
b101111110111110111 [
1+
#356040000
0+
#356060000
b101111110111110110 [
0%
1+
#356080000
0+
#356100000
b10 m
1%
b10000100000000000000000000000000 q
b101111110111110101 [
1+
#356120000
0+
#356140000
b101111110111110100 [
0%
1+
#356160000
0+
#356180000
b11 m
1%
b1000000000000000000000000000 q
b101111110111110011 [
1+
#356200000
0+
#356220000
b101111110111110010 [
0%
1+
#356240000
0+
#356260000
b100 m
1%
b10000000000000000000000000000 q
0#
b101111110111110001 [
1+
#356280000
0+
#356300000
b101111110111110000 [
0%
1+
#356320000
0+
#356340000
b101 m
1%
b100000000000000000000000000000 q
b101111110111101111 [
1+
#356360000
0+
#356380000
b101111110111101110 [
0%
1+
#356400000
0+
#356420000
b110 m
1%
b1000000000000000000000000000000 q
b101111110111101101 [
1+
#356440000
0+
#356460000
b101111110111101100 [
0%
1+
#356480000
0+
#356500000
b111 m
1%
b10000000000000000000000000000000 q
b101111110111101011 [
1+
#356520000
0+
#356540000
b101111110111101010 [
b0 r
1;
1$
0%
1+
#356560000
0+
#356580000
1#
0;
b11100010 X
0_
b101111110111101001 [
1+
#356600000
0+
#356620000
1_
1a
1^
b11100010 ]
b11100010 e
b101111110111101000 [
1+
#356640000
0+
#356660000
b1 r
b0 m
0$
b11100010000000000000000000000000 q
b101111110111100111 [
0^
0a
1+
#356680000
0+
#356700000
b101111110111100110 [
b1 m
1%
b11000100000000000000000000000000 q
1+
#356720000
0+
#356740000
0%
b101111110111100101 [
1+
#356760000
0+
#356780000
b101111110111100100 [
b10 m
1%
b10001000000000000000000000000000 q
1+
#356800000
0+
#356820000
0%
b101111110111100011 [
1+
#356840000
0+
#356860000
b101111110111100010 [
b11 m
1%
b10000000000000000000000000000 q
1+
#356880000
0+
#356900000
0%
b101111110111100001 [
1+
#356920000
0+
#356940000
b101111110111100000 [
b100 m
1%
b100000000000000000000000000000 q
0#
1+
#356960000
0+
#356980000
0%
b101111110111011111 [
1+
#357000000
0+
#357020000
b101111110111011110 [
b101 m
1%
b1000000000000000000000000000000 q
1+
#357040000
0+
#357060000
0%
b101111110111011101 [
1+
#357080000
0+
#357100000
b101111110111011100 [
b110 m
1%
b10000000000000000000000000000000 q
1+
#357120000
0+
#357140000
0%
b101111110111011011 [
1+
#357160000
0+
#357180000
b101111110111011010 [
b111 m
1%
b0 q
1#
1+
#357200000
0+
#357220000
b0 r
1;
1$
0%
b101111110111011001 [
1+
#357240000
0+
#357260000
b11100011 X
0_
b101111110111011000 [
0;
1+
#357280000
0+
#357300000
1_
1a
1^
b11100011 ]
b11100011 e
b101111110111010111 [
1+
#357320000
0+
#357340000
b101111110111010110 [
0^
0a
b1 r
b0 m
0$
b11100011000000000000000000000000 q
1+
#357360000
0+
#357380000
b1 m
1%
b11000110000000000000000000000000 q
b101111110111010101 [
1+
#357400000
0+
#357420000
b101111110111010100 [
0%
1+
#357440000
0+
#357460000
b10 m
1%
b10001100000000000000000000000000 q
b101111110111010011 [
1+
#357480000
0+
#357500000
b101111110111010010 [
0%
1+
#357520000
0+
#357540000
b11 m
1%
b11000000000000000000000000000 q
b101111110111010001 [
1+
#357560000
0+
#357580000
b101111110111010000 [
0%
1+
#357600000
0+
#357620000
b100 m
1%
b110000000000000000000000000000 q
0#
b101111110111001111 [
1+
#357640000
0+
#357660000
b101111110111001110 [
0%
1+
#357680000
0+
#357700000
b101 m
1%
b1100000000000000000000000000000 q
b101111110111001101 [
1+
#357720000
0+
#357740000
b101111110111001100 [
0%
1+
#357760000
0+
#357780000
b110 m
1%
b11000000000000000000000000000000 q
b101111110111001011 [
1+
#357800000
0+
#357820000
b101111110111001010 [
0%
1+
#357840000
0+
#357860000
b111 m
1%
b10000000000000000000000000000000 q
1#
b101111110111001001 [
1+
#357880000
0+
#357900000
b101111110111001000 [
b0 r
1;
1$
0%
1+
#357920000
0+
#357940000
0;
b11100100 X
0_
b101111110111000111 [
1+
#357960000
0+
#357980000
1_
1a
1^
b11100100 ]
b11100100 e
b101111110111000110 [
1+
#358000000
0+
#358020000
b1 r
b0 m
0$
b11100100000000000000000000000000 q
b101111110111000101 [
0^
0a
1+
#358040000
0+
#358060000
b101111110111000100 [
b1 m
1%
b11001000000000000000000000000000 q
1+
#358080000
0+
#358100000
0%
b101111110111000011 [
1+
#358120000
0+
#358140000
b101111110111000010 [
b10 m
1%
b10010000000000000000000000000000 q
1+
#358160000
0+
#358180000
0%
b101111110111000001 [
1+
#358200000
0+
#358220000
b101111110111000000 [
b11 m
1%
b100000000000000000000000000000 q
1+
#358240000
0+
#358260000
0%
b101111110110111111 [
1+
#358280000
0+
#358300000
b101111110110111110 [
b100 m
1%
b1000000000000000000000000000000 q
0#
1+
#358320000
0+
#358340000
0%
b101111110110111101 [
1+
#358360000
0+
#358380000
b101111110110111100 [
b101 m
1%
b10000000000000000000000000000000 q
1+
#358400000
0+
#358420000
0%
b101111110110111011 [
1+
#358440000
0+
#358460000
b101111110110111010 [
b110 m
1%
b0 q
1#
1+
#358480000
0+
#358500000
0%
b101111110110111001 [
1+
#358520000
0+
#358540000
b101111110110111000 [
b111 m
1%
0#
1+
#358560000
0+
#358580000
b0 r
1;
1$
0%
b101111110110110111 [
1+
#358600000
0+
#358620000
b11100101 X
0_
b101111110110110110 [
1#
0;
1+
#358640000
0+
#358660000
1_
1a
1^
b11100101 ]
b11100101 e
b101111110110110101 [
1+
#358680000
0+
#358700000
b101111110110110100 [
0^
0a
b1 r
b0 m
0$
b11100101000000000000000000000000 q
1+
#358720000
0+
#358740000
b1 m
1%
b11001010000000000000000000000000 q
b101111110110110011 [
1+
#358760000
0+
#358780000
b101111110110110010 [
0%
1+
#358800000
0+
#358820000
b10 m
1%
b10010100000000000000000000000000 q
b101111110110110001 [
1+
#358840000
0+
#358860000
b101111110110110000 [
0%
1+
#358880000
0+
#358900000
b11 m
1%
b101000000000000000000000000000 q
b101111110110101111 [
1+
#358920000
0+
#358940000
b101111110110101110 [
0%
1+
#358960000
0+
#358980000
b100 m
1%
b1010000000000000000000000000000 q
0#
b101111110110101101 [
1+
#359000000
0+
#359020000
b101111110110101100 [
0%
1+
#359040000
0+
#359060000
b101 m
1%
b10100000000000000000000000000000 q
b101111110110101011 [
1+
#359080000
0+
#359100000
b101111110110101010 [
0%
1+
#359120000
0+
#359140000
b110 m
1%
b1000000000000000000000000000000 q
1#
b101111110110101001 [
1+
#359160000
0+
#359180000
b101111110110101000 [
0%
1+
#359200000
0+
#359220000
b111 m
1%
b10000000000000000000000000000000 q
0#
b101111110110100111 [
1+
#359240000
0+
#359260000
b101111110110100110 [
b0 r
1;
1$
0%
1+
#359280000
0+
#359300000
1#
0;
b11100110 X
0_
b101111110110100101 [
1+
#359320000
0+
#359340000
1_
1a
1^
b11100110 ]
b11100110 e
b101111110110100100 [
1+
#359360000
0+
#359380000
b1 r
b0 m
0$
b11100110000000000000000000000000 q
b101111110110100011 [
0^
0a
1+
#359400000
0+
#359420000
b101111110110100010 [
b1 m
1%
b11001100000000000000000000000000 q
1+
#359440000
0+
#359460000
0%
b101111110110100001 [
1+
#359480000
0+
#359500000
b101111110110100000 [
b10 m
1%
b10011000000000000000000000000000 q
1+
#359520000
0+
#359540000
0%
b101111110110011111 [
1+
#359560000
0+
#359580000
b101111110110011110 [
b11 m
1%
b110000000000000000000000000000 q
1+
#359600000
0+
#359620000
0%
b101111110110011101 [
1+
#359640000
0+
#359660000
b101111110110011100 [
b100 m
1%
b1100000000000000000000000000000 q
0#
1+
#359680000
0+
#359700000
0%
b101111110110011011 [
1+
#359720000
0+
#359740000
b101111110110011010 [
b101 m
1%
b11000000000000000000000000000000 q
1+
#359760000
0+
#359780000
0%
b101111110110011001 [
1+
#359800000
0+
#359820000
b101111110110011000 [
b110 m
1%
b10000000000000000000000000000000 q
1#
1+
#359840000
0+
#359860000
0%
b101111110110010111 [
1+
#359880000
0+
#359900000
b101111110110010110 [
b111 m
1%
b0 q
1+
#359920000
0+
#359940000
b0 r
1;
1$
0%
b101111110110010101 [
1+
#359960000
0+
#359980000
b11100111 X
0_
b101111110110010100 [
0;
1+
#360000000
0+
#360020000
1_
1a
1^
b11100111 ]
b11100111 e
b101111110110010011 [
1+
#360040000
0+
#360060000
b101111110110010010 [
0^
0a
b1 r
b0 m
0$
b11100111000000000000000000000000 q
1+
#360080000
0+
#360100000
b1 m
1%
b11001110000000000000000000000000 q
b101111110110010001 [
1+
#360120000
0+
#360140000
b101111110110010000 [
0%
1+
#360160000
0+
#360180000
b10 m
1%
b10011100000000000000000000000000 q
b101111110110001111 [
1+
#360200000
0+
#360220000
b101111110110001110 [
0%
1+
#360240000
0+
#360260000
b11 m
1%
b111000000000000000000000000000 q
b101111110110001101 [
1+
#360280000
0+
#360300000
b101111110110001100 [
0%
1+
#360320000
0+
#360340000
b100 m
1%
b1110000000000000000000000000000 q
0#
b101111110110001011 [
1+
#360360000
0+
#360380000
b101111110110001010 [
0%
1+
#360400000
0+
#360420000
b101 m
1%
b11100000000000000000000000000000 q
b101111110110001001 [
1+
#360440000
0+
#360460000
b101111110110001000 [
0%
1+
#360480000
0+
#360500000
b110 m
1%
b11000000000000000000000000000000 q
1#
b101111110110000111 [
1+
#360520000
0+
#360540000
b101111110110000110 [
0%
1+
#360560000
0+
#360580000
b111 m
1%
b10000000000000000000000000000000 q
b101111110110000101 [
1+
#360600000
0+
#360620000
b101111110110000100 [
b0 r
1;
1$
0%
1+
#360640000
0+
#360660000
0;
b11101000 X
0_
b101111110110000011 [
1+
#360680000
0+
#360700000
1_
1a
1^
b11101000 ]
b11101000 e
b101111110110000010 [
1+
#360720000
0+
#360740000
b1 r
b0 m
0$
b11101000000000000000000000000000 q
b101111110110000001 [
0^
0a
1+
#360760000
0+
#360780000
b101111110110000000 [
b1 m
1%
b11010000000000000000000000000000 q
1+
#360800000
0+
#360820000
0%
b101111110101111111 [
1+
#360840000
0+
#360860000
b101111110101111110 [
b10 m
1%
b10100000000000000000000000000000 q
1+
#360880000
0+
#360900000
0%
b101111110101111101 [
1+
#360920000
0+
#360940000
b101111110101111100 [
b11 m
1%
b1000000000000000000000000000000 q
1+
#360960000
0+
#360980000
0%
b101111110101111011 [
1+
#361000000
0+
#361020000
b101111110101111010 [
b100 m
1%
b10000000000000000000000000000000 q
0#
1+
#361040000
0+
#361060000
0%
b101111110101111001 [
1+
#361080000
0+
#361100000
b101111110101111000 [
b101 m
1%
b0 q
1#
1+
#361120000
0+
#361140000
0%
b101111110101110111 [
1+
#361160000
0+
#361180000
b101111110101110110 [
b110 m
1%
0#
1+
#361200000
0+
#361220000
0%
b101111110101110101 [
1+
#361240000
0+
#361260000
b101111110101110100 [
b111 m
1%
1+
#361280000
0+
#361300000
b0 r
1;
1$
0%
b101111110101110011 [
1+
#361320000
0+
#361340000
b11101001 X
0_
b101111110101110010 [
1#
0;
1+
#361360000
0+
#361380000
1_
1a
1^
b11101001 ]
b11101001 e
b101111110101110001 [
1+
#361400000
0+
#361420000
b101111110101110000 [
0^
0a
b1 r
b0 m
0$
b11101001000000000000000000000000 q
1+
#361440000
0+
#361460000
b1 m
1%
b11010010000000000000000000000000 q
b101111110101101111 [
1+
#361480000
0+
#361500000
b101111110101101110 [
0%
1+
#361520000
0+
#361540000
b10 m
1%
b10100100000000000000000000000000 q
b101111110101101101 [
1+
#361560000
0+
#361580000
b101111110101101100 [
0%
1+
#361600000
0+
#361620000
b11 m
1%
b1001000000000000000000000000000 q
b101111110101101011 [
1+
#361640000
0+
#361660000
b101111110101101010 [
0%
1+
#361680000
0+
#361700000
b100 m
1%
b10010000000000000000000000000000 q
0#
b101111110101101001 [
1+
#361720000
0+
#361740000
b101111110101101000 [
0%
1+
#361760000
0+
#361780000
b101 m
1%
b100000000000000000000000000000 q
1#
b101111110101100111 [
1+
#361800000
0+
#361820000
b101111110101100110 [
0%
1+
#361840000
0+
#361860000
b110 m
1%
b1000000000000000000000000000000 q
0#
b101111110101100101 [
1+
#361880000
0+
#361900000
b101111110101100100 [
0%
1+
#361920000
0+
#361940000
b111 m
1%
b10000000000000000000000000000000 q
b101111110101100011 [
1+
#361960000
0+
#361980000
b101111110101100010 [
b0 r
1;
1$
0%
1+
#362000000
0+
#362020000
1#
0;
b11101010 X
0_
b101111110101100001 [
1+
#362040000
0+
#362060000
1_
1a
1^
b11101010 ]
b11101010 e
b101111110101100000 [
1+
#362080000
0+
#362100000
b1 r
b0 m
0$
b11101010000000000000000000000000 q
b101111110101011111 [
0^
0a
1+
#362120000
0+
#362140000
b101111110101011110 [
b1 m
1%
b11010100000000000000000000000000 q
1+
#362160000
0+
#362180000
0%
b101111110101011101 [
1+
#362200000
0+
#362220000
b101111110101011100 [
b10 m
1%
b10101000000000000000000000000000 q
1+
#362240000
0+
#362260000
0%
b101111110101011011 [
1+
#362280000
0+
#362300000
b101111110101011010 [
b11 m
1%
b1010000000000000000000000000000 q
1+
#362320000
0+
#362340000
0%
b101111110101011001 [
1+
#362360000
0+
#362380000
b101111110101011000 [
b100 m
1%
b10100000000000000000000000000000 q
0#
1+
#362400000
0+
#362420000
0%
b101111110101010111 [
1+
#362440000
0+
#362460000
b101111110101010110 [
b101 m
1%
b1000000000000000000000000000000 q
1#
1+
#362480000
0+
#362500000
0%
b101111110101010101 [
1+
#362520000
0+
#362540000
b101111110101010100 [
b110 m
1%
b10000000000000000000000000000000 q
0#
1+
#362560000
0+
#362580000
0%
b101111110101010011 [
1+
#362600000
0+
#362620000
b101111110101010010 [
b111 m
1%
b0 q
1#
1+
#362640000
0+
#362660000
b0 r
1;
1$
0%
b101111110101010001 [
1+
#362680000
0+
#362700000
b11101011 X
0_
b101111110101010000 [
0;
1+
#362720000
0+
#362740000
1_
1a
1^
b11101011 ]
b11101011 e
b101111110101001111 [
1+
#362760000
0+
#362780000
b101111110101001110 [
0^
0a
b1 r
b0 m
0$
b11101011000000000000000000000000 q
1+
#362800000
0+
#362820000
b1 m
1%
b11010110000000000000000000000000 q
b101111110101001101 [
1+
#362840000
0+
#362860000
b101111110101001100 [
0%
1+
#362880000
0+
#362900000
b10 m
1%
b10101100000000000000000000000000 q
b101111110101001011 [
1+
#362920000
0+
#362940000
b101111110101001010 [
0%
1+
#362960000
0+
#362980000
b11 m
1%
b1011000000000000000000000000000 q
b101111110101001001 [
1+
#363000000
0+
#363020000
b101111110101001000 [
0%
1+
#363040000
0+
#363060000
b100 m
1%
b10110000000000000000000000000000 q
0#
b101111110101000111 [
1+
#363080000
0+
#363100000
b101111110101000110 [
0%
1+
#363120000
0+
#363140000
b101 m
1%
b1100000000000000000000000000000 q
1#
b101111110101000101 [
1+
#363160000
0+
#363180000
b101111110101000100 [
0%
1+
#363200000
0+
#363220000
b110 m
1%
b11000000000000000000000000000000 q
0#
b101111110101000011 [
1+
#363240000
0+
#363260000
b101111110101000010 [
0%
1+
#363280000
0+
#363300000
b111 m
1%
b10000000000000000000000000000000 q
1#
b101111110101000001 [
1+
#363320000
0+
#363340000
b101111110101000000 [
b0 r
1;
1$
0%
1+
#363360000
0+
#363380000
0;
b11101100 X
0_
b101111110100111111 [
1+
#363400000
0+
#363420000
1_
1a
1^
b11101100 ]
b11101100 e
b101111110100111110 [
1+
#363440000
0+
#363460000
b1 r
b0 m
0$
b11101100000000000000000000000000 q
b101111110100111101 [
0^
0a
1+
#363480000
0+
#363500000
b101111110100111100 [
b1 m
1%
b11011000000000000000000000000000 q
1+
#363520000
0+
#363540000
0%
b101111110100111011 [
1+
#363560000
0+
#363580000
b101111110100111010 [
b10 m
1%
b10110000000000000000000000000000 q
1+
#363600000
0+
#363620000
0%
b101111110100111001 [
1+
#363640000
0+
#363660000
b101111110100111000 [
b11 m
1%
b1100000000000000000000000000000 q
1+
#363680000
0+
#363700000
0%
b101111110100110111 [
1+
#363720000
0+
#363740000
b101111110100110110 [
b100 m
1%
b11000000000000000000000000000000 q
0#
1+
#363760000
0+
#363780000
0%
b101111110100110101 [
1+
#363800000
0+
#363820000
b101111110100110100 [
b101 m
1%
b10000000000000000000000000000000 q
1#
1+
#363840000
0+
#363860000
0%
b101111110100110011 [
1+
#363880000
0+
#363900000
b101111110100110010 [
b110 m
1%
b0 q
1+
#363920000
0+
#363940000
0%
b101111110100110001 [
1+
#363960000
0+
#363980000
b101111110100110000 [
b111 m
1%
0#
1+
#364000000
0+
#364020000
b0 r
1;
1$
0%
b101111110100101111 [
1+
#364040000
0+
#364060000
b11101101 X
0_
b101111110100101110 [
1#
0;
1+
#364080000
0+
#364100000
1_
1a
1^
b11101101 ]
b11101101 e
b101111110100101101 [
1+
#364120000
0+
#364140000
b101111110100101100 [
0^
0a
b1 r
b0 m
0$
b11101101000000000000000000000000 q
1+
#364160000
0+
#364180000
b1 m
1%
b11011010000000000000000000000000 q
b101111110100101011 [
1+
#364200000
0+
#364220000
b101111110100101010 [
0%
1+
#364240000
0+
#364260000
b10 m
1%
b10110100000000000000000000000000 q
b101111110100101001 [
1+
#364280000
0+
#364300000
b101111110100101000 [
0%
1+
#364320000
0+
#364340000
b11 m
1%
b1101000000000000000000000000000 q
b101111110100100111 [
1+
#364360000
0+
#364380000
b101111110100100110 [
0%
1+
#364400000
0+
#364420000
b100 m
1%
b11010000000000000000000000000000 q
0#
b101111110100100101 [
1+
#364440000
0+
#364460000
b101111110100100100 [
0%
1+
#364480000
0+
#364500000
b101 m
1%
b10100000000000000000000000000000 q
1#
b101111110100100011 [
1+
#364520000
0+
#364540000
b101111110100100010 [
0%
1+
#364560000
0+
#364580000
b110 m
1%
b1000000000000000000000000000000 q
b101111110100100001 [
1+
#364600000
0+
#364620000
b101111110100100000 [
0%
1+
#364640000
0+
#364660000
b111 m
1%
b10000000000000000000000000000000 q
0#
b101111110100011111 [
1+
#364680000
0+
#364700000
b101111110100011110 [
b0 r
1;
1$
0%
1+
#364720000
0+
#364740000
1#
0;
b11101110 X
0_
b101111110100011101 [
1+
#364760000
0+
#364780000
1_
1a
1^
b11101110 ]
b11101110 e
b101111110100011100 [
1+
#364800000
0+
#364820000
b1 r
b0 m
0$
b11101110000000000000000000000000 q
b101111110100011011 [
0^
0a
1+
#364840000
0+
#364860000
b101111110100011010 [
b1 m
1%
b11011100000000000000000000000000 q
1+
#364880000
0+
#364900000
0%
b101111110100011001 [
1+
#364920000
0+
#364940000
b101111110100011000 [
b10 m
1%
b10111000000000000000000000000000 q
1+
#364960000
0+
#364980000
0%
b101111110100010111 [
1+
#365000000
0+
#365020000
b101111110100010110 [
b11 m
1%
b1110000000000000000000000000000 q
1+
#365040000
0+
#365060000
0%
b101111110100010101 [
1+
#365080000
0+
#365100000
b101111110100010100 [
b100 m
1%
b11100000000000000000000000000000 q
0#
1+
#365120000
0+
#365140000
0%
b101111110100010011 [
1+
#365160000
0+
#365180000
b101111110100010010 [
b101 m
1%
b11000000000000000000000000000000 q
1#
1+
#365200000
0+
#365220000
0%
b101111110100010001 [
1+
#365240000
0+
#365260000
b101111110100010000 [
b110 m
1%
b10000000000000000000000000000000 q
1+
#365280000
0+
#365300000
0%
b101111110100001111 [
1+
#365320000
0+
#365340000
b101111110100001110 [
b111 m
1%
b0 q
1+
#365360000
0+
#365380000
b0 r
1;
1$
0%
b101111110100001101 [
1+
#365400000
0+
#365420000
b11101111 X
0_
b101111110100001100 [
0;
1+
#365440000
0+
#365460000
1_
1a
1^
b11101111 ]
b11101111 e
b101111110100001011 [
1+
#365480000
0+
#365500000
b101111110100001010 [
0^
0a
b1 r
b0 m
0$
b11101111000000000000000000000000 q
1+
#365520000
0+
#365540000
b1 m
1%
b11011110000000000000000000000000 q
b101111110100001001 [
1+
#365560000
0+
#365580000
b101111110100001000 [
0%
1+
#365600000
0+
#365620000
b10 m
1%
b10111100000000000000000000000000 q
b101111110100000111 [
1+
#365640000
0+
#365660000
b101111110100000110 [
0%
1+
#365680000
0+
#365700000
b11 m
1%
b1111000000000000000000000000000 q
b101111110100000101 [
1+
#365720000
0+
#365740000
b101111110100000100 [
0%
1+
#365760000
0+
#365780000
b100 m
1%
b11110000000000000000000000000000 q
0#
b101111110100000011 [
1+
#365800000
0+
#365820000
b101111110100000010 [
0%
1+
#365840000
0+
#365860000
b101 m
1%
b11100000000000000000000000000000 q
1#
b101111110100000001 [
1+
#365880000
0+
#365900000
b101111110100000000 [
0%
1+
#365920000
0+
#365940000
b110 m
1%
b11000000000000000000000000000000 q
b101111110011111111 [
1+
#365960000
0+
#365980000
b101111110011111110 [
0%
1+
#366000000
0+
#366020000
b111 m
1%
b10000000000000000000000000000000 q
b101111110011111101 [
1+
#366040000
0+
#366060000
b101111110011111100 [
b0 r
1;
1$
0%
1+
#366080000
0+
#366100000
0;
b11110000 X
0_
b101111110011111011 [
1+
#366120000
0+
#366140000
1_
1a
1^
b11110000 ]
b11110000 e
b101111110011111010 [
1+
#366160000
0+
#366180000
b1 r
b0 m
0$
b11110000000000000000000000000000 q
b101111110011111001 [
0^
0a
1+
#366200000
0+
#366220000
b101111110011111000 [
b1 m
1%
b11100000000000000000000000000000 q
1+
#366240000
0+
#366260000
0%
b101111110011110111 [
1+
#366280000
0+
#366300000
b101111110011110110 [
b10 m
1%
b11000000000000000000000000000000 q
1+
#366320000
0+
#366340000
0%
b101111110011110101 [
1+
#366360000
0+
#366380000
b101111110011110100 [
b11 m
1%
b10000000000000000000000000000000 q
1+
#366400000
0+
#366420000
0%
b101111110011110011 [
1+
#366440000
0+
#366460000
b101111110011110010 [
b100 m
1%
b0 q
1+
#366480000
0+
#366500000
0%
b101111110011110001 [
1+
#366520000
0+
#366540000
b101111110011110000 [
b101 m
1%
0#
1+
#366560000
0+
#366580000
0%
b101111110011101111 [
1+
#366600000
0+
#366620000
b101111110011101110 [
b110 m
1%
1+
#366640000
0+
#366660000
0%
b101111110011101101 [
1+
#366680000
0+
#366700000
b101111110011101100 [
b111 m
1%
1+
#366720000
0+
#366740000
b0 r
1;
1$
0%
b101111110011101011 [
1+
#366760000
0+
#366780000
b11110001 X
0_
b101111110011101010 [
1#
0;
1+
#366800000
0+
#366820000
1_
1a
1^
b11110001 ]
b11110001 e
b101111110011101001 [
1+
#366840000
0+
#366860000
b101111110011101000 [
0^
0a
b1 r
b0 m
0$
b11110001000000000000000000000000 q
1+
#366880000
0+
#366900000
b1 m
1%
b11100010000000000000000000000000 q
b101111110011100111 [
1+
#366920000
0+
#366940000
b101111110011100110 [
0%
1+
#366960000
0+
#366980000
b10 m
1%
b11000100000000000000000000000000 q
b101111110011100101 [
1+
#367000000
0+
#367020000
b101111110011100100 [
0%
1+
#367040000
0+
#367060000
b11 m
1%
b10001000000000000000000000000000 q
b101111110011100011 [
1+
#367080000
0+
#367100000
b101111110011100010 [
0%
1+
#367120000
0+
#367140000
b100 m
1%
b10000000000000000000000000000 q
b101111110011100001 [
1+
#367160000
0+
#367180000
b101111110011100000 [
0%
1+
#367200000
0+
#367220000
b101 m
1%
b100000000000000000000000000000 q
0#
b101111110011011111 [
1+
#367240000
0+
#367260000
b101111110011011110 [
0%
1+
#367280000
0+
#367300000
b110 m
1%
b1000000000000000000000000000000 q
b101111110011011101 [
1+
#367320000
0+
#367340000
b101111110011011100 [
0%
1+
#367360000
0+
#367380000
b111 m
1%
b10000000000000000000000000000000 q
b101111110011011011 [
1+
#367400000
0+
#367420000
b101111110011011010 [
b0 r
1;
1$
0%
1+
#367440000
0+
#367460000
1#
0;
b11110010 X
0_
b101111110011011001 [
1+
#367480000
0+
#367500000
1_
1a
1^
b11110010 ]
b11110010 e
b101111110011011000 [
1+
#367520000
0+
#367540000
b1 r
b0 m
0$
b11110010000000000000000000000000 q
b101111110011010111 [
0^
0a
1+
#367560000
0+
#367580000
b101111110011010110 [
b1 m
1%
b11100100000000000000000000000000 q
1+
#367600000
0+
#367620000
0%
b101111110011010101 [
1+
#367640000
0+
#367660000
b101111110011010100 [
b10 m
1%
b11001000000000000000000000000000 q
1+
#367680000
0+
#367700000
0%
b101111110011010011 [
1+
#367720000
0+
#367740000
b101111110011010010 [
b11 m
1%
b10010000000000000000000000000000 q
1+
#367760000
0+
#367780000
0%
b101111110011010001 [
1+
#367800000
0+
#367820000
b101111110011010000 [
b100 m
1%
b100000000000000000000000000000 q
1+
#367840000
0+
#367860000
0%
b101111110011001111 [
1+
#367880000
0+
#367900000
b101111110011001110 [
b101 m
1%
b1000000000000000000000000000000 q
0#
1+
#367920000
0+
#367940000
0%
b101111110011001101 [
1+
#367960000
0+
#367980000
b101111110011001100 [
b110 m
1%
b10000000000000000000000000000000 q
1+
#368000000
0+
#368020000
0%
b101111110011001011 [
1+
#368040000
0+
#368060000
b101111110011001010 [
b111 m
1%
b0 q
1#
1+
#368080000
0+
#368100000
b0 r
1;
1$
0%
b101111110011001001 [
1+
#368120000
0+
#368140000
b11110011 X
0_
b101111110011001000 [
0;
1+
#368160000
0+
#368180000
1_
1a
1^
b11110011 ]
b11110011 e
b101111110011000111 [
1+
#368200000
0+
#368220000
b101111110011000110 [
0^
0a
b1 r
b0 m
0$
b11110011000000000000000000000000 q
1+
#368240000
0+
#368260000
b1 m
1%
b11100110000000000000000000000000 q
b101111110011000101 [
1+
#368280000
0+
#368300000
b101111110011000100 [
0%
1+
#368320000
0+
#368340000
b10 m
1%
b11001100000000000000000000000000 q
b101111110011000011 [
1+
#368360000
0+
#368380000
b101111110011000010 [
0%
1+
#368400000
0+
#368420000
b11 m
1%
b10011000000000000000000000000000 q
b101111110011000001 [
1+
#368440000
0+
#368460000
b101111110011000000 [
0%
1+
#368480000
0+
#368500000
b100 m
1%
b110000000000000000000000000000 q
b101111110010111111 [
1+
#368520000
0+
#368540000
b101111110010111110 [
0%
1+
#368560000
0+
#368580000
b101 m
1%
b1100000000000000000000000000000 q
0#
b101111110010111101 [
1+
#368600000
0+
#368620000
b101111110010111100 [
0%
1+
#368640000
0+
#368660000
b110 m
1%
b11000000000000000000000000000000 q
b101111110010111011 [
1+
#368680000
0+
#368700000
b101111110010111010 [
0%
1+
#368720000
0+
#368740000
b111 m
1%
b10000000000000000000000000000000 q
1#
b101111110010111001 [
1+
#368760000
0+
#368780000
b101111110010111000 [
b0 r
1;
1$
0%
1+
#368800000
0+
#368820000
0;
b11110100 X
0_
b101111110010110111 [
1+
#368840000
0+
#368860000
1_
1a
1^
b11110100 ]
b11110100 e
b101111110010110110 [
1+
#368880000
0+
#368900000
b1 r
b0 m
0$
b11110100000000000000000000000000 q
b101111110010110101 [
0^
0a
1+
#368920000
0+
#368940000
b101111110010110100 [
b1 m
1%
b11101000000000000000000000000000 q
1+
#368960000
0+
#368980000
0%
b101111110010110011 [
1+
#369000000
0+
#369020000
b101111110010110010 [
b10 m
1%
b11010000000000000000000000000000 q
1+
#369040000
0+
#369060000
0%
b101111110010110001 [
1+
#369080000
0+
#369100000
b101111110010110000 [
b11 m
1%
b10100000000000000000000000000000 q
1+
#369120000
0+
#369140000
0%
b101111110010101111 [
1+
#369160000
0+
#369180000
b101111110010101110 [
b100 m
1%
b1000000000000000000000000000000 q
1+
#369200000
0+
#369220000
0%
b101111110010101101 [
1+
#369240000
0+
#369260000
b101111110010101100 [
b101 m
1%
b10000000000000000000000000000000 q
0#
1+
#369280000
0+
#369300000
0%
b101111110010101011 [
1+
#369320000
0+
#369340000
b101111110010101010 [
b110 m
1%
b0 q
1#
1+
#369360000
0+
#369380000
0%
b101111110010101001 [
1+
#369400000
0+
#369420000
b101111110010101000 [
b111 m
1%
0#
1+
#369440000
0+
#369460000
b0 r
1;
1$
0%
b101111110010100111 [
1+
#369480000
0+
#369500000
b11110101 X
0_
b101111110010100110 [
1#
0;
1+
#369520000
0+
#369540000
1_
1a
1^
b11110101 ]
b11110101 e
b101111110010100101 [
1+
#369560000
0+
#369580000
b101111110010100100 [
0^
0a
b1 r
b0 m
0$
b11110101000000000000000000000000 q
1+
#369600000
0+
#369620000
b1 m
1%
b11101010000000000000000000000000 q
b101111110010100011 [
1+
#369640000
0+
#369660000
b101111110010100010 [
0%
1+
#369680000
0+
#369700000
b10 m
1%
b11010100000000000000000000000000 q
b101111110010100001 [
1+
#369720000
0+
#369740000
b101111110010100000 [
0%
1+
#369760000
0+
#369780000
b11 m
1%
b10101000000000000000000000000000 q
b101111110010011111 [
1+
#369800000
0+
#369820000
b101111110010011110 [
0%
1+
#369840000
0+
#369860000
b100 m
1%
b1010000000000000000000000000000 q
b101111110010011101 [
1+
#369880000
0+
#369900000
b101111110010011100 [
0%
1+
#369920000
0+
#369940000
b101 m
1%
b10100000000000000000000000000000 q
0#
b101111110010011011 [
1+
#369960000
0+
#369980000
b101111110010011010 [
0%
1+
#370000000
0+
#370020000
b110 m
1%
b1000000000000000000000000000000 q
1#
b101111110010011001 [
1+
#370040000
0+
#370060000
b101111110010011000 [
0%
1+
#370080000
0+
#370100000
b111 m
1%
b10000000000000000000000000000000 q
0#
b101111110010010111 [
1+
#370120000
0+
#370140000
b101111110010010110 [
b0 r
1;
1$
0%
1+
#370160000
0+
#370180000
1#
0;
b11110110 X
0_
b101111110010010101 [
1+
#370200000
0+
#370220000
1_
1a
1^
b11110110 ]
b11110110 e
b101111110010010100 [
1+
#370240000
0+
#370260000
b1 r
b0 m
0$
b11110110000000000000000000000000 q
b101111110010010011 [
0^
0a
1+
#370280000
0+
#370300000
b101111110010010010 [
b1 m
1%
b11101100000000000000000000000000 q
1+
#370320000
0+
#370340000
0%
b101111110010010001 [
1+
#370360000
0+
#370380000
b101111110010010000 [
b10 m
1%
b11011000000000000000000000000000 q
1+
#370400000
0+
#370420000
0%
b101111110010001111 [
1+
#370440000
0+
#370460000
b101111110010001110 [
b11 m
1%
b10110000000000000000000000000000 q
1+
#370480000
0+
#370500000
0%
b101111110010001101 [
1+
#370520000
0+
#370540000
b101111110010001100 [
b100 m
1%
b1100000000000000000000000000000 q
1+
#370560000
0+
#370580000
0%
b101111110010001011 [
1+
#370600000
0+
#370620000
b101111110010001010 [
b101 m
1%
b11000000000000000000000000000000 q
0#
1+
#370640000
0+
#370660000
0%
b101111110010001001 [
1+
#370680000
0+
#370700000
b101111110010001000 [
b110 m
1%
b10000000000000000000000000000000 q
1#
1+
#370720000
0+
#370740000
0%
b101111110010000111 [
1+
#370760000
0+
#370780000
b101111110010000110 [
b111 m
1%
b0 q
1+
#370800000
0+
#370820000
b0 r
1;
1$
0%
b101111110010000101 [
1+
#370840000
0+
#370860000
b11110111 X
0_
b101111110010000100 [
0;
1+
#370880000
0+
#370900000
1_
1a
1^
b11110111 ]
b11110111 e
b101111110010000011 [
1+
#370920000
0+
#370940000
b101111110010000010 [
0^
0a
b1 r
b0 m
0$
b11110111000000000000000000000000 q
1+
#370960000
0+
#370980000
b1 m
1%
b11101110000000000000000000000000 q
b101111110010000001 [
1+
#371000000
0+
#371020000
b101111110010000000 [
0%
1+
#371040000
0+
#371060000
b10 m
1%
b11011100000000000000000000000000 q
b101111110001111111 [
1+
#371080000
0+
#371100000
b101111110001111110 [
0%
1+
#371120000
0+
#371140000
b11 m
1%
b10111000000000000000000000000000 q
b101111110001111101 [
1+
#371160000
0+
#371180000
b101111110001111100 [
0%
1+
#371200000
0+
#371220000
b100 m
1%
b1110000000000000000000000000000 q
b101111110001111011 [
1+
#371240000
0+
#371260000
b101111110001111010 [
0%
1+
#371280000
0+
#371300000
b101 m
1%
b11100000000000000000000000000000 q
0#
b101111110001111001 [
1+
#371320000
0+
#371340000
b101111110001111000 [
0%
1+
#371360000
0+
#371380000
b110 m
1%
b11000000000000000000000000000000 q
1#
b101111110001110111 [
1+
#371400000
0+
#371420000
b101111110001110110 [
0%
1+
#371440000
0+
#371460000
b111 m
1%
b10000000000000000000000000000000 q
b101111110001110101 [
1+
#371480000
0+
#371500000
b101111110001110100 [
b0 r
1;
1$
0%
1+
#371520000
0+
#371540000
0;
b11111000 X
0_
b101111110001110011 [
1+
#371560000
0+
#371580000
1_
1a
1^
b11111000 ]
b11111000 e
b101111110001110010 [
1+
#371600000
0+
#371620000
b1 r
b0 m
0$
b11111000000000000000000000000000 q
b101111110001110001 [
0^
0a
1+
#371640000
0+
#371660000
b101111110001110000 [
b1 m
1%
b11110000000000000000000000000000 q
1+
#371680000
0+
#371700000
0%
b101111110001101111 [
1+
#371720000
0+
#371740000
b101111110001101110 [
b10 m
1%
b11100000000000000000000000000000 q
1+
#371760000
0+
#371780000
0%
b101111110001101101 [
1+
#371800000
0+
#371820000
b101111110001101100 [
b11 m
1%
b11000000000000000000000000000000 q
1+
#371840000
0+
#371860000
0%
b101111110001101011 [
1+
#371880000
0+
#371900000
b101111110001101010 [
b100 m
1%
b10000000000000000000000000000000 q
1+
#371920000
0+
#371940000
0%
b101111110001101001 [
1+
#371960000
0+
#371980000
b101111110001101000 [
b101 m
1%
b0 q
1+
#372000000
0+
#372020000
0%
b101111110001100111 [
1+
#372040000
0+
#372060000
b101111110001100110 [
b110 m
1%
0#
1+
#372080000
0+
#372100000
0%
b101111110001100101 [
1+
#372120000
0+
#372140000
b101111110001100100 [
b111 m
1%
1+
#372160000
0+
#372180000
b0 r
1;
1$
0%
b101111110001100011 [
1+
#372200000
0+
#372220000
b11111001 X
0_
b101111110001100010 [
1#
0;
1+
#372240000
0+
#372260000
1_
1a
1^
b11111001 ]
b11111001 e
b101111110001100001 [
1+
#372280000
0+
#372300000
b101111110001100000 [
0^
0a
b1 r
b0 m
0$
b11111001000000000000000000000000 q
1+
#372320000
0+
#372340000
b1 m
1%
b11110010000000000000000000000000 q
b101111110001011111 [
1+
#372360000
0+
#372380000
b101111110001011110 [
0%
1+
#372400000
0+
#372420000
b10 m
1%
b11100100000000000000000000000000 q
b101111110001011101 [
1+
#372440000
0+
#372460000
b101111110001011100 [
0%
1+
#372480000
0+
#372500000
b11 m
1%
b11001000000000000000000000000000 q
b101111110001011011 [
1+
#372520000
0+
#372540000
b101111110001011010 [
0%
1+
#372560000
0+
#372580000
b100 m
1%
b10010000000000000000000000000000 q
b101111110001011001 [
1+
#372600000
0+
#372620000
b101111110001011000 [
0%
1+
#372640000
0+
#372660000
b101 m
1%
b100000000000000000000000000000 q
b101111110001010111 [
1+
#372680000
0+
#372700000
b101111110001010110 [
0%
1+
#372720000
0+
#372740000
b110 m
1%
b1000000000000000000000000000000 q
0#
b101111110001010101 [
1+
#372760000
0+
#372780000
b101111110001010100 [
0%
1+
#372800000
0+
#372820000
b111 m
1%
b10000000000000000000000000000000 q
b101111110001010011 [
1+
#372840000
0+
#372860000
b101111110001010010 [
b0 r
1;
1$
0%
1+
#372880000
0+
#372900000
1#
0;
b11111010 X
0_
b101111110001010001 [
1+
#372920000
0+
#372940000
1_
1a
1^
b11111010 ]
b11111010 e
b101111110001010000 [
1+
#372960000
0+
#372980000
b1 r
b0 m
0$
b11111010000000000000000000000000 q
b101111110001001111 [
0^
0a
1+
#373000000
0+
#373020000
b101111110001001110 [
b1 m
1%
b11110100000000000000000000000000 q
1+
#373040000
0+
#373060000
0%
b101111110001001101 [
1+
#373080000
0+
#373100000
b101111110001001100 [
b10 m
1%
b11101000000000000000000000000000 q
1+
#373120000
0+
#373140000
0%
b101111110001001011 [
1+
#373160000
0+
#373180000
b101111110001001010 [
b11 m
1%
b11010000000000000000000000000000 q
1+
#373200000
0+
#373220000
0%
b101111110001001001 [
1+
#373240000
0+
#373260000
b101111110001001000 [
b100 m
1%
b10100000000000000000000000000000 q
1+
#373280000
0+
#373300000
0%
b101111110001000111 [
1+
#373320000
0+
#373340000
b101111110001000110 [
b101 m
1%
b1000000000000000000000000000000 q
1+
#373360000
0+
#373380000
0%
b101111110001000101 [
1+
#373400000
0+
#373420000
b101111110001000100 [
b110 m
1%
b10000000000000000000000000000000 q
0#
1+
#373440000
0+
#373460000
0%
b101111110001000011 [
1+
#373480000
0+
#373500000
b101111110001000010 [
b111 m
1%
b0 q
1#
1+
#373520000
0+
#373540000
b0 r
1;
1$
0%
b101111110001000001 [
1+
#373560000
0+
#373580000
b11111011 X
0_
b101111110001000000 [
0;
1+
#373600000
0+
#373620000
1_
1a
1^
b11111011 ]
b11111011 e
b101111110000111111 [
1+
#373640000
0+
#373660000
b101111110000111110 [
0^
0a
b1 r
b0 m
0$
b11111011000000000000000000000000 q
1+
#373680000
0+
#373700000
b1 m
1%
b11110110000000000000000000000000 q
b101111110000111101 [
1+
#373720000
0+
#373740000
b101111110000111100 [
0%
1+
#373760000
0+
#373780000
b10 m
1%
b11101100000000000000000000000000 q
b101111110000111011 [
1+
#373800000
0+
#373820000
b101111110000111010 [
0%
1+
#373840000
0+
#373860000
b11 m
1%
b11011000000000000000000000000000 q
b101111110000111001 [
1+
#373880000
0+
#373900000
b101111110000111000 [
0%
1+
#373920000
0+
#373940000
b100 m
1%
b10110000000000000000000000000000 q
b101111110000110111 [
1+
#373960000
0+
#373980000
b101111110000110110 [
0%
1+
#374000000
0+
#374020000
b101 m
1%
b1100000000000000000000000000000 q
b101111110000110101 [
1+
#374040000
0+
#374060000
b101111110000110100 [
0%
1+
#374080000
0+
#374100000
b110 m
1%
b11000000000000000000000000000000 q
0#
b101111110000110011 [
1+
#374120000
0+
#374140000
b101111110000110010 [
0%
1+
#374160000
0+
#374180000
b111 m
1%
b10000000000000000000000000000000 q
1#
b101111110000110001 [
1+
#374200000
0+
#374220000
b101111110000110000 [
b0 r
1;
1$
0%
1+
#374240000
0+
#374260000
0;
b11111100 X
0_
b101111110000101111 [
1+
#374280000
0+
#374300000
1_
1a
1^
b11111100 ]
b11111100 e
b101111110000101110 [
1+
#374320000
0+
#374340000
b1 r
b0 m
0$
b11111100000000000000000000000000 q
b101111110000101101 [
0^
0a
1+
#374360000
0+
#374380000
b101111110000101100 [
b1 m
1%
b11111000000000000000000000000000 q
1+
#374400000
0+
#374420000
0%
b101111110000101011 [
1+
#374440000
0+
#374460000
b101111110000101010 [
b10 m
1%
b11110000000000000000000000000000 q
1+
#374480000
0+
#374500000
0%
b101111110000101001 [
1+
#374520000
0+
#374540000
b101111110000101000 [
b11 m
1%
b11100000000000000000000000000000 q
1+
#374560000
0+
#374580000
0%
b101111110000100111 [
1+
#374600000
0+
#374620000
b101111110000100110 [
b100 m
1%
b11000000000000000000000000000000 q
1+
#374640000
0+
#374660000
0%
b101111110000100101 [
1+
#374680000
0+
#374700000
b101111110000100100 [
b101 m
1%
b10000000000000000000000000000000 q
1+
#374720000
0+
#374740000
0%
b101111110000100011 [
1+
#374760000
0+
#374780000
b101111110000100010 [
b110 m
1%
b0 q
1+
#374800000
0+
#374820000
0%
b101111110000100001 [
1+
#374840000
0+
#374860000
b101111110000100000 [
b111 m
1%
0#
1+
#374880000
0+
#374900000
b0 r
1;
1$
0%
b101111110000011111 [
1+
#374920000
0+
#374940000
b11111101 X
0_
b101111110000011110 [
1#
0;
1+
#374960000
0+
#374980000
1_
1a
1^
b11111101 ]
b11111101 e
b101111110000011101 [
1+
#375000000
0+
#375020000
b101111110000011100 [
0^
0a
b1 r
b0 m
0$
b11111101000000000000000000000000 q
1+
#375040000
0+
#375060000
b1 m
1%
b11111010000000000000000000000000 q
b101111110000011011 [
1+
#375080000
0+
#375100000
b101111110000011010 [
0%
1+
#375120000
0+
#375140000
b10 m
1%
b11110100000000000000000000000000 q
b101111110000011001 [
1+
#375160000
0+
#375180000
b101111110000011000 [
0%
1+
#375200000
0+
#375220000
b11 m
1%
b11101000000000000000000000000000 q
b101111110000010111 [
1+
#375240000
0+
#375260000
b101111110000010110 [
0%
1+
#375280000
0+
#375300000
b100 m
1%
b11010000000000000000000000000000 q
b101111110000010101 [
1+
#375320000
0+
#375340000
b101111110000010100 [
0%
1+
#375360000
0+
#375380000
b101 m
1%
b10100000000000000000000000000000 q
b101111110000010011 [
1+
#375400000
0+
#375420000
b101111110000010010 [
0%
1+
#375440000
0+
#375460000
b110 m
1%
b1000000000000000000000000000000 q
b101111110000010001 [
1+
#375480000
0+
#375500000
b101111110000010000 [
0%
1+
#375520000
0+
#375540000
b111 m
1%
b10000000000000000000000000000000 q
0#
b101111110000001111 [
1+
#375560000
0+
#375580000
b101111110000001110 [
b0 r
1;
1$
0%
1+
#375600000
0+
#375620000
1#
0;
b11111110 X
0_
b101111110000001101 [
1+
#375640000
0+
#375660000
1_
1a
1^
b11111110 ]
b11111110 e
b101111110000001100 [
1+
#375680000
0+
#375700000
b1 r
b0 m
0$
b11111110000000000000000000000000 q
b101111110000001011 [
0^
0a
1+
#375720000
0+
#375740000
b101111110000001010 [
b1 m
1%
b11111100000000000000000000000000 q
1+
#375760000
0+
#375780000
0%
b101111110000001001 [
1+
#375800000
0+
#375820000
b101111110000001000 [
b10 m
1%
b11111000000000000000000000000000 q
1+
#375840000
0+
#375860000
0%
b101111110000000111 [
1+
#375880000
0+
#375900000
b101111110000000110 [
b11 m
1%
b11110000000000000000000000000000 q
1+
#375920000
0+
#375940000
0%
b101111110000000101 [
1+
#375960000
0+
#375980000
b101111110000000100 [
b100 m
1%
b11100000000000000000000000000000 q
1+
#376000000
0+
#376020000
0%
b101111110000000011 [
1+
#376040000
0+
#376060000
b101111110000000010 [
b101 m
1%
b11000000000000000000000000000000 q
1+
#376080000
0+
#376100000
0%
b101111110000000001 [
1+
#376120000
0+
#376140000
b101111110000000000 [
b110 m
1%
b10000000000000000000000000000000 q
1+
#376160000
0+
#376180000
0%
b101111101111111111 [
1+
#376200000
0+
#376220000
b101111101111111110 [
b111 m
1%
b0 q
1+
#376240000
0+
#376260000
b0 r
1;
1$
0%
b101111101111111101 [
1+
#376280000
0+
#376300000
b11111111 X
0_
b101111101111111100 [
0;
1+
#376320000
0+
#376340000
1_
1a
b11111111 ]
b11111111 e
b101111101111111011 [
1+
#376360000
0+
#376380000
b101111101111111010 [
0a
b1 r
b0 m
0$
b11111111000000000000000000000000 q
1+
#376400000
0+
#376420000
b1 m
1%
b11111110000000000000000000000000 q
b101111101111111001 [
1+
#376440000
0+
#376460000
b101111101111111000 [
0%
1+
#376480000
0+
#376500000
b10 m
1%
b11111100000000000000000000000000 q
b101111101111110111 [
1+
#376520000
0+
#376540000
b101111101111110110 [
0%
1+
#376560000
0+
#376580000
b11 m
1%
b11111000000000000000000000000000 q
b101111101111110101 [
1+
#376600000
0+
#376620000
b101111101111110100 [
0%
1+
#376640000
0+
#376660000
b100 m
1%
b11110000000000000000000000000000 q
b101111101111110011 [
1+
#376680000
0+
#376700000
b101111101111110010 [
0%
1+
#376720000
0+
#376740000
b101 m
1%
b11100000000000000000000000000000 q
b101111101111110001 [
1+
#376760000
0+
#376780000
b101111101111110000 [
0%
1+
#376800000
0+
#376820000
b110 m
1%
b11000000000000000000000000000000 q
b101111101111101111 [
1+
#376840000
0+
#376860000
b101111101111101110 [
0%
1+
#376880000
0+
#376900000
b111 m
1%
b10000000000000000000000000000000 q
b101111101111101101 [
1+
#376920000
0+
#376940000
b101111101111101100 [
b0 r
1;
1$
0%
1+
#376960000
0+
#376980000
0;
b100000000 X
0_
b101111101111101011 [
1+
#377000000
0+
#377020000
b1000 b
b101111101111101010 [
1+
#377040000
0+
#377060000
1_
1a
1^
b101 ]
b101 e
b101111101111101001 [
b1000 /
1+
#377080000
0+
#377100000
b101111101111101000 [
0^
0a
b1 r
b0 m
0$
b101000000000000000000000000 q
1+
#377120000
0+
#377140000
b1 m
1%
b1010000000000000000000000000 q
0#
b101111101111100111 [
1+
#377160000
0+
#377180000
b101111101111100110 [
0%
1+
#377200000
0+
#377220000
b10 m
1%
b10100000000000000000000000000 q
b101111101111100101 [
1+
#377240000
0+
#377260000
b101111101111100100 [
0%
1+
#377280000
0+
#377300000
b11 m
1%
b101000000000000000000000000000 q
b101111101111100011 [
1+
#377320000
0+
#377340000
b101111101111100010 [
0%
1+
#377360000
0+
#377380000
b100 m
1%
b1010000000000000000000000000000 q
b101111101111100001 [
1+
#377400000
0+
#377420000
b101111101111100000 [
0%
1+
#377440000
0+
#377460000
b101 m
1%
b10100000000000000000000000000000 q
b101111101111011111 [
1+
#377480000
0+
#377500000
b101111101111011110 [
0%
1+
#377520000
0+
#377540000
b110 m
1%
b1000000000000000000000000000000 q
1#
b101111101111011101 [
1+
#377560000
0+
#377580000
b101111101111011100 [
0%
1+
#377600000
0+
#377620000
b111 m
1%
b10000000000000000000000000000000 q
0#
b101111101111011011 [
1+
#377640000
0+
#377660000
b101111101111011010 [
b0 r
1;
1$
0%
1+
#377680000
0+
#377700000
1#
0;
b1001 b
0_
b101111101111011001 [
1+
#377720000
0+
#377740000
b1001 /
1_
1a
b0 ]
b0 e
b101111101111011000 [
1+
#377760000
0+
#377780000
b1 r
b0 m
0$
b0 q
b101111101111010111 [
0a
1+
#377800000
0+
#377820000
b101111101111010110 [
b1 m
1%
0#
1+
#377840000
0+
#377860000
0%
b101111101111010101 [
1+
#377880000
0+
#377900000
b101111101111010100 [
b10 m
1%
1+
#377920000
0+
#377940000
0%
b101111101111010011 [
1+
#377960000
0+
#377980000
b101111101111010010 [
b11 m
1%
1+
#378000000
0+
#378020000
0%
b101111101111010001 [
1+
#378040000
0+
#378060000
b101111101111010000 [
b100 m
1%
1+
#378080000
0+
#378100000
0%
b101111101111001111 [
1+
#378120000
0+
#378140000
b101111101111001110 [
b101 m
1%
1+
#378160000
0+
#378180000
0%
b101111101111001101 [
1+
#378200000
0+
#378220000
b101111101111001100 [
b110 m
1%
1+
#378240000
0+
#378260000
0%
b101111101111001011 [
1+
#378280000
0+
#378300000
b101111101111001010 [
b111 m
1%
1+
#378320000
0+
#378340000
b0 r
1;
1$
0%
b101111101111001001 [
1+
#378360000
0+
#378380000
b0 b
0W
0_
b101111101111001000 [
1#
0;
1+
#378400000
0+
#378420000
b0 /
1+
#378440000
0+
#378460000
1:
1>
13
1,
b10000000000000111000000000000 *
b10000000000000111000000000000 7
1+
#378480000
0+
#378500000
1'
1+
#378520000
0+
#378540000
1'
1+
#378560000
0+
#378580000
0>
0:
b0 *
b0 7
03
0,
1'
1+
